entry	end	size	name	prototype
00200008	002000ab	164	ENTRYPOINT	undefined ENTRYPOINT()
002000b0	002000b7	8	_exit	void _exit(int __status)
002000b8	002000bf	8	_root	undefined _root()
002000c0	0020013b	124	bossCheckParm	undefined bossCheckParm()
00200140	0020017f	64	bossIsNextParm	undefined bossIsNextParm()
00200180	002001c3	68	bossGetNextParm	undefined bossGetNextParm()
002001c8	0020025f	152	bossMakeAll	undefined bossMakeAll()
00200260	002002ff	160	sjeGsSetDefDBuff	undefined sjeGsSetDefDBuff()
00200300	0020032b	44	sjeGsSetHalfOffset	undefined sjeGsSetHalfOffset()
00200330	0020033f	16	sjeGsSwapDBuff	undefined sjeGsSwapDBuff()
00200340	00200607	712	bossMake	undefined bossMake()
00200608	00200627	32	bossDmaFromSpr	undefined bossDmaFromSpr()
00200628	0020062f	8	bossTurtleCpu	undefined bossTurtleCpu()
00200630	00200637	8	bossTurtleGs	undefined bossTurtleGs()
00200638	00200c3b	1540	bossMainLoop	undefined bossMainLoop()
00200c40	00200c47	8	bossScreenDump	undefined bossScreenDump()
00200c48	00200f0b	708	cpuMain	undefined cpuMain()
00200f10	00200f1b	12	lockupalarm	undefined lockupalarm()
00200f20	00201193	628	gsMain	undefined gsMain()
00201198	0020132b	404	vblIntHandler	undefined vblIntHandler()
00201330	00201367	56	gsIntHandler	undefined gsIntHandler()
00201368	002013af	72	checkstring	undefined checkstring()
002013b0	0020187f	1232	main	undefined main()
00201880	00201a5b	476	clearvram	undefined clearvram()
00201a60	00201abb	92	memMark	undefined memMark()
00201ac0	00201b33	116	memCheck	undefined memCheck()
00201b38	00201ba3	108	memMake	undefined memMake()
00201ba8	00201baf	8	memRestart	undefined memRestart()
00201bb0	00201c0f	96	memReset	undefined memReset()
00201c10	00201c33	36	memEnd	undefined memEnd()
00201c38	00201d33	252	memAlloc	undefined memAlloc()
00201d38	00201dcf	152	memAllocAlign64	undefined memAllocAlign64()
00201dd0	00201e4b	124	memFree	undefined memFree()
00201e50	00201e6f	32	memLocalFree	undefined memLocalFree()
00201e70	00201e7f	16	memGetFreeLevel	undefined memGetFreeLevel()
00201e80	00201e8f	16	memGetFreeEter	undefined memGetFreeEter()
00201e90	00201e97	8	memPrintFree	undefined memPrintFree()
00201e98	00201ef3	92	memdbRestart	undefined memdbRestart()
00201ef8	00201f4b	84	memdbReset	undefined memdbReset()
00201f50	00201f73	36	memdbTick	undefined memdbTick()
00201f78	00201f93	28	memdbAlloc	undefined memdbAlloc()
00201f98	00201fa3	12	memdbPrintFree	undefined memdbPrintFree()
00201fa8	0020200b	100	textPreload	undefined textPreload()
00202010	002020ab	156	textRestart	undefined textRestart()
002020b0	00202263	436	textReset	undefined textReset()
00202268	0020226f	8	textEnd	undefined textEnd()
00202270	002022a3	52	textSelect	undefined textSelect()
002022a8	002023af	264	GetXOffset	undefined GetXOffset()
002023b0	002024ef	320	textOutline	undefined textOutline()
002024f0	00202a33	1348	textPrint	undefined textPrint()
00202a38	00202a5f	40	textWidth	undefined textWidth()
00202a60	00202a87	40	textHeight	undefined textHeight()
00202a88	00202d57	720	textSize	undefined textSize()
00202d58	00202d8f	56	replayReset	undefined replayReset()
00202d90	00202feb	604	replayTick	undefined replayTick()
00202ff0	0020302f	64	joyNum	undefined joyNum()
00203030	00203087	88	joyUpdatePorts	undefined joyUpdatePorts()
00203088	00203137	176	joyFixVal	undefined joyFixVal()
00203138	002031a3	108	controllerOpen	undefined controllerOpen()
002031a8	002035a7	1024	controllerTick	undefined controllerTick()
002035a8	0020360b	100	joyMtapTick	undefined joyMtapTick()
00203610	00203623	20	joyMtapGetSlots	undefined joyMtapGetSlots()
00203628	0020365f	56	set_cheat	undefined set_cheat()
00203660	00203683	36	cheat1	undefined cheat1()
00203688	0020368f	8	setcheat1	undefined setcheat1()
00203690	00203697	8	setcheat2	undefined setcheat2()
00203698	0020369f	8	setcheat3	undefined setcheat3()
002036a0	002036a7	8	setcheat4	undefined setcheat4()
002036a8	002036af	8	setcheat5	undefined setcheat5()
002036b0	002037f7	328	cheatTick	undefined cheatTick()
002037f8	0020385b	100	joyTick	undefined joyTick()
00203860	002038e7	136	joyBut	undefined joyBut()
002038e8	00203963	124	joyNewBut	undefined joyNewBut()
00203968	002039e3	124	joyReleaseBut	undefined joyReleaseBut()
002039e8	00203a87	160	joyClearButs	undefined joyClearButs()
00203a88	00203b2f	168	joyClearAll	undefined joyClearAll()
00203b30	00203bb7	136	joySetCentreZone	undefined joySetCentreZone()
00203bb8	00203cbf	264	joyGetAxis	undefined joyGetAxis()
00203cc0	00203d6f	176	joySetShock	undefined joySetShock()
00203d70	00203deb	124	joyGetShockLeft	undefined joyGetShockLeft()
00203df0	00203e6b	124	joyGetShockRight	undefined joyGetShockRight()
00203e70	00203e9f	48	joyNewButLOCAL	undefined joyNewButLOCAL()
00203ea0	00203edb	60	joyButLOCAL	undefined joyButLOCAL()
00203ee0	00203f9f	192	joyGetAxisLOCAL	undefined joyGetAxisLOCAL()
00203fa0	0020405b	188	joyMake	undefined joyMake()
00204060	00204087	40	BuffAddu8	undefined BuffAddu8()
00204088	002040b7	48	BuffAddu16	undefined BuffAddu16()
002040b8	002040e7	48	BuffAddu32	undefined BuffAddu32()
002040e8	00204117	48	BuffAddfloat	undefined BuffAddfloat()
00204118	0020413b	36	BuffRemoveu8	undefined BuffRemoveu8()
00204140	0020416b	44	BuffRemoveu16	undefined BuffRemoveu16()
00204170	0020419b	44	BuffRemoveu32	undefined BuffRemoveu32()
002041a0	002041cb	44	BuffRemovefloat	undefined BuffRemovefloat()
002041d0	002042af	224	PutControllerInBuff	undefined PutControllerInBuff()
002042b0	0020438f	224	GetControllerFromBuff	undefined GetControllerFromBuff()
00204390	002043e3	84	GetControllerNumber	undefined GetControllerNumber()
002043e8	0020445b	116	soundMake	undefined soundMake()
00204460	00204477	24	soundSelectBuffer	undefined soundSelectBuffer()
00204478	0020449b	36	soundResetBuffer	undefined soundResetBuffer()
002044a0	002044bf	32	soundCreateBuffer	undefined soundCreateBuffer()
002044c0	0020464f	400	soundRestart	undefined soundRestart()
00204650	00204743	244	soundReset	undefined soundReset()
00204748	0020474f	8	soundRestartAfter	undefined soundRestartAfter()
00204750	002047c7	120	soundResetAfter	undefined soundResetAfter()
002047c8	002048b3	236	soundPreload	undefined soundPreload()
002048b8	002048f7	64	soundEnd	undefined soundEnd()
002048f8	00204903	12	soundSetChannel	undefined soundSetChannel()
00204908	0020494f	72	soundBatchAdd	undefined soundBatchAdd()
00204950	002049b3	100	soundBatchExec	undefined soundBatchExec()
002049b8	002049bf	8	soundBatchReset	undefined soundBatchReset()
002049c0	00204c73	692	soundCalcVol	undefined soundCalcVol()
00204c78	00204ebb	580	announceTick	undefined announceTick()
00204ec0	002052b3	1012	soundTick	undefined soundTick()
002052b8	0020549b	484	soundLoad	undefined soundLoad()
002054a0	002054bb	28	soundStop	undefined soundStop()
002054c0	00205513	84	soundDelayStop	undefined soundDelayStop()
00205518	0020553b	36	soundStart	undefined soundStart()
00205540	00205593	84	getNextChannel	undefined getNextChannel()
00205598	00205807	624	soundStartRange	undefined soundStartRange()
00205808	002058c3	188	soundDelayStartEx	undefined soundDelayStartEx()
002058c8	002058eb	36	soundStartLoop	undefined soundStartLoop()
002058f0	002059cb	220	soundStartLoopRange	undefined soundStartLoopRange()
002059d0	00205a07	56	soundSetLoopPos	undefined soundSetLoopPos()
00205a08	00205a4f	72	soundAddPreLoad	undefined soundAddPreLoad()
00205a50	00205a9f	80	musicOpen	undefined musicOpen()
00205aa0	00205acf	48	musicClose	undefined musicClose()
00205ad0	00205ad7	8	musicGetState	undefined musicGetState()
00205ad8	00205b1f	72	musicStart	undefined musicStart()
00205b20	00205b5f	64	musicStop	undefined musicStop()
00205b60	00205b67	8	musicPrintState	undefined musicPrintState()
00205b68	00205b8b	36	musicDefinitelyStopped	undefined musicDefinitelyStopped()
00205b90	00205bd3	68	musicStopClose	undefined musicStopClose()
00205bd8	00205bf3	28	musicSetVol	undefined musicSetVol()
00205bf8	00205c37	64	musicSetFrontEndVolume	undefined musicSetFrontEndVolume()
00205c38	00205c77	64	musicMake	undefined musicMake()
00205c78	00205ce3	108	musicRestart	undefined musicRestart()
00205ce8	00205cef	8	musicReset	undefined musicReset()
00205cf0	00205d0b	28	musicEnd	undefined musicEnd()
00205d10	00205d87	120	musicTick	undefined musicTick()
00205d88	00205de3	92	stream_RPCinit	undefined stream_RPCinit()
00205de8	00205e87	160	stream_RPC	undefined stream_RPC()
00205e88	00205f93	268	calcPitches	undefined calcPitches()
00205f98	00205ffb	100	getNote	undefined getNote()
00206000	00206023	36	setcursound	undefined setcursound()
00206028	002062bf	664	sounddataSave	undefined sounddataSave()
002062c0	00206577	696	menutick	undefined menutick()
00206578	002067cb	596	pagedrawbg	undefined pagedrawbg()
002067d0	00206803	52	soundselect_pageDraw	undefined soundselect_pageDraw()
00206808	00206b07	768	soundselect_pageTick	undefined soundselect_pageTick()
00206b08	00206b67	96	message_pageDraw	undefined message_pageDraw()
00206b68	00206b8b	36	defaultmessagetick	undefined defaultmessagetick()
00206b90	00206be7	88	message_pageTick	undefined message_pageTick()
00206be8	00206d17	304	startMessage	undefined startMessage()
00206d18	00206e57	320	envelope_draw	undefined envelope_draw()
00206e58	00206ffb	420	adsrvalue_draw	undefined adsrvalue_draw()
00207000	002073bb	956	main_pageDraw	undefined main_pageDraw()
002073c0	0020778f	976	main_pageTick	undefined main_pageTick()
00207790	002077d7	72	soundtoolStart	undefined soundtoolStart()
002077d8	00207a2b	596	makeIconSys	undefined makeIconSys()
00207a30	00207a5b	44	mcardIconClusters	undefined mcardIconClusters()
00207a60	00207a67	8	mcardMake	undefined mcardMake()
00207a68	00207ac7	96	mcardReset	undefined mcardReset()
00207ac8	00207acf	8	mcardEnd	undefined mcardEnd()
00207ad0	00208be7	4376	mcardTick	undefined mcardTick()
00208be8	00208c17	48	mcunformat	undefined mcunformat()
00208c18	00208c33	28	mcardCheckCards	undefined mcardCheckCards()
00208c38	00208c43	12	mcardSelectCard	undefined mcardSelectCard()
00208c48	00208c57	16	mcardFormat	undefined mcardFormat()
00208c58	00208c6f	24	mcardGetEntSpace	undefined mcardGetEntSpace()
00208c70	00208cfb	140	mcardMkdir	undefined mcardMkdir()
00208d00	00208d6b	108	mcardCheckDir	undefined mcardCheckDir()
00208d70	00208d9f	48	mcardFileExists	undefined mcardFileExists()
00208da0	00208e03	100	mcardFileRead	undefined mcardFileRead()
00208e08	00208e7b	116	mcardFileWrite	undefined mcardFileWrite()
00208e80	00208eaf	48	mcardFileDelete	undefined mcardFileDelete()
00208eb0	00208eb7	8	mcardGetResult	undefined mcardGetResult()
00208eb8	00208ebf	8	memcardFileSize	undefined memcardFileSize()
00208ec0	00208ee7	40	memcardFileAlloc	undefined memcardFileAlloc()
00208ee8	00208f2b	68	memcardFileMakeCRC	undefined memcardFileMakeCRC()
00208f30	00208f6b	60	memcardFileCheck	undefined memcardFileCheck()
00208f70	0020914b	476	hittestMoveCircleToPoint	undefined hittestMoveCircleToPoint()
00209150	0020949b	844	hittestMoveCircleToLine	undefined hittestMoveCircleToLine()
002094a0	002095b7	280	hittestMoveCircleToCircle	undefined hittestMoveCircleToCircle()
002095b8	0020963f	136	hittestBoxBox	undefined hittestBoxBox()
00209640	00209813	468	hittestLineBox	undefined hittestLineBox()
00209818	00209b07	752	hittestLineTri	undefined hittestLineTri()
00209b08	00209dc7	704	hittestLinePoly	undefined hittestLinePoly()
00209dc8	0020a07f	696	hittestLineCyl	undefined hittestLineCyl()
0020a080	0020a8d7	2136	HitTestLineCylinder	undefined HitTestLineCylinder()
0020a8d8	0020aa7b	420	HitTestLineSphere	undefined HitTestLineSphere()
0020aa80	0020aceb	620	HitTestLineBox	undefined HitTestLineBox()
0020acf0	0020adcb	220	HitTestDistancePointToLineSquared	undefined HitTestDistancePointToLineSquared()
0020add0	0020af1f	336	HitTestDistancePointToLineSegmentSquared	undefined HitTestDistancePointToLineSegmentSquared()
0020af20	0020b1a7	648	HitTestDistanceLineSegmentToPlane	undefined HitTestDistanceLineSegmentToPlane()
0020b1a8	0020c0fb	3924	HitTestDistanceLineSegmentToLineSegmentSquared	undefined HitTestDistanceLineSegmentToLineSegmentSquared()
0020c100	0020c323	548	viewTick	undefined viewTick()
0020c328	0020c373	76	windowMake	undefined windowMake()
0020c378	0020c40b	148	windowRestart	undefined windowRestart()
0020c410	0020c417	8	windowReset	undefined windowReset()
0020c418	0020c41f	8	windowEnd	undefined windowEnd()
0020c420	0020c513	244	windowSet	undefined windowSet()
0020c518	0020c5cf	184	windowSave	undefined windowSave()
0020c5d0	0020c7df	528	windowSwitch	undefined windowSwitch()
0020c7e0	0020c7e7	8	windowTick	undefined windowTick()
0020c7e8	0020c93b	340	windowGfx	undefined windowGfx()
0020c940	0020c9a7	104	toggledebug	undefined toggledebug()
0020c9a8	0020ca1f	120	focusnext	undefined focusnext()
0020ca20	0020ca8f	112	focusprev	undefined focusprev()
0020ca90	0020ca9f	16	istext	undefined istext()
0020caa0	0020cabf	32	gettextfromfunction	undefined gettextfromfunction()
0020cac0	0020cb4f	144	menuitemCalcSize	undefined menuitemCalcSize()
0020cb50	0020cc23	212	menuitemCalcPos	undefined menuitemCalcPos()
0020cc28	0020ccdb	180	menuitemInit	undefined menuitemInit()
0020cce0	0020cd9f	192	menuStart	undefined menuStart()
0020cda0	0020ce13	116	menuEnd	undefined menuEnd()
0020ce18	0020cefb	228	menuTick	undefined menuTick()
0020cf00	0020cff3	244	menuitemGfx	undefined menuitemGfx()
0020cff8	0020d3cf	984	menuGfx	undefined menuGfx()
0020d3d0	0020d413	68	menuDefMsgWaitFunc	undefined menuDefMsgWaitFunc()
0020d418	0020d443	44	menuStartMessage	undefined menuStartMessage()
0020d448	0020d453	12	menuEndMessage	undefined menuEndMessage()
0020d458	0020d523	204	menuTextBoxGfx	undefined menuTextBoxGfx()
0020d528	0020d52f	8	startmoveview	undefined startmoveview()
0020d530	0020d55b	44	getmoveview	undefined getmoveview()
0020d560	0020d567	8	startgameview	undefined startgameview()
0020d568	0020d58f	40	getgameview	undefined getgameview()
0020d590	0020d597	8	startthirdpersonview	undefined startthirdpersonview()
0020d598	0020d5c3	44	getthirdpersonview	undefined getthirdpersonview()
0020d5c8	0020d623	92	cyclepropview	undefined cyclepropview()
0020d628	0020d6df	184	getpropview	undefined getpropview()
0020d6e0	0020d6f3	20	toggledisplaypos	undefined toggledisplaypos()
0020d6f8	0020d713	28	getdisplaypos	undefined getdisplaypos()
0020d718	0020d74b	52	exitlevel	undefined exitlevel()
0020d750	0020d773	36	toggleinvincible	undefined toggleinvincible()
0020d778	0020d793	28	getinvincible	undefined getinvincible()
0020d798	0020d7ab	20	toggleinvisible	undefined toggleinvisible()
0020d7b0	0020d7cb	28	getinvisible	undefined getinvisible()
0020d7d0	0020d7e3	20	togglecollisions	undefined togglecollisions()
0020d7e8	0020d803	28	getcollisions	undefined getcollisions()
0020d808	0020d80f	8	notdone	undefined notdone()
0020d810	0020d823	20	toggledisplayspeed	undefined toggledisplayspeed()
0020d828	0020d83b	20	toggledisplayperfstats	undefined toggledisplayperfstats()
0020d840	0020d853	20	toggledisplayrooms	undefined toggledisplayrooms()
0020d858	0020d873	28	getdisplayspeed	undefined getdisplayspeed()
0020d878	0020d893	28	getdisplayperfstats	undefined getdisplayperfstats()
0020d898	0020d8b3	28	getdisplayrooms	undefined getdisplayrooms()
0020d8b8	0020d8cb	20	toggleviewportals	undefined toggleviewportals()
0020d8d0	0020d8eb	28	getviewportals	undefined getviewportals()
0020d8f0	0020d903	20	toggleviewportalrects	undefined toggleviewportalrects()
0020d908	0020d923	28	getviewportalrects	undefined getviewportalrects()
0020d928	0020d93b	20	toggleviewfloors	undefined toggleviewfloors()
0020d940	0020d95b	28	getviewfloors	undefined getviewfloors()
0020d960	0020d973	20	toggleviewwalls	undefined toggleviewwalls()
0020d978	0020d993	28	getviewwalls	undefined getviewwalls()
0020d998	0020d9ab	20	toggleviewvolumes	undefined toggleviewvolumes()
0020d9b0	0020d9cb	28	getviewvolumes	undefined getviewvolumes()
0020d9d0	0020d9e3	20	toggleviewguns	undefined toggleviewguns()
0020d9e8	0020da03	28	getviewguns	undefined getviewguns()
0020da08	0020da1b	20	toggleviewbg	undefined toggleviewbg()
0020da20	0020da3b	28	getviewbg	undefined getviewbg()
0020da40	0020da57	24	togglepadlinkedit	undefined togglepadlinkedit()
0020da58	0020da73	28	getpadlinkedit	undefined getpadlinkedit()
0020da78	0020da8f	24	togglepropedit	undefined togglepropedit()
0020da90	0020daab	28	getpropedit	undefined getpropedit()
0020dab0	0020dacb	28	getturtlecpu	undefined getturtlecpu()
0020dad0	0020daeb	28	getturtlegs	undefined getturtlegs()
0020daf0	0020db03	20	toggleturtlecpu	undefined toggleturtlecpu()
0020db08	0020db1b	20	toggleturtlegs	undefined toggleturtlegs()
0020db20	0020db27	8	debugmenuSetJoyMode	undefined debugmenuSetJoyMode()
0020db28	0020db2f	8	debugmenuGetJoyMode	undefined debugmenuGetJoyMode()
0020db30	0020db37	8	displayspeedGfx	undefined displayspeedGfx()
0020db38	0020db3f	8	displayperfstatsGfx	undefined displayperfstatsGfx()
0020db40	0020db47	8	displayposGfx	undefined displayposGfx()
0020db48	0020db5b	20	debugmenuStart	undefined debugmenuStart()
0020db60	0020db8f	48	debugmenuTick	undefined debugmenuTick()
0020db90	0020dbeb	92	debugmenuGfx	undefined debugmenuGfx()
0020dbf0	0020dc43	84	debugmenuEnd	undefined debugmenuEnd()
0020dc48	0020dd53	268	topmenuTick	undefined topmenuTick()
0020dd58	0020e18b	1076	topmenuGfx	undefined topmenuGfx()
0020e190	0020e1e7	88	inPage	undefined inPage()
0020e1e8	0020e23f	88	outPage	undefined outPage()
0020e240	0020e59b	860	ingame_menutick	undefined ingame_menutick()
0020e5a0	0020ec0f	1648	drawRankingsTable	undefined drawRankingsTable()
0020ec10	0020ecdb	204	controlOnChange	undefined controlOnChange()
0020ece0	0020eeef	528	customcontrols_makemenu	undefined customcontrols_makemenu()
0020eef0	0020f26b	892	setupcontrols_pageGfx	undefined setupcontrols_pageGfx()
0020f270	0020f497	552	setupcontrols_pageTick	undefined setupcontrols_pageTick()
0020f498	0020f4c3	44	aimmode_onchange	undefined aimmode_onchange()
0020f4c8	0020f4f3	44	crouchmode_onchange	undefined crouchmode_onchange()
0020f4f8	0020f523	44	lookahead_onchange	undefined lookahead_onchange()
0020f528	0020f553	44	invlook_onchange	undefined invlook_onchange()
0020f558	0020f56f	24	config_onchange	undefined config_onchange()
0020f570	0020f5d3	100	setup_vars	undefined setup_vars()
0020f5d8	0020f5df	8	setup_pageGfx	undefined setup_pageGfx()
0020f5e0	0020f7ef	528	setup_pageTick	undefined setup_pageTick()
0020f7f0	0020f81b	44	autoaim_onchange	undefined autoaim_onchange()
0020f820	0020f833	20	wpchange_onchange	undefined wpchange_onchange()
0020f838	0020f86b	52	vibration_onchange	undefined vibration_onchange()
0020f870	0020f8d3	100	vibmode_onchange	undefined vibmode_onchange()
0020f8d8	0020f983	172	prefs_vars	undefined prefs_vars()
0020f988	0020f98f	8	prefs_pageGfx	undefined prefs_pageGfx()
0020f990	0020fa6f	224	prefs_pageTick	undefined prefs_pageTick()
0020fa70	0020fb77	264	confirmendgame_pageTick	undefined confirmendgame_pageTick()
0020fb78	0020fc9f	296	endgame_pageTick	undefined endgame_pageTick()
0020fca0	002103eb	1868	drawStats	undefined drawStats()
002103f0	0021076b	892	drawAwards	undefined drawAwards()
00210770	002108b3	324	drawRetryQuit	undefined drawRetryQuit()
002108b8	0021090f	88	tickRetryQuit	undefined tickRetryQuit()
00210910	00210fbb	1708	challenge_pageGfx	undefined challenge_pageGfx()
00210fc0	00210fc7	8	challenge_pageTick	undefined challenge_pageTick()
00210fc8	00211017	80	mainsetup_pageTick	undefined mainsetup_pageTick()
00211018	002110bb	164	drawPause	undefined drawPause()
002110c0	002110c7	8	pause_pageGfx	undefined pause_pageGfx()
002110c8	002110cf	8	pause_pageTick	undefined pause_pageTick()
002110d0	002114d3	1028	drawStoryCompleted	undefined drawStoryCompleted()
002114d8	0021162b	340	StoryGetBriefing	undefined StoryGetBriefing()
00211630	0021198f	864	drawStoryNotCompleted	undefined drawStoryNotCompleted()
00211990	002119c7	56	story_pageGfx	undefined story_pageGfx()
002119c8	00211aa3	220	story_pageTick	undefined story_pageTick()
00211aa8	00211ce3	572	drawEscortCompleted	undefined drawEscortCompleted()
00211ce8	00211cef	8	drawEscortNotCompleted	undefined drawEscortNotCompleted()
00211cf0	0021200f	800	drawLastStand	undefined drawLastStand()
00212010	00212073	100	scores_pageGfx	undefined scores_pageGfx()
00212078	002120b3	60	scores_pageTick	undefined scores_pageTick()
002120b8	002122bb	516	main_pageGfx	undefined main_pageGfx()
002122c0	0021249f	480	main_pageTick	undefined main_pageTick()
002124a0	002124a7	8	ingamemenuPreload	undefined ingamemenuPreload()
002124a8	0021251b	116	ingamemenuRestart	undefined ingamemenuRestart()
00212520	00212537	24	ingamemenuReset	undefined ingamemenuReset()
00212538	0021288f	856	ingamemenuRoot	undefined ingamemenuRoot()
00212890	0021292b	156	setRootPages	undefined setRootPages()
00212930	002129df	176	ingamemenuStart	undefined ingamemenuStart()
002129e0	00212a8f	176	ingamemenuPause	undefined ingamemenuPause()
00212a90	00212ae3	84	ingamemenuClear	undefined ingamemenuClear()
00212ae8	00212b97	176	ingamemenuExit	undefined ingamemenuExit()
00212b98	00212ceb	340	ingamemenuCheckUnpause	undefined ingamemenuCheckUnpause()
00212cf0	00212cf7	8	ingamemenuEnd	undefined ingamemenuEnd()
00212cf8	00212e07	272	animUpdate	undefined animUpdate()
00212e08	002143af	5544	calMatrices	undefined calMatrices()
002143b0	002147df	1072	calPropMatrices	undefined calPropMatrices()
002147e0	00214973	404	loadAnimation	undefined loadAnimation()
00214978	00214993	28	setAnimProp	undefined setAnimProp()
00214998	002149af	24	getAnimation	undefined getAnimation()
002149b0	00214a83	212	calGlobalMatrices	undefined calGlobalMatrices()
00214a88	00214b53	204	calDoubleFillets	undefined calDoubleFillets()
00214b58	00214c4b	244	calDoubleFilletTrans	undefined calDoubleFilletTrans()
00214c50	00214d63	272	getKeyFrames	undefined getKeyFrames()
00214d68	0021527b	1300	setAnim	undefined setAnim()
00215280	0021541f	416	extractAnimData	undefined extractAnimData()
00215420	0021558b	364	extractAnimRoot	undefined extractAnimRoot()
00215590	002156ff	368	extractAnimRootData	undefined extractAnimRootData()
00215700	00215713	20	anim_LoadMatrix	undefined anim_LoadMatrix()
00215718	0021571f	8	anim_SetMatrixArray	undefined anim_SetMatrixArray()
00215720	002157e7	200	anim_SetModelview	undefined anim_SetModelview()
002157e8	002157fb	20	anim_PopModelview	undefined anim_PopModelview()
00215800	0021581f	32	anim_GetModelview	undefined anim_GetModelview()
00215820	002158b3	148	curAnim	undefined curAnim()
002158b8	00215a0f	344	curAnimBases	undefined curAnimBases()
00215a10	00215a83	116	curAnimSlot1	undefined curAnimSlot1()
00215a88	00215afb	116	curAnimSlot2	undefined curAnimSlot2()
00215b00	00215b1b	28	curAnimComplete	undefined curAnimComplete()
00215b20	00215b3f	32	curAnimSpeed	undefined curAnimSpeed()
00215b40	00215b4b	12	animHitReact	undefined animHitReact()
00215b50	00215cb3	356	animHitReactUpdate	undefined animHitReactUpdate()
00215cb8	00215d2f	120	loadSkeleton	undefined loadSkeleton()
00215d30	00215d37	8	animRestart	undefined animRestart()
00215d38	0021683f	2824	animReset	undefined animReset()
00216840	00219c03	13252	animMake	undefined animMake()
00219c08	00219cc7	192	animTest	undefined animTest()
00219cc8	00219f0b	580	fileLoadCD	undefined fileLoadCD()
00219f10	0021a14b	572	packfileLoad	undefined packfileLoad()
0021a150	0021a283	308	packfileSeek	undefined packfileSeek()
0021a288	0021a2eb	100	fileGetMem	undefined fileGetMem()
0021a2f0	0021a2f7	8	pause	int pause(void)
0021a2f8	0021a333	60	fileGetSector	undefined fileGetSector()
0021a338	0021a3f3	188	fileSize	undefined fileSize()
0021a3f8	0021a487	144	fileLoad	undefined fileLoad()
0021a488	0021a597	272	fileLoadTo	undefined fileLoadTo()
0021a598	0021a5f7	96	fileSave	undefined fileSave()
0021a5f8	0021a683	140	fileCopy	undefined fileCopy()
0021a688	0021a6eb	100	packfileMake	undefined packfileMake()
0021a6f0	0021a6f7	8	packfileRestart	undefined packfileRestart()
0021a6f8	0021a723	44	packfileReset	undefined packfileReset()
0021a728	0021a74b	36	packfileEnd	undefined packfileEnd()
0021a750	0021a79b	76	AllocMem	undefined AllocMem()
0021a7a0	0021a7ab	12	AllocReset	undefined AllocReset()
0021a7b0	0021ad93	1504	huft_build	undefined huft_build()
0021ad98	0021b2df	1348	inflate_codes	undefined inflate_codes()
0021b2e0	0021b4db	508	inflate_stored	undefined inflate_stored()
0021b4e0	0021b65b	380	inflate_fixed	undefined inflate_fixed()
0021b660	0021bd33	1748	inflate_dynamic	undefined inflate_dynamic()
0021bd38	0021be87	336	inflate_block	undefined inflate_block()
0021be88	0021becb	68	FlushOut	undefined FlushOut()
0021bed0	0021c12f	608	GetHeader	undefined GetHeader()
0021c130	0021c1af	128	Inflate	undefined Inflate()
0021c1b0	0021c1f7	72	fileInflate	undefined fileInflate()
0021c1f8	0021c23b	68	preloadReset	undefined preloadReset()
0021c240	0021c2d3	148	preloadInsert	undefined preloadInsert()
0021c2d8	0021c34f	120	preloadAddFile	undefined preloadAddFile()
0021c350	0021c3e7	152	preloadAddOb	undefined preloadAddOb()
0021c3e8	0021c47f	152	preloadAddTexName	undefined preloadAddTexName()
0021c480	0021c4ff	128	preloadAddTexNum	undefined preloadAddTexNum()
0021c500	0021c593	148	preloadGetFile	undefined preloadGetFile()
0021c598	0021c62f	152	preloadGetOb	undefined preloadGetOb()
0021c630	0021c6c7	152	preloadGetTexName	undefined preloadGetTexName()
0021c6c8	0021c723	92	preloadGetTexNum	undefined preloadGetTexNum()
0021c728	0021c83f	280	preloadExec	undefined preloadExec()
0021c840	0021c8cf	144	preloadPass2Insert	undefined preloadPass2Insert()
0021c8d0	0021c903	52	preloadPass2AddTexNum	undefined preloadPass2AddTexNum()
0021c908	0021c947	64	preloadPass2Exec	undefined preloadPass2Exec()
0021c948	0021ca0b	196	gameGetTeamName	undefined gameGetTeamName()
0021ca10	0021caab	156	gameFormatBagTagTime	undefined gameFormatBagTagTime()
0021cab0	0021cc2b	380	gameFormatTime	undefined gameFormatTime()
0021cc30	0021ccc3	148	gameModeDisplayRank	undefined gameModeDisplayRank()
0021ccc8	0021cccf	8	UnlockCombo	undefined UnlockCombo()
0021ccd0	0021ccd7	8	UnlockCombo2	undefined UnlockCombo2()
0021ccd8	0021d093	956	gameStatusUpdated	undefined gameStatusUpdated()
0021d098	0021d31f	648	gameEndLevelSound	undefined gameEndLevelSound()
0021d320	0021d333	20	gameLevelRestart	undefined gameLevelRestart()
0021d338	0021d347	16	gameLevelQuit	undefined gameLevelQuit()
0021d348	0021d3cf	136	gameLevelCompleted	undefined gameLevelCompleted()
0021d3d0	0021d463	148	gmStoryTick	undefined gmStoryTick()
0021d468	0021d783	796	gmDeathmatchTick	undefined gmDeathmatchTick()
0021d788	0021d937	432	gmBagTagTick	undefined gmBagTagTick()
0021d938	0021d9b7	128	gmCtfTick	undefined gmCtfTick()
0021d9b8	0021daab	244	knockoutSetup	undefined knockoutSetup()
0021dab0	0021dd73	708	gmKnockOutTick	undefined gmKnockOutTick()
0021dd78	0021de23	168	gmEscortSetup	undefined gmEscortSetup()
0021de28	0021de67	64	gmEscorteeReachedDest	undefined gmEscorteeReachedDest()
0021de68	0021df57	240	gmEscortTick	undefined gmEscortTick()
0021df58	0021df8b	52	getLastStandInfo	undefined getLastStandInfo()
0021df90	0021e013	132	gmLastStandAllBasesDestroyed	undefined gmLastStandAllBasesDestroyed()
0021e018	0021e31f	776	gmLastStandTick	undefined gmLastStandTick()
0021e320	0021e36b	76	gameGetRankTeam	undefined gameGetRankTeam()
0021e370	0021e3bb	76	gameGetRankChr	undefined gameGetRankChr()
0021e3c0	0021e7a7	1000	gameLevelTick	undefined gameLevelTick()
0021e7a8	0021e8c7	288	gameDeferedReset	undefined gameDeferedReset()
0021e8c8	0021ea8f	456	gameRestart	undefined gameRestart()
0021ea90	0021ede3	852	gameReset	undefined gameReset()
0021ede8	0021eeb3	204	gameResetAfter	undefined gameResetAfter()
0021eeb8	0021f037	384	gameTick	undefined gameTick()
0021f038	0021f043	12	gameEnd	undefined gameEnd()
0021f048	0021f05b	20	challengeGetSetupNum	undefined challengeGetSetupNum()
0021f060	0021f07b	28	challengeGetSetup	undefined challengeGetSetup()
0021f080	0021f087	8	challengeGetScore	undefined challengeGetScore()
0021f088	0021f163	220	challengeIsBestScore	undefined challengeIsBestScore()
0021f168	0021f2ab	324	challengeFormatScore	undefined challengeFormatScore()
0021f2b0	0021f30f	96	challengeGetScoreCondition	undefined challengeGetScoreCondition()
0021f310	0021f317	8	challengeRestart	undefined challengeRestart()
0021f318	0021f37f	104	GetChallengeTimeLeft	undefined GetChallengeTimeLeft()
0021f380	0021f53b	444	challengeGetDisplayScore	undefined challengeGetDisplayScore()
0021f540	0021f77b	572	challengeGetDisplayFailed	undefined challengeGetDisplayFailed()
0021f780	0021f803	132	DisplayChallengeDebug	undefined DisplayChallengeDebug()
0021f808	0021f903	252	challengeMessagesTick	undefined challengeMessagesTick()
0021f908	0021fbeb	740	challengeTick	undefined challengeTick()
0021fbf0	0021fc83	148	playerprefsNew	undefined playerprefsNew()
0021fc88	0021ffaf	808	statsCombine	undefined statsCombine()
0021ffb0	0021ffb7	8	statsGet	undefined statsGet()
0021ffb8	0022000f	88	statsGetPlayer	undefined statsGetPlayer()
00220010	0022007b	108	statsDebug	undefined statsDebug()
00220080	002201d3	340	statsNew	undefined statsNew()
002201d8	00220207	48	settingsGet	undefined settingsGet()
00220208	0022020f	8	settingsNew	undefined settingsNew()
00220210	0022023f	48	signonFileGetFree	undefined signonFileGetFree()
00220240	0022026f	48	signonGetFree	undefined signonGetFree()
00220270	002202bb	76	signonMakeFileId	undefined signonMakeFileId()
002202c0	0022035b	156	signonNew	undefined signonNew()
00220360	002203c3	100	signonFileGetName	undefined signonFileGetName()
002203c8	00220443	124	signonGetName	undefined signonGetName()
00220448	002204f3	168	signonCheckSlot	undefined signonCheckSlot()
002204f8	00220707	528	signonAddFile	undefined signonAddFile()
00220708	00220737	48	signonFileCount	undefined signonFileCount()
00220738	0022078f	88	signonFileDelete	undefined signonFileDelete()
00220790	002207ab	28	signonFileSize	undefined signonFileSize()
002207b0	0022088b	220	signonDelete	undefined signonDelete()
00220890	002208c7	56	signonCount	undefined signonCount()
002208c8	0022092b	100	signonMemCount	undefined signonMemCount()
00220930	00220947	24	signonSet	undefined signonSet()
00220948	002209d7	144	signonMake	undefined signonMake()
002209d8	00220a2b	84	debugsignon	undefined debugsignon()
00220a30	00220a47	24	signonGet	undefined signonGet()
00220a48	00220ac3	124	StatsReset	undefined StatsReset()
00220ac8	00220b9b	212	StatsResetStruct	undefined StatsResetStruct()
00220ba0	00220ba7	8	StatsRestart	undefined StatsRestart()
00220ba8	00220bc3	28	StatsTick	undefined StatsTick()
00220bc8	002211a7	1504	StatsKillMade	undefined StatsKillMade()
002211a8	00221297	72	StatsBodyPartHit	undefined StatsBodyPartHit()
00221298	00221333	156	StatsGetMax	undefined StatsGetMax()
00221338	002213d3	156	StatsGetMin	undefined StatsGetMin()
002213d8	00221467	144	StatsGetAverage	undefined StatsGetAverage()
00221468	0022190f	1192	StatsCalc	undefined StatsCalc()
00221910	00223ddb	9372	StatsCalcMedals	undefined StatsCalcMedals()
00223de0	00223e5f	128	StatsSet	undefined StatsSet()
00223e60	00223ee7	136	StatsAdd	undefined StatsAdd()
00223ee8	00223f73	140	StatsGet	undefined StatsGet()
00223f78	0022401b	164	StatsGetGun	undefined StatsGetGun()
00224020	0022410f	240	StatsGetChar	undefined StatsGetChar()
00224110	002241a7	152	StatsSetGun	undefined StatsSetGun()
002241a8	0022424b	164	StatsAddGun	undefined StatsAddGun()
00224250	00224333	228	StatsSetChar	undefined StatsSetChar()
00224338	00224427	240	StatsAddChar	undefined StatsAddChar()
00224428	002244cb	164	StatsLifeReset	undefined StatsLifeReset()
002244d0	00224877	936	StatsAddToLife	undefined StatsAddToLife()
00224878	00224b1f	680	StatsGetOverallLifestats	undefined StatsGetOverallLifestats()
00224b20	00224b5f	64	StatsGetAward	undefined StatsGetAward()
00224b60	00224bab	76	StatsGetNumAwards	undefined StatsGetNumAwards()
00224bb0	00224bfb	76	chrPlayable	undefined chrPlayable()
00224c00	00224d57	344	chrAvail	undefined chrAvail()
00224d58	00224dcb	116	levelAvailSTORY	undefined levelAvailSTORY()
00224dd0	00224f1f	336	levelAvail	undefined levelAvail()
00224f20	0022500b	236	botsetAvail	undefined botsetAvail()
00225010	00225033	36	challengeModeAvail	undefined challengeModeAvail()
00225038	00225133	252	challengeAvail	undefined challengeAvail()
00225138	002251a7	112	unlockedset	undefined unlockedset()
002251a8	00225507	864	unlockedEx	undefined unlockedEx()
00225508	002255a7	160	cheatsUpdate	undefined cheatsUpdate()
002255a8	002255af	8	cheatsChrSelect	undefined cheatsChrSelect()
002255b0	0022560b	92	cheatsArcade	undefined cheatsArcade()
00225610	0022566b	92	cheatsStory	undefined cheatsStory()
00225670	0022567b	12	cheatsMake	undefined cheatsMake()
00225680	002256db	92	cheatsReset	undefined cheatsReset()
002256e0	00225717	56	demoMakeHeader	undefined demoMakeHeader()
00225718	0022573b	36	demoFileName	undefined demoFileName()
00225740	00225783	68	demoLoad	undefined demoLoad()
00225788	0022578f	8	demoGetHeader	undefined demoGetHeader()
00225790	002257d3	68	demoStart	undefined demoStart()
002257d8	002257e3	12	demoEnd	undefined demoEnd()
002257e8	002258b7	208	lvGetNumFromName	undefined lvGetNumFromName()
002258b8	0022594f	152	lvGetNameFromNum	undefined lvGetNameFromNum()
00225950	00225a6b	284	lvGetTuneNum	undefined lvGetTuneNum()
00225a70	00225b0b	156	lvGetSkyPropNum	undefined lvGetSkyPropNum()
00225b10	00225bab	156	lvGetGlowTexNum	undefined lvGetGlowTexNum()
00225bb0	00225c4f	160	lvGetBgCol	undefined lvGetBgCol()
00225c50	00225cd3	132	lvRestartBefore	undefined lvRestartBefore()
00225cd8	00225d97	192	lvResetBefore	undefined lvResetBefore()
00225d98	00225e97	256	lvPreload	undefined lvPreload()
00225e98	00225f63	204	lvRestartAfter	undefined lvRestartAfter()
00225f68	0022610b	420	lvResetAfter	undefined lvResetAfter()
00226110	002262c3	436	lvEnd	undefined lvEnd()
002262c8	0022639b	212	lvTickBefore	undefined lvTickBefore()
002263a0	002265a3	516	lvTickAfter	undefined lvTickAfter()
002265a8	002266f3	332	lvTickPlayer	undefined lvTickPlayer()
002266f8	00226bdb	1252	lvGfx	undefined lvGfx()
00226be0	00226be7	8	lvSoundsReset	undefined lvSoundsReset()
00226be8	00226deb	516	lvSoundsRestart	undefined lvSoundsRestart()
00226df0	00226df7	8	lvSoundsTick	undefined lvSoundsTick()
00226df8	00226e0f	24	lvGetDitherForXLU	undefined lvGetDitherForXLU()
00226e10	00226fcf	448	lvTileSetLevelPreload	undefined lvTileSetLevelPreload()
00226fd0	00227153	388	lvAllocTileSetSetup	undefined lvAllocTileSetSetup()
00227158	00227567	1040	lvCreateTileSetSetup	undefined lvCreateTileSetSetup()
00227568	00227643	220	lvGetLevelChrTypeNums	undefined lvGetLevelChrTypeNums()
00227648	0022778b	324	lvGetChrTypeNumFromSetup	undefined lvGetChrTypeNumFromSetup()
00227790	0022795f	464	lvGetGunComboNums	undefined lvGetGunComboNums()
00227960	002279b3	84	lvIsValidGunCombo	undefined lvIsValidGunCombo()
002279b8	00227aef	312	lvGetARCADESetup	undefined lvGetARCADESetup()
00227af0	00227b8b	156	lvGetSTORYSetup	undefined lvGetSTORYSetup()
00227b90	00227c1b	140	lvGetLevelSetup	undefined lvGetLevelSetup()
00227c20	00227eff	736	lvGetPropNum	undefined lvGetPropNum()
00227f00	002280af	432	lvGetRandomLastStandNPC	undefined lvGetRandomLastStandNPC()
002280b0	0022836b	700	lvGetRandomPad	undefined lvGetRandomPad()
00228370	0022838b	28	lvGetRandomPlayerSpawn	undefined lvGetRandomPlayerSpawn()
00228390	002283ab	28	lvGetRandomAiSpawn	undefined lvGetRandomAiSpawn()
002283b0	0022858b	476	lvGetRandomPadExtref	undefined lvGetRandomPadExtref()
00228590	00228be7	1624	lvGetPseudoRandomPadExtref	undefined lvGetPseudoRandomPadExtref()
00228be8	00228c0b	36	lvGetPadExtrefFromData	undefined lvGetPadExtrefFromData()
00228c10	00228cdb	204	lvLevelSetPadNumbers	undefined lvLevelSetPadNumbers()
00228ce0	00228d83	164	setupProp	undefined setupProp()
00228d88	00228e5b	212	lvCheckCreateFlags	undefined lvCheckCreateFlags()
00228e60	00228e6b	12	lvCheckCreateFlagsChallenge	undefined lvCheckCreateFlagsChallenge()
00228e70	002291e3	884	lvLevelSetupPreload	undefined lvLevelSetupPreload()
002291e8	002298b7	1744	lvLevelSetup	undefined lvLevelSetup()
002298b8	002298df	40	lvGetOverseerState	undefined lvGetOverseerState()
002298e0	00229923	68	lvGetOverseerBackSleepTime	undefined lvGetOverseerBackSleepTime()
00229928	0022a0af	1928	lvInitStoryState	undefined lvInitStoryState()
0022a0b0	0022a0bf	16	loadingReset	undefined loadingReset()
0022a0c0	0022a147	136	loadingPreload	undefined loadingPreload()
0022a148	0022a18f	72	loadingTick	undefined loadingTick()
0022a190	0022a38b	508	loadingGfx	undefined loadingGfx()
0022a390	0022a43f	176	frontfxPreload	undefined frontfxPreload()
0022a440	0022a5ab	364	frontfxReset	undefined frontfxReset()
0022a5b0	0022a60b	92	frontfxFinished	undefined frontfxFinished()
0022a610	0022ab8b	1404	frontfxTick	undefined frontfxTick()
0022ab90	0022ae3b	684	frontfxGfx	undefined frontfxGfx()
0022ae40	0022b33b	1276	frontfxLogoGfx	undefined frontfxLogoGfx()
0022b340	0022b5ef	688	frontfxRenderLayer	undefined frontfxRenderLayer()
0022b5f0	0022b5f7	8	frontfxPageIn	undefined frontfxPageIn()
0022b5f8	0022b5ff	8	frontfxPageOut	undefined frontfxPageOut()
0022b600	0022b6b3	180	frontfxBgTick	undefined frontfxBgTick()
0022b6b8	0022bd0b	1620	frontfxWaveyTexture	undefined frontfxWaveyTexture()
0022bd10	0022be53	324	frontfxBgGfx	undefined frontfxBgGfx()
0022be58	0022be93	60	frontfxGoodiesReset	undefined frontfxGoodiesReset()
0022be98	0022c063	460	frontfxGoodiesTick	undefined frontfxGoodiesTick()
0022c068	0022c1cb	356	frontfxGoodiesGfx	undefined frontfxGoodiesGfx()
0022c1d0	0022c303	308	gvGetStringValue	undefined gvGetStringValue()
0022c308	0022c377	112	gvSetValue	undefined gvSetValue()
0022c378	0022c3af	56	gvDispIndex	undefined gvDispIndex()
0022c3b0	0022c46b	188	frontGetPageSize	undefined frontGetPageSize()
0022c470	0022c4af	64	frontGetBox	undefined frontGetBox()
0022c4b0	0022c867	952	frontControlsTick	undefined frontControlsTick()
0022c868	0022c9e3	380	frontMouseTick	undefined frontMouseTick()
0022c9e8	0022ca6b	132	frontFocusTick	undefined frontFocusTick()
0022ca70	0022caa3	52	frontRestart	undefined frontRestart()
0022caa8	0022cb1b	116	frontReset	undefined frontReset()
0022cb20	0022cb3b	28	frontSet	undefined frontSet()
0022cb40	0022cb57	24	frontGet	undefined frontGet()
0022cb58	0022cd2f	472	frontTick	undefined frontTick()
0022cd30	0022ce73	324	frontGfx	undefined frontGfx()
0022ce78	0022ceab	52	frontEnd	undefined frontEnd()
0022ceb0	0022cebf	16	frontPageSet	undefined frontPageSet()
0022cec0	0022cf6b	172	makebox	undefined makebox()
0022cf70	0022d0df	368	std_drawmenuitemtext	undefined std_drawmenuitemtext()
0022d0e0	0022d22b	332	draw_slider	undefined draw_slider()
0022d230	0022d697	1128	draw_menuitem	undefined draw_menuitem()
0022d698	0022d7bf	296	std_menugetmargins	undefined std_menugetmargins()
0022d7c0	0022d987	456	std_menuitemmake	undefined std_menuitemmake()
0022d988	0022daf3	364	std_menulistmake	undefined std_menulistmake()
0022daf8	0022dcd7	480	std_menumake	undefined std_menumake()
0022dcd8	0022dd63	140	menuitem	undefined menuitem()
0022dd68	0022ddf7	144	menuitemGetSelect	undefined menuitemGetSelect()
0022ddf8	0022de67	108	menuitemSelect	undefined menuitemSelect()
0022de68	0022dec3	92	menuitemHighlight	undefined menuitemHighlight()
0022dec8	0022df3f	120	isinlist	undefined isinlist()
0022df40	0022e203	708	std_menutick	undefined std_menutick()
0022e208	0022e24f	72	guiFlashAlpha	undefined guiFlashAlpha()
0022e250	0022e34b	252	guiPreload	undefined guiPreload()
0022e350	0022e41f	208	guiRestart	undefined guiRestart()
0022e420	0022e427	8	guiReset	undefined guiReset()
0022e428	0022e4e3	188	guiDrawButton	undefined guiDrawButton()
0022e4e8	0022e517	48	guiGetImageWidth	undefined guiGetImageWidth()
0022e518	0022e547	48	guiGetImageHeight	undefined guiGetImageHeight()
0022e548	0022e60b	196	guiDrawImage	undefined guiDrawImage()
0022e610	0022e7af	416	hsv2col	undefined hsv2col()
0022e7b0	0022e82b	124	guiHGradient	undefined guiHGradient()
0022e830	0022e8ab	124	guiVGradient	undefined guiVGradient()
0022e8b0	0022e92b	124	guiTriGradient	undefined guiTriGradient()
0022e930	0022eadb	428	guiDrawFormattedText	undefined guiDrawFormattedText()
0022eae0	0022ebab	204	guiDrawBox	undefined guiDrawBox()
0022ebb0	0022ecdb	300	guiLoadingGfx	undefined guiLoadingGfx()
0022ece0	0022ecef	16	zoomboxPreload	undefined zoomboxPreload()
0022ecf0	0022ed17	40	zoomboxReset	undefined zoomboxReset()
0022ed18	0022ef0f	504	zoomboxDraw	undefined zoomboxDraw()
0022ef10	0022ef53	68	zoomboxInit	undefined zoomboxInit()
0022ef58	0022efcf	120	zoomboxSet	undefined zoomboxSet()
0022efd0	0022f09f	208	zoomboxTick	undefined zoomboxTick()
0022f0a0	0022f0eb	76	zoomboxGfx	undefined zoomboxGfx()
0022f0f0	0022f81b	1836	stringeditDraw	undefined stringeditDraw()
0022f820	0022fd93	1396	stringeditTick	undefined stringeditTick()
0022fd98	0022fed3	316	stringeditStart	undefined stringeditStart()
0022fed8	0022fef3	28	stringeditSet	undefined stringeditSet()
0022fef8	0022ff3b	68	frontredReset	undefined frontredReset()
0022ff40	0022ff47	8	frontredEnd	undefined frontredEnd()
0022ff48	0022ffd3	140	frontredTick	undefined frontredTick()
0022ffd8	002300a7	208	frontredGfx	undefined frontredGfx()
002300a8	002300b7	16	setStates	undefined setStates()
002300b8	0023013b	132	makemtreeTitle	undefined makemtreeTitle()
00230140	00230147	8	pageRoot	undefined pageRoot()
00230148	002301bf	120	pageOut	undefined pageOut()
002301c0	002301f7	56	pageIn	undefined pageIn()
002301f8	00230213	28	pageSetTitle	undefined pageSetTitle()
00230218	00230233	28	pageSet	undefined pageSet()
00230238	00230683	1100	menutick	undefined menutick()
00230688	00230a83	1020	pagebackgroundGfx	undefined pagebackgroundGfx()
00230a88	00230adb	84	splitMessageStart	undefined splitMessageStart()
00230ae0	00230afb	28	splitMessageClear	undefined splitMessageClear()
00230b00	00230baf	176	splitMessageDraw	undefined splitMessageDraw()
00230bb0	00230ca3	244	splitMessageTick	undefined splitMessageTick()
00230ca8	00231023	892	SetWindow	undefined SetWindow()
00231028	002310cf	168	splitpageDraw	undefined splitpageDraw()
002310d0	002311a3	212	splitpageTick	undefined splitpageTick()
002311a8	0023123f	152	splitpageInit	undefined splitpageInit()
00231240	00231287	72	displayoffsetx_onchange	undefined displayoffsetx_onchange()
00231288	0023128f	8	musicvolume_onchange	undefined musicvolume_onchange()
00231290	002312bb	44	cheatOption	undefined cheatOption()
002312c0	002312db	28	messageGetState	undefined messageGetState()
002312e0	00231383	164	message_pageDraw	undefined message_pageDraw()
00231388	002313ab	36	defaultmessagetick	undefined defaultmessagetick()
002313b0	00231457	168	message_pageTick	undefined message_pageTick()
00231458	002315ab	340	frontStartMessage	undefined frontStartMessage()
002315b0	00231633	132	GetPlayerDialogTitle	undefined GetPlayerDialogTitle()
00231638	002316c7	144	GetPlayerSignOnMessage	undefined GetPlayerSignOnMessage()
002316c8	002317ab	228	signonLoadRetry	undefined signonLoadRetry()
002317b0	002317d7	40	signonLoadStart	undefined signonLoadStart()
002317d8	0023189b	196	corruptLoadMessage	undefined corruptLoadMessage()
002318a0	00231d13	1140	signonLoadTick	undefined signonLoadTick()
00231d18	00231d4b	52	signonUpdateStart	undefined signonUpdateStart()
00231d50	002328bb	2924	signonUpdateTick	undefined signonUpdateTick()
002328c0	002328e3	36	signonDeleteStart	undefined signonDeleteStart()
002328e8	00232d47	1120	signonDeleteTick	undefined signonDeleteTick()
00232d48	00232d8b	68	frontmpgGetGunComboNum	undefined frontmpgGetGunComboNum()
00232d90	00232def	96	weaponsetAvail	undefined weaponsetAvail()
00232df0	00232e63	116	weaponSetDec	undefined weaponSetDec()
00232e68	00232ed3	108	weaponSetInc	undefined weaponSetInc()
00232ed8	002333e3	1292	weapons_pageDraw	undefined weapons_pageDraw()
002333e8	002333ef	8	checkNoGuns	undefined checkNoGuns()
002333f0	0023380b	1052	weapons_pageTick	undefined weapons_pageTick()
00233810	00234473	3172	chrsets_pageDraw	undefined chrsets_pageDraw()
00234478	0023450b	148	botsetInit	undefined botsetInit()
00234510	00234587	120	chrsetDec	undefined chrsetDec()
00234588	002345f7	112	chrsetInc	undefined chrsetInc()
002345f8	0023520b	3092	chrsets_pageTick	undefined chrsets_pageTick()
00235210	002353ab	412	checkUnavailableThings	undefined checkUnavailableThings()
002353b0	002353e7	56	numAllowedTeams	undefined numAllowedTeams()
002353e8	0023558f	424	checkAllowedTeams	undefined checkAllowedTeams()
00235590	00235603	116	countBots	undefined countBots()
00235608	0023570b	260	selectableTeam	undefined selectableTeam()
00235710	00235787	120	onlyoneselectableteam	undefined onlyoneselectableteam()
00235788	00235993	524	checkOkToGo	undefined checkOkToGo()
00235998	00235aff	360	drawTeamPlayers	undefined drawTeamPlayers()
00235b00	00235cc3	452	drawTeamBots	undefined drawTeamBots()
00235cc8	00235ddb	276	drawBotSet	undefined drawBotSet()
00235de0	002361bb	988	drawLittleGuys	undefined drawLittleGuys()
002361c0	00236263	164	drawWarning	undefined drawWarning()
00236268	002364c7	608	audiovideo_pageDraw	undefined audiovideo_pageDraw()
002364c8	002365b7	240	audiovideo_pageTick	undefined audiovideo_pageTick()
002365b8	002366ab	244	tlhAdjustChrPosition	undefined tlhAdjustChrPosition()
002366b0	00236983	724	selectChar	undefined selectChar()
00236988	0023699b	20	rotateChar	undefined rotateChar()
002369a0	00236e5b	1212	drawChar	undefined drawChar()
00236e60	00236f3f	224	drawSelectCharArrows	undefined drawSelectCharArrows()
00236f40	0023702f	240	drawCharName	undefined drawCharName()
00237030	0023750f	1248	chrplayer_pageDraw	undefined chrplayer_pageDraw()
00237510	002375ff	240	resetchrprops	undefined resetchrprops()
00237600	00237e63	2144	chrplayer_pageTick	undefined chrplayer_pageTick()
00237e68	00237e97	48	characterselect_pageDraw	undefined characterselect_pageDraw()
00237e98	00237ee3	76	characterselect_pageDrawAfter	undefined characterselect_pageDrawAfter()
00237ee8	00238027	320	characterselect_pageTick	undefined characterselect_pageTick()
00238028	002380f3	204	fxCreateStage	undefined fxCreateStage()
002380f8	00238263	364	fxSelectCharReset	undefined fxSelectCharReset()
00238268	00238387	288	fxSelectCharLeft	undefined fxSelectCharLeft()
00238388	0023848f	264	fxSelectCharRight	undefined fxSelectCharRight()
00238490	002384d7	72	actingsoundStop	undefined actingsoundStop()
002384d8	002385ab	212	fxSelectCharInit	undefined fxSelectCharInit()
002385b0	00238c5f	1712	fxSelectCharTick	undefined fxSelectCharTick()
00238c60	00238dff	416	fxSelectCharGfx	undefined fxSelectCharGfx()
00238e00	00238e33	52	fxSelectCharFlashInit	undefined fxSelectCharFlashInit()
00238e38	00238f3b	260	gameoptionsMake	undefined gameoptionsMake()
00238f40	00238fe7	168	getGameModeOptions	undefined getGameModeOptions()
00238fe8	0023905b	116	storeGameModeOptions	undefined storeGameModeOptions()
00239060	00239083	36	arcadeoptions_pageDraw	undefined arcadeoptions_pageDraw()
00239088	00239713	1676	arcadeoptions_pageTick	undefined arcadeoptions_pageTick()
00239718	002397ab	148	cheatOnChange	undefined cheatOnChange()
002397b0	002398bb	268	cheats_pageDraw	undefined cheats_pageDraw()
002398c0	00239be3	804	cheats_pageTick	undefined cheats_pageTick()
00239be8	00239ed3	748	arcade_mmload_pageDraw	undefined arcade_mmload_pageDraw()
00239ed8	0023ab23	3144	arcade_mmload_pageTick	undefined arcade_mmload_pageTick()
0023ab28	0023ab6b	68	tileset_onchange	undefined tileset_onchange()
0023ab70	0023add3	612	arcade_pageDraw	undefined arcade_pageDraw()
0023add8	0023b54b	1908	arcade_pageTick	undefined arcade_pageTick()
0023b550	0023b62b	220	storychrsel_pageDraw	undefined storychrsel_pageDraw()
0023b630	0023ba07	984	storychrsel_pageTick	undefined storychrsel_pageTick()
0023ba08	0023ba37	48	storychr_pageDraw	undefined storychr_pageDraw()
0023ba38	0023bb8f	344	storychr_pageTick	undefined storychr_pageTick()
0023bb90	0023be03	628	story_pageDraw	undefined story_pageDraw()
0023be08	0023bee7	224	storyDifficultyAvail	undefined storyDifficultyAvail()
0023bee8	0023c307	1056	story_pageTick	undefined story_pageTick()
0023c308	0023c3cb	196	challengechr_pageDraw	undefined challengechr_pageDraw()
0023c3d0	0023c5cb	508	challengechr_pageTick	undefined challengechr_pageTick()
0023c5d0	0023c803	564	challenge_pageDraw	undefined challenge_pageDraw()
0023c808	0023c9c3	444	challenge_pageTick	undefined challenge_pageTick()
0023c9c8	0023cc37	624	statistics_pageDraw	undefined statistics_pageDraw()
0023cc38	0023db1b	3812	statistics_pageDrawInfo	undefined statistics_pageDrawInfo()
0023db20	0023dd63	580	statistics_pageTick	undefined statistics_pageTick()
0023dd68	0023dd6f	8	gametype_pageDraw	undefined gametype_pageDraw()
0023dd70	0023e087	792	gametype_pageTick	undefined gametype_pageTick()
0023e088	0023e4af	1064	makesignonmenu	undefined makesignonmenu()
0023e4b0	0023e99b	1260	signonplr_pageDraw	undefined signonplr_pageDraw()
0023e9a0	0023f13f	1952	signonplr_pageTick	undefined signonplr_pageTick()
0023f140	0023f18b	76	signon_pageDrawBefore	undefined signon_pageDrawBefore()
0023f190	0023f287	248	soZoomStart	undefined soZoomStart()
0023f288	0023f37b	244	soZoomGfx	undefined soZoomGfx()
0023f380	0023f437	184	signon_pageDrawAfter	undefined signon_pageDrawAfter()
0023f438	0023fd67	2348	signon_pageTick	undefined signon_pageTick()
0023fd68	0023fd6f	8	nplayers_pageGfx	undefined nplayers_pageGfx()
0023fd70	0023ff4b	476	nplayers_pageTick	undefined nplayers_pageTick()
0023ff50	0023ffff	176	setlastgamemodepage	undefined setlastgamemodepage()
00240000	002400b3	180	setStatsUpdatePage	undefined setStatsUpdatePage()
002400b8	002400ff	72	statsupdate_pageDraw	undefined statsupdate_pageDraw()
00240100	002402d3	468	statsupdate_pageTick	undefined statsupdate_pageTick()
002402d8	0024031b	68	goodiesGetMisc	undefined goodiesGetMisc()
00240320	0024037b	92	goodiesGetLevels	undefined goodiesGetLevels()
00240380	00240417	152	goodiesGetAvailableChrs	undefined goodiesGetAvailableChrs()
00240418	002404af	152	goodiesGetPlayableChrs	undefined goodiesGetPlayableChrs()
002404b0	0024050b	92	goodiesGetBotSets	undefined goodiesGetBotSets()
00240510	00240557	72	frontmpgStoreGoodies	undefined frontmpgStoreGoodies()
00240558	0024062f	216	frontmpgNewGoodies	undefined frontmpgNewGoodies()
00240630	00240863	564	getNextGoodieString	undefined getNextGoodieString()
00240868	002408ab	68	goodieMessage	undefined goodieMessage()
002408b0	00240c2b	892	goodieMessageGfx	undefined goodieMessageGfx()
00240c30	00240d13	228	goodies_pageGfx	undefined goodies_pageGfx()
00240d18	00240e4b	308	goodies_pageTick	undefined goodies_pageTick()
00240e50	00240e9f	80	frontmpgSetGoodiesPage	undefined frontmpgSetGoodiesPage()
00240ea0	00240f37	152	demoplaybackTick	undefined demoplaybackTick()
00240f38	0024109f	360	frontmpgMake	undefined frontmpgMake()
002410a0	0024115b	188	frontmpgPreload	undefined frontmpgPreload()
00241160	00241537	984	frontmpgReset	undefined frontmpgReset()
00241538	0024153f	8	frontmpgEnd	undefined frontmpgEnd()
00241540	00241557	24	frontmpgSetFlags	undefined frontmpgSetFlags()
00241558	0024157f	40	settingsToMenus	undefined settingsToMenus()
00241580	002415a7	40	menusToSettings	undefined menusToSettings()
002415a8	00241c67	1728	frontmpgStartGame	undefined frontmpgStartGame()
00241c68	00241d0b	164	animStopImmediately	undefined animStopImmediately()
00241d10	00243323	5652	animTick	undefined animTick()
00243328	00243427	256	mcseqSlotMakeName	undefined mcseqSlotMakeName()
00243428	00243457	48	mcseqSlotGetLongName	undefined mcseqSlotGetLongName()
00243458	002434a3	76	mcseqSlotGetShortName	undefined mcseqSlotGetShortName()
002434a8	00243f23	2680	mcseqTick	undefined mcseqTick()
00243f28	00243f9f	120	mcseqWindowSet	undefined mcseqWindowSet()
00243fa0	00244183	484	mcseq_pageDraw	undefined mcseq_pageDraw()
00244188	00244a33	2220	mcseq_pageTick	undefined mcseq_pageTick()
00244a38	00244a5b	36	mcseqWindowOpen	undefined mcseqWindowOpen()
00244a60	00244a7f	32	mcseqWindowClose	undefined mcseqWindowClose()
00244a80	00244a87	8	mcseqGetRequiredSpace	undefined mcseqGetRequiredSpace()
00244a88	00244a8f	8	mcseqGetResult	undefined mcseqGetResult()
00244a90	00244b23	148	mcseqGetState	undefined mcseqGetState()
00244b28	00244c07	224	mcseqLoad	undefined mcseqLoad()
00244c08	00244ceb	228	mcseqSave	undefined mcseqSave()
00244cf0	00244cf7	8	mcseqController	undefined mcseqController()
00244cf8	00244d17	32	mcseqAddOption	undefined mcseqAddOption()
00244d18	00244d47	48	mcseqPollLoop	undefined mcseqPollLoop()
00244d48	00244d4f	8	mcseqPollCount	undefined mcseqPollCount()
00244d50	00244d9f	80	mcseqUnvalidateCards	undefined mcseqUnvalidateCards()
00244da0	00244da7	8	mcseqGetCurCard	undefined mcseqGetCurCard()
00244da8	00244ddb	52	mcseqSetCurCard	undefined mcseqSetCurCard()
00244de0	00244e17	56	mcseqGetNumCards	undefined mcseqGetNumCards()
00244e18	00244e3f	40	mcseqMake	undefined mcseqMake()
00244e40	00244ee3	164	mcseqMessage	undefined mcseqMessage()
00244ee8	00245237	848	mcseqGetMsg	undefined mcseqGetMsg()
00245238	002452e7	176	mmCheckObject	undefined mmCheckObject()
002452e8	002454d3	492	mmCellBits	undefined mmCellBits()
002454d8	0024564f	376	mmObjectUnderCursor	undefined mmObjectUnderCursor()
00245650	002458a7	600	mmCheckPlacement	undefined mmCheckPlacement()
002458a8	00245b67	704	mmFindLassoed	undefined mmFindLassoed()
00245b68	00245ba3	60	mmClearLassoed	undefined mmClearLassoed()
00245ba8	00245c7f	216	mmCenterFlyingObj	undefined mmCenterFlyingObj()
00245c80	00245ccf	80	mmDeleteAllMarked	undefined mmDeleteAllMarked()
00245cd0	0024613f	1136	mmDoCopy	undefined mmDoCopy()
00246140	00246303	452	mmDoPaste	undefined mmDoPaste()
00246308	00246317	16	mmSetTileLight	undefined mmSetTileLight()
00246318	002464f7	480	mmSetLightFromRGB	undefined mmSetLightFromRGB()
002464f8	0024652f	56	mmClearMap	undefined mmClearMap()
00246530	002465f7	200	mmClampView	undefined mmClampView()
002465f8	0024691f	808	mmMapViewHelp	undefined mmMapViewHelp()
00246920	0024697b	92	mmClampMouse	undefined mmClampMouse()
00246980	00246a3f	192	mmUpdateMapCost	undefined mmUpdateMapCost()
00246a40	00246ae3	164	confirmPasteTileNoItems	undefined confirmPasteTileNoItems()
00246ae8	0024783b	3412	mapmakerTick	undefined mapmakerTick()
00247840	00247853	20	mmWriteChunk	undefined mmWriteChunk()
00247858	002479ff	424	mmMakeSeals	undefined mmMakeSeals()
00247a00	00247c33	564	mmCheckGameModes	undefined mmCheckGameModes()
00247c38	00247c77	64	mmCalcFileSize	undefined mmCalcFileSize()
00247c78	0024805f	1000	mmSaveMapFile	undefined mmSaveMapFile()
00248060	002482e3	644	mmLoadMapFile	undefined mmLoadMapFile()
002482e8	0024836b	132	mmBackupMap	undefined mmBackupMap()
00248370	002483a7	56	mmUndoMap	undefined mmUndoMap()
002483a8	002483df	56	mapmakerMake	undefined mapmakerMake()
002483e0	0024840b	44	mapmakerPreload	undefined mapmakerPreload()
00248410	0024856f	352	mapmakerReset	undefined mapmakerReset()
00248570	00248577	8	mapmakerEnd	undefined mapmakerEnd()
00248578	0024857f	8	debugitems	undefined debugitems()
00248580	002485b3	52	mmDebugObjects	undefined mmDebugObjects()
002485b8	0024864f	152	mmClearObjects	undefined mmClearObjects()
00248650	0024869b	76	mmAllocObject	undefined mmAllocObject()
002486a0	00248793	244	mmFreeSingleObject	undefined mmFreeSingleObject()
00248798	002487cf	56	mmFreeObject	undefined mmFreeObject()
002487d0	0024890b	316	mmPlaceObject	undefined mmPlaceObject()
00248910	002489df	208	mmNewTile	undefined mmNewTile()
002489e0	00248a17	56	mmAllocItem	undefined mmAllocItem()
00248a18	00248ab7	160	mmFreeItem	undefined mmFreeItem()
00248ab8	00248b2f	116	mmDuplicateItems	undefined mmDuplicateItems()
00248b30	00248b93	100	mmNewItem	undefined mmNewItem()
00248b98	00248bd3	60	objFindItem	undefined objFindItem()
00248bd8	00248c1b	68	mmObjCount	undefined mmObjCount()
00248c20	00248c93	116	mmMapCost	undefined mmMapCost()
00248c98	00248ccf	56	mmItemListCount	undefined mmItemListCount()
00248cd0	00248d4b	124	mmItemCount	undefined mmItemCount()
00248d50	00248d97	72	mmItemGroupCount	undefined mmItemGroupCount()
00248d98	00248eab	276	mmItemGroupName	undefined mmItemGroupName()
00248eb0	00248ee7	56	mmResetTiles	undefined mmResetTiles()
00248ee8	00248f13	44	mmClearTiles	undefined mmClearTiles()
00248f18	00248f9f	136	mmAllocTile	undefined mmAllocTile()
00248fa0	00249273	720	mmMakeTileRotations	undefined mmMakeTileRotations()
00249278	0024933f	200	mmLoadTiles	undefined mmLoadTiles()
00249340	0024944f	272	mmDrawRect	undefined mmDrawRect()
00249450	0024952b	220	mmDrawLine	undefined mmDrawLine()
00249530	00249627	248	mmFindBoundaries	undefined mmFindBoundaries()
00249628	002498c3	668	mmCenterMap	undefined mmCenterMap()
002498c8	00249b57	656	mmInitView	undefined mmInitView()
00249b58	00249b8b	52	mmPanWindow	undefined mmPanWindow()
00249b90	00249e7f	752	mmDrawItems	undefined mmDrawItems()
00249e80	0024a007	392	mmFindPlug	undefined mmFindPlug()
0024a008	0024a70b	1796	mmDrawTile	undefined mmDrawTile()
0024a710	0024aa07	756	mmDrawGrid	undefined mmDrawGrid()
0024aa08	0024abfb	500	mmDrawRooms	undefined mmDrawRooms()
0024ac00	0024ade7	488	mmDrawUsedObject	undefined mmDrawUsedObject()
0024ade8	0024b0c7	736	mmDrawPad	undefined mmDrawPad()
0024b0c8	0024b1df	280	mmDrawLasso	undefined mmDrawLasso()
0024b1e0	0024b23f	96	mmDraw2DView	undefined mmDraw2DView()
0024b240	0024b393	340	mmDrawLevelBox	undefined mmDrawLevelBox()
0024b398	0024b503	364	mmDrawPopup	undefined mmDrawPopup()
0024b508	0024b687	384	mmDrawMemFree	undefined mmDrawMemFree()
0024b688	0024b973	748	mapmakerGfx	undefined mapmakerGfx()
0024b978	0024b99f	40	FMul	undefined FMul()
0024b9a0	0024ba07	104	FDiv	undefined FDiv()
0024ba08	0024ba77	112	mmExitMenu	undefined mmExitMenu()
0024ba78	0024bbfb	388	drawmenuitemtext	undefined drawmenuitemtext()
0024bc00	0024bff3	1012	draw_mi	undefined draw_mi()
0024bff8	0024c163	364	menuitemmake	undefined menuitemmake()
0024c168	0024c26b	260	menulistmake	undefined menulistmake()
0024c270	0024c3a7	312	menumake	undefined menumake()
0024c3a8	0024c66f	708	menutick	undefined menutick()
0024c670	0024c86f	512	pagebackgroundGfx	undefined pagebackgroundGfx()
0024c870	0024c88b	28	mmGetTuneNum	undefined mmGetTuneNum()
0024c890	0024c903	116	mmSetTuneNum	undefined mmSetTuneNum()
0024c908	0024c90f	8	messageGetState	undefined messageGetState()
0024c910	0024c967	88	message_pageDraw	undefined message_pageDraw()
0024c968	0024c98b	36	defaultmessagetick	undefined defaultmessagetick()
0024c990	0024ca7b	236	message_pageTick	undefined message_pageTick()
0024ca80	0024cbeb	364	mmStartMessage	undefined mmStartMessage()
0024cbf0	0024cc63	116	settings_pageTick	undefined settings_pageTick()
0024cc68	0024ccaf	72	mmenterdesc_pageDraw	undefined mmenterdesc_pageDraw()
0024ccb0	0024ce03	340	mmenterdesc_pageTick	undefined mmenterdesc_pageTick()
0024ce08	0024ce9b	148	mapsettings_pageTick	undefined mapsettings_pageTick()
0024cea0	0024cfd3	308	testmap_pageDraw	undefined testmap_pageDraw()
0024cfd8	0024d1eb	532	testmap_pageTick	undefined testmap_pageTick()
0024d1f0	0024d21f	48	mapnameedit_pageDraw	undefined mapnameedit_pageDraw()
0024d220	0024d267	72	mapnameedit_pageTick	undefined mapnameedit_pageTick()
0024d268	0024d29f	56	confirmyesno	undefined confirmyesno()
0024d2a0	0024d2d7	56	CircleYesTriangleNo	undefined CircleYesTriangleNo()
0024d2d8	0024d3cb	244	updateDir	undefined updateDir()
0024d3d0	0024d6b7	744	mapfile_pageDraw	undefined mapfile_pageDraw()
0024d6b8	0024edbb	5884	mapfile_pageTick	undefined mapfile_pageTick()
0024edc0	0024ee0b	76	mmStartMainMenu	undefined mmStartMainMenu()
0024ee10	0024ee4b	60	exitmapmaker	undefined exitmapmaker()
0024ee50	0024ee97	72	quitconfirmfunc	undefined quitconfirmfunc()
0024ee98	0024eef3	92	clearmapconfirmfunc	undefined clearmapconfirmfunc()
0024eef8	0024ef3b	68	menu_pageDrawAfter	undefined menu_pageDrawAfter()
0024ef40	0024f203	708	mmmain_pageTick	undefined mmmain_pageTick()
0024f208	0024f413	524	rollmenumake	undefined rollmenumake()
0024f418	0024f51f	264	padact_pageDraw	undefined padact_pageDraw()
0024f520	0024fabf	1440	padact_pageTick	undefined padact_pageTick()
0024fac0	0024fadf	32	mmDialogsSetCurLightCol	undefined mmDialogsSetCurLightCol()
0024fae0	0024faff	32	mmDialogsGetCurLightColRGB	undefined mmDialogsGetCurLightColRGB()
0024fb00	0024fcbb	444	draw_neattext	undefined draw_neattext()
0024fcc0	0024fceb	44	exitDialogs	undefined exitDialogs()
0024fcf0	0024fd57	104	mmResetCursorPos	undefined mmResetCursorPos()
0024fd58	0024fde3	140	mmPushCursorPos	undefined mmPushCursorPos()
0024fde8	0024fe67	128	mmPopCursorPos	undefined mmPopCursorPos()
0024fe68	002500c7	608	mmDrawCursor	undefined mmDrawCursor()
002500c8	002501c7	256	zoomtilePreload	undefined zoomtilePreload()
002501c8	002502ff	312	zoomtileReset	undefined zoomtileReset()
00250300	00250433	308	mm_makepadinfo	undefined mm_makepadinfo()
00250438	002504fb	196	mm_setpadicon	undefined mm_setpadicon()
00250500	00250533	52	zoomtileWindow	undefined zoomtileWindow()
00250538	00250553	28	zoomtileWindowDest	undefined zoomtileWindowDest()
00250558	002505eb	148	zoomtileWindowTick	undefined zoomtileWindowTick()
002505f0	002505fb	12	zoomtileZoomed	undefined zoomtileZoomed()
00250600	002506bb	188	zoomtileSizeToDist	undefined zoomtileSizeToDist()
002506c0	00250b33	1140	zoomtileTick	undefined zoomtileTick()
00250b38	00250d87	592	findHighlightPad	undefined findHighlightPad()
00250d88	00251067	736	zoomtileGfx	undefined zoomtileGfx()
00251068	002512ab	580	rotateMiniTile	undefined rotateMiniTile()
002512b0	002515ff	848	draw_colourwheel	undefined draw_colourwheel()
00251600	00251763	356	draw_colourslide	undefined draw_colourslide()
00251768	00251887	288	makecolourdialog	undefined makecolourdialog()
00251888	002518a7	32	mapmakercolour_pageDraw	undefined mapmakercolour_pageDraw()
002518a8	00251bdb	820	mapmakercolour_pageTick	undefined mapmakercolour_pageTick()
00251be0	00251e6b	652	draw_selectbrick	undefined draw_selectbrick()
00251e70	00251f0b	156	draw_colourbox	undefined draw_colourbox()
00251f10	0025259b	1672	makedialog	undefined makedialog()
002525a0	00252b67	1480	mapmakermain_pageDraw	undefined mapmakermain_pageDraw()
00252b68	00252c27	192	mapmakermain_pageDrawAfter	undefined mapmakermain_pageDrawAfter()
00252c28	00252c4f	40	cycleTilePage	undefined cycleTilePage()
00252c50	00252f9f	848	mapmakermain_pageTick	undefined mapmakermain_pageTick()
00252fa0	00253013	116	mmStartMainDialog	undefined mmStartMainDialog()
00253018	0025321b	516	zoomtile_pageDraw	undefined zoomtile_pageDraw()
00253220	0025335f	320	zoomtile_pageTick	undefined zoomtile_pageTick()
00253360	00253493	308	mmStartZoomTileView	undefined mmStartZoomTileView()
00253498	0025352b	148	mmDialogsMake	undefined mmDialogsMake()
00253530	00253567	56	mmDialogsReset	undefined mmDialogsReset()
00253568	0025361f	180	mmfileDirBuiltinMaps	undefined mmfileDirBuiltinMaps()
00253620	00253673	84	mmfilePreloadBuiltinMaps	undefined mmfilePreloadBuiltinMaps()
00253678	0025370b	148	mmfileLoadBuiltinMap	undefined mmfileLoadBuiltinMap()
00253710	002537ab	156	mmfileGetInfo	undefined mmfileGetInfo()
002537b0	002538e7	312	mmfileGetItemCount	undefined mmfileGetItemCount()
002538e8	002538ef	8	mmfileDirSize	undefined mmfileDirSize()
002538f0	00253917	40	mmfileMaxSize	undefined mmfileMaxSize()
00253918	0025394f	56	mmfileDirReset	undefined mmfileDirReset()
00253950	00253997	72	mmfileReset	undefined mmfileReset()
00253998	002539c3	44	mmfileOffset	undefined mmfileOffset()
002539c8	00253a03	60	mmfileDirLoaded	undefined mmfileDirLoaded()
00253a08	00253a97	144	mmfileGetFreeBlock	undefined mmfileGetFreeBlock()
00253a98	00253b1b	132	mmfileEntryNew	undefined mmfileEntryNew()
00253b20	00253b87	104	mmfileEntryDelete	undefined mmfileEntryDelete()
00253b88	00253f7b	1012	bgLoad	undefined bgLoad()
00253f80	00253fcb	76	isroomvisible	undefined isroomvisible()
00253fd0	00254043	116	isRoomVisibleByAnyPlayer	undefined isRoomVisibleByAnyPlayer()
00254048	00254117	208	bgRoomBBIntersectionNumRooms	undefined bgRoomBBIntersectionNumRooms()
00254118	002541d3	188	bgCalcRoomArray	undefined bgCalcRoomArray()
002541d8	0025425f	136	bgIsAnyRoomsVisibleByPlayer	undefined bgIsAnyRoomsVisibleByPlayer()
00254260	002542ef	144	bgVolumeTransform	undefined bgVolumeTransform()
002542f0	0025435b	108	bgFloorTransform	undefined bgFloorTransform()
00254360	002543cf	112	bgWallTransform	undefined bgWallTransform()
002543d0	0025443b	108	bgGlassTransform	undefined bgGlassTransform()
00254440	0025460f	464	bgRoombbTransform	undefined bgRoombbTransform()
00254610	0025469f	144	bgPortalTransform	undefined bgPortalTransform()
002546a0	00254bcb	1324	bgTileLoad	undefined bgTileLoad()
00254bd0	00254d07	312	bgTileSetRoomNums	undefined bgTileSetRoomNums()
00254d08	00254d87	128	bgTileSetPortalNums	undefined bgTileSetPortalNums()
00254d88	00254e5f	216	bgTileSetTextureNums	undefined bgTileSetTextureNums()
00254e60	00255d6b	3848	bgTileLoadLevel	undefined bgTileLoadLevel()
00255d70	0025609f	816	bgRoomInitBB	undefined bgRoomInitBB()
002560a0	002561e7	328	bgPortalInitBB	undefined bgPortalInitBB()
002561e8	002564a3	700	bgPreload	undefined bgPreload()
002564a8	00256547	160	bgPreloadTextures	undefined bgPreloadTextures()
00256548	002565cb	132	bgCreateRoomProps	undefined bgCreateRoomProps()
002565d0	0025666b	156	bgTileSetCreateRoomProps	undefined bgTileSetCreateRoomProps()
00256670	0025674f	224	bgRestart	undefined bgRestart()
00256750	002567f3	164	bgReset	undefined bgReset()
002567f8	0025682f	56	bgEnd	undefined bgEnd()
00256830	00256c57	1064	bgGfx	undefined bgGfx()
00256c58	00256f9f	836	bgGetRoomsTick	undefined bgGetRoomsTick()
00256fa0	00256fcf	48	bgRoomGetLevel	undefined bgRoomGetLevel()
00256fd0	002570cb	252	bgRoomBBIntersection	undefined bgRoomBBIntersection()
002570d0	002571c7	248	bgFloorBBIntersection	undefined bgFloorBBIntersection()
002571c8	002572ab	228	bgFloorBBIntersectionXZ	undefined bgFloorBBIntersectionXZ()
002572b0	002573ab	252	bgWallBBIntersection	undefined bgWallBBIntersection()
002573b0	0025751b	364	bgPortalBBIntersection	undefined bgPortalBBIntersection()
00257520	002575eb	204	bgGetNeighbours	undefined bgGetNeighbours()
002575f0	00257607	24	bgGetFloors	undefined bgGetFloors()
00257608	0025761f	24	bgGetWalls	undefined bgGetWalls()
00257620	00257637	24	bgGetGlass	undefined bgGetGlass()
00257638	0025767b	68	bgGetVolume	undefined bgGetVolume()
00257680	00257773	244	bgPortalCalcInit	undefined bgPortalCalcInit()
00257778	00257797	32	bgPortalDisable	undefined bgPortalDisable()
00257798	002577b7	32	bgPortalEnable	undefined bgPortalEnable()
002577b8	0025781f	104	bgGetPortalFromRooms	undefined bgGetPortalFromRooms()
00257820	0025783f	32	bgPortalDisableFromRooms	undefined bgPortalDisableFromRooms()
00257840	0025785f	32	bgPortalEnableFromRooms	undefined bgPortalEnableFromRooms()
00257860	002578eb	140	bgPortalBackFaceTest	undefined bgPortalBackFaceTest()
002578f0	002579f7	264	bgPortalCalcBackFace	undefined bgPortalCalcBackFace()
002579f8	00257b7b	388	bgPortalCalcRoomDepth	undefined bgPortalCalcRoomDepth()
00257b80	00257e33	692	bgRoomCalcClip	undefined bgRoomCalcClip()
00257e38	00257f1f	232	bgPortalCalcOutCode	undefined bgPortalCalcOutCode()
00257f20	00258103	484	bgPortalPlaneClip	undefined bgPortalPlaneClip()
00258108	002586bb	1460	bgPortalCalcPos	undefined bgPortalCalcPos()
002586c0	0025883f	384	bgPortalTick	undefined bgPortalTick()
00258840	00258847	8	bgPortalGfx	undefined bgPortalGfx()
00258848	0025884f	8	bgPortalGfxRoom	undefined bgPortalGfxRoom()
00258850	00258857	8	bgPortalRectGfx	undefined bgPortalRectGfx()
00258858	0025885f	8	bgPortalRectGfxRoom	undefined bgPortalRectGfxRoom()
00258860	00258867	8	bgVolumeGfx	undefined bgVolumeGfx()
00258868	0025886f	8	bgFloorGfx	undefined bgFloorGfx()
00258870	00258877	8	bgFloorGfxRoom	undefined bgFloorGfxRoom()
00258878	0025887f	8	bgWallGfx	undefined bgWallGfx()
00258880	00258887	8	bgWallGfxRoom	undefined bgWallGfxRoom()
00258888	00258ceb	1124	bgGlassGfxRoom	undefined bgGlassGfxRoom()
00258cf0	00259037	840	bgPortalCrossed	undefined bgPortalCrossed()
00259038	00259327	752	bgLineTest	undefined bgLineTest()
00259328	0025977f	1112	bgHittestDistGlass	undefined bgHittestDistGlass()
00259780	002599bb	572	bgSmashGlass	undefined bgSmashGlass()
002599c0	00259beb	556	bgGlassSwipeTestRoom	undefined bgGlassSwipeTestRoom()
00259bf0	00259eb7	712	bgGlassMoveTestRoom	undefined bgGlassMoveTestRoom()
00259eb8	0025a08f	472	bgGlassLineTestRoom	undefined bgGlassLineTestRoom()
0025a090	0025a2f7	616	bgProcessGlasshits	undefined bgProcessGlasshits()
0025a2f8	0025a397	160	bgAmountGlassLeft	undefined bgAmountGlassLeft()
0025a398	0025a3b7	32	bgAllGlassBroken	undefined bgAllGlassBroken()
0025a3b8	0025a5b3	508	bgTick	undefined bgTick()
0025a5b8	0025a663	172	v3Normalize	undefined v3Normalize()
0025a668	0025a70b	164	v3NormalizeFaster	undefined v3NormalizeFaster()
0025a710	0025a717	8	bglightRestart	undefined bglightRestart()
0025a718	0025a71f	8	bglightReset	undefined bglightReset()
0025a720	0025a7cb	172	bglightAdd	undefined bglightAdd()
0025a7d0	0025aadf	784	bglightGet	undefined bglightGet()
0025aae0	0025bc87	4520	obinstCalcAmbientLight	undefined obinstCalcAmbientLight()
0025bc88	0025c15f	1240	bgBulletGetClosest	undefined bgBulletGetClosest()
0025c160	0025d183	4132	obInstLightUpdate	undefined obInstLightUpdate()
0025d188	0025d193	12	obRestart	undefined obRestart()
0025d198	0025d20b	116	obReset	undefined obReset()
0025d210	0025debf	3244	obMergePolys	undefined obMergePolys()
0025dec0	0025e4d3	1556	obMergeChunkPolys	undefined obMergeChunkPolys()
0025e4d8	0025e63f	360	obCalcChunkBounds	undefined obCalcChunkBounds()
0025e640	0025e8bb	636	obCalcPartBounds	undefined obCalcPartBounds()
0025e8c0	0025e92b	108	obCalcBounds	undefined obCalcBounds()
0025e930	0025ea77	328	obRelocate	undefined obRelocate()
0025ea78	0025eb23	172	obPreloadTextures	undefined obPreloadTextures()
0025eb28	0025eb2f	8	obLoadSetClip	undefined obLoadSetClip()
0025eb30	0025eb93	100	texinfoRelocate	undefined texinfoRelocate()
0025eb98	0025ebdf	72	obResetTextures	undefined obResetTextures()
0025ebe0	0025edb7	472	obLoadTextures	undefined obLoadTextures()
0025edb8	0025edff	72	obFreeTextures	undefined obFreeTextures()
0025ee00	0025eebb	188	obLoad	undefined obLoad()
0025eec0	0025f407	1352	partPrecalcVifData	undefined partPrecalcVifData()
0025f408	0025fb83	1916	partPrecalcDmaData	undefined partPrecalcDmaData()
0025fb88	0025fc8f	264	obPrecalcGfxData	undefined obPrecalcGfxData()
0025fc90	00260127	1176	obPrecalcDbufGfxData	undefined obPrecalcDbufGfxData()
00260128	0026021f	248	partSetTextureOffset	undefined partSetTextureOffset()
00260220	00260257	56	obSetTexList	undefined obSetTexList()
00260258	0026048f	568	partTransform	undefined partTransform()
00260490	002604db	76	obTransform	undefined obTransform()
002604e0	0026069f	448	partColour	undefined partColour()
002606a0	002606eb	76	obColour	undefined obColour()
002606f0	00260913	548	obInstNew	undefined obInstNew()
00260918	0026093f	40	obInstResetOverride	undefined obInstResetOverride()
00260940	00260a57	280	obBindSkeleton	undefined obBindSkeleton()
00260a58	00260a73	28	obInstDelete	undefined obInstDelete()
00260a78	00260adb	100	obInstSetAnim	undefined obInstSetAnim()
00260ae0	00262a5f	8064	partGfx	undefined partGfx()
00262a60	00262bef	400	obInstGfx	undefined obInstGfx()
00262bf0	00262cbb	204	getBoneMatrixNum	undefined getBoneMatrixNum()
00262cc0	00262f7b	700	relocateParts	undefined relocateParts()
00262f80	00263077	248	matrixAlign	undefined matrixAlign()
00263078	0026310b	148	partRelocate	undefined partRelocate()
00263110	002634c3	948	transformPart	undefined transformPart()
002634c8	00263623	348	transformHead	undefined transformHead()
00263628	002636ef	200	LinePointDistanceSquared	undefined LinePointDistanceSquared()
002636f0	00263713	36	obConfirmLastHitInst	undefined obConfirmLastHitInst()
00263718	0026372b	20	obSetLastHitInst	undefined obSetLastHitInst()
00263730	00263767	56	obGetLastHitInst	undefined obGetLastHitInst()
00263768	00263feb	2180	obInstLineTest	undefined obInstLineTest()
00263ff0	00264007	24	obInstSetOverrideStates	undefined obInstSetOverrideStates()
00264008	0026401b	20	obInstSetOverrideCol	undefined obInstSetOverrideCol()
00264020	00264053	52	testspecialfillets	undefined testspecialfillets()
00264058	002640e7	144	padFileInName	undefined padFileInName()
002640e8	00264123	60	padFileOutName	undefined padFileOutName()
00264128	0026412f	8	padMake	undefined padMake()
00264130	002641fb	204	padPreload	undefined padPreload()
00264200	00264243	68	padRestart	undefined padRestart()
00264248	0026459b	852	padReset	undefined padReset()
002645a0	002645bb	28	padEnd	undefined padEnd()
002645c0	002645c7	8	padOnePadLabelGfx	undefined padOnePadLabelGfx()
002645c8	002645cf	8	padOnePadLabelExtrefGfx	undefined padOnePadLabelExtrefGfx()
002645d0	002645d7	8	padPadExtrefGfx	undefined padPadExtrefGfx()
002645d8	002645df	8	padOnePadGfx	undefined padOnePadGfx()
002645e0	002645e7	8	padDrawLineGfx	undefined padDrawLineGfx()
002645e8	002645ef	8	padOneLinkGfx	undefined padOneLinkGfx()
002645f0	002645f7	8	printpadinfo	undefined printpadinfo()
002645f8	002646af	184	generatepad	undefined generatepad()
002646b0	00264737	136	createpad	undefined createpad()
00264738	00264797	96	deletelink	undefined deletelink()
00264798	00264863	204	deletepad	undefined deletepad()
00264868	002648db	116	newlink	undefined newlink()
002648e0	00264977	152	findlink	undefined findlink()
00264978	00264a17	160	padGetLinkNum	undefined padGetLinkNum()
00264a18	00264ac3	172	findpadslinked2pad	undefined findpadslinked2pad()
00264ac8	00264af3	44	padvalid	undefined padvalid()
00264af8	00264be3	236	createlink	undefined createlink()
00264be8	00264c33	76	counthallpads	undefined counthallpads()
00264c38	00264cd3	156	padFlagsToString	undefined padFlagsToString()
00264cd8	00264cff	40	padTogglePadFlag	undefined padTogglePadFlag()
00264d00	00264deb	236	padInfoGfx	undefined padInfoGfx()
00264df0	00264df7	8	padDisplayPads	undefined padDisplayPads()
00264df8	00264dff	8	padGfx	undefined padGfx()
00264e00	00264e47	72	padNumFromExtref	undefined padNumFromExtref()
00264e48	00264e67	32	linkEnable	undefined linkEnable()
00264e68	00264e8f	40	linkDisable	undefined linkDisable()
00264e90	00264fcf	320	findTwinPlugPad	undefined findTwinPlugPad()
00264fd0	002650e3	276	padLinkTileSetPads	undefined padLinkTileSetPads()
002650e8	00265557	1136	padAddTilePads	undefined padAddTilePads()
00265558	0026578f	568	padLoad	undefined padLoad()
00265790	00265827	152	padSetRoomNums	undefined padSetRoomNums()
00265828	002658eb	196	padCheckLinks	undefined padCheckLinks()
002658f0	00265c3f	848	padSave	undefined padSave()
00265c40	00265dbb	380	editTranslate	undefined editTranslate()
00265dc0	00265eab	236	editRotate	undefined editRotate()
00265eb0	00265f03	84	hr_initroutes	undefined hr_initroutes()
00265f08	00265fbf	184	hr_addroute	undefined hr_addroute()
00265fc0	00265ffb	60	hr_findroute	undefined hr_findroute()
00266000	00266053	84	hr_findroutetohall	undefined hr_findroutetohall()
00266058	002660fb	164	hr_deleteroute	undefined hr_deleteroute()
00266100	00266187	136	hr_calcestcost	undefined hr_calcestcost()
00266188	002661a7	32	hr_calclinkcost	undefined hr_calclinkcost()
002661a8	002663e3	572	hr_addnewroutes	undefined hr_addnewroutes()
002663e8	0026656f	392	hallrouteCalc	undefined hallrouteCalc()
00266570	002665c3	84	r_initroutes	undefined r_initroutes()
002665c8	0026667f	184	r_addroute	undefined r_addroute()
00266680	002666bb	60	r_findroute	undefined r_findroute()
002666c0	00266763	164	r_deleteroute	undefined r_deleteroute()
00266768	002667ef	136	r_calcestcost	undefined r_calcestcost()
002667f0	0026680f	32	r_calclinkcost	undefined r_calclinkcost()
00266810	00266a3b	556	r_addnewroutes	undefined r_addnewroutes()
00266a40	00266b8f	336	routeCalc	undefined routeCalc()
00266b90	00266c53	196	closestpad	undefined closestpad()
00266c58	00266d53	252	closestpadinlist	undefined closestpadinlist()
00266d58	00266d5f	8	propControlPanelActivated	undefined propControlPanelActivated()
00266d60	00266d93	52	propRestartWallMem	undefined propRestartWallMem()
00266d98	00266da3	12	propResetWallMem	undefined propResetWallMem()
00266da8	00266e43	152	propAllocWallMem	undefined propAllocWallMem()
00266e48	00266e6f	40	propGetOriginalWalls	undefined propGetOriginalWalls()
00266e70	00266e97	40	propGetOriginalFloors	undefined propGetOriginalFloors()
00266e98	00266ebf	40	propDump	undefined propDump()
00266ec0	0026701b	348	propRestart	undefined propRestart()
00267020	00267167	328	propReset	undefined propReset()
00267168	0026719b	52	propEnd	undefined propEnd()
002671a0	002671bb	28	propGetName	undefined propGetName()
002671c0	002671db	28	propSetOb	undefined propSetOb()
002671e0	002671fb	28	propSetHandler	undefined propSetHandler()
00267200	0026721b	28	getPropType	undefined getPropType()
00267220	0026723f	32	propAddPreLoad	undefined propAddPreLoad()
00267240	00267337	248	propGetAimProp	undefined propGetAimProp()
00267338	002675b7	640	propCalculateWalls	undefined propCalculateWalls()
002675b8	002677a3	492	propCalculateFloors	undefined propCalculateFloors()
002677a8	00267f07	1888	propCalculateWallsFloorsOriginal	undefined propCalculateWallsFloorsOriginal()
00267f08	002682cb	964	propCalculateCentrePos	undefined propCalculateCentrePos()
002682d0	002684b3	484	propAllocateWallsFloors	undefined propAllocateWallsFloors()
002684b8	002684d7	32	propNeedsWallsFloorsCalculating	undefined propNeedsWallsFloorsCalculating()
002684d8	002684f7	32	propNeedsBoundsCalculating	undefined propNeedsBoundsCalculating()
002684f8	00268517	32	propDoCollisionsCanNotPush	undefined propDoCollisionsCanNotPush()
00268518	00268537	32	propDoCollisionsCanPush	undefined propDoCollisionsCanPush()
00268538	00268673	316	propPutPropInCollisionList	undefined propPutPropInCollisionList()
00268678	002686bf	72	getfreehead	undefined getfreehead()
002686c0	002686f7	56	freehead	undefined freehead()
002686f8	00268d0b	1556	propNew	undefined propNew()
00268d10	00268eff	496	initDamagedProps	undefined initDamagedProps()
00268f00	00268f6b	108	getPropViewportDrawFlags	undefined getPropViewportDrawFlags()
00268f70	00269073	260	WritePropKeyFile	undefined WritePropKeyFile()
00269078	002692eb	628	propEditSave	undefined propEditSave()
002692f0	0026933b	76	propGetNewExtref	undefined propGetNewExtref()
00269340	002693c7	136	propDelete	undefined propDelete()
002693c8	002694bf	240	propRemovePropFromCollisionList	undefined propRemovePropFromCollisionList()
002694c0	00269507	72	remoteGetPivoteOffset	undefined remoteGetPivoteOffset()
00269508	002695bf	184	remoteGetPivotePos	undefined remoteGetPivotePos()
002695c0	00269883	708	remotePropNew	undefined remotePropNew()
00269888	0026995b	212	doorNewInVolume	undefined doorNewInVolume()
00269960	0026996f	16	doorActivate	undefined doorActivate()
00269970	00269b0b	412	doorNew	undefined doorNew()
00269b10	00269b2b	28	gunNew	undefined gunNew()
00269b30	00269c83	340	propCalcRooms	undefined propCalcRooms()
00269c88	00269d77	240	propSetRoom	undefined propSetRoom()
00269d78	00269ef3	380	propUpdate	undefined propUpdate()
00269ef8	00269f6f	120	propUpdateRooms	undefined propUpdateRooms()
00269f70	00269fc3	84	propChrCanPickupBag	undefined propChrCanPickupBag()
00269fc8	0026a32b	868	lobsterPropTick	undefined lobsterPropTick()
0026a330	0026b0ef	2060	pickupPropTick	undefined pickupPropTick()
0026b0f0	0026b42b	828	propDropBagOnDrop	undefined propDropBagOnDrop()
0026b430	0026b533	260	bagSecuredMessage	undefined bagSecuredMessage()
0026b538	0026b70b	468	headPropNew	undefined headPropNew()
0026b710	0026be77	1896	headPropTick	undefined headPropTick()
0026be78	0026c137	704	doorPropTick	undefined doorPropTick()
0026c138	0026c15b	36	doorLock	undefined doorLock()
0026c160	0026c17f	32	doorUnlock	undefined doorUnlock()
0026c180	0026c1a3	36	doorOpen	undefined doorOpen()
0026c1a8	0026c1c7	32	doorClose	undefined doorClose()
0026c1c8	0026c313	332	remoteGetStandPos	undefined remoteGetStandPos()
0026c318	0026c43f	296	remoteGetStandAngle	undefined remoteGetStandAngle()
0026c440	0026ddbb	6524	remotePropTick	undefined remotePropTick()
0026ddc0	0026e8d7	2840	chrPropTick	undefined chrPropTick()
0026e8d8	0026ecb3	988	chrPropTickAfter	undefined chrPropTickAfter()
0026ecb8	0026ece3	44	corpsePropTick	undefined corpsePropTick()
0026ece8	0026ecef	8	gunPropTick	undefined gunPropTick()
0026ecf0	0026eee3	500	droppingPickupPropTick	undefined droppingPickupPropTick()
0026eee8	0026f45b	1396	propDrop	undefined propDrop()
0026f460	0026f4fb	156	propUnattach	undefined propUnattach()
0026f500	0026f9e7	1256	propTickBefore	undefined propTickBefore()
0026f9e8	0026fc1f	568	propTickAfter	undefined propTickAfter()
0026fc20	0026fd3f	288	propTickPlayer	undefined propTickPlayer()
0026fd40	0026fe07	200	propGfxRoomPreproc	undefined propGfxRoomPreproc()
0026fe08	0026ff0b	260	propGfxRoom	undefined propGfxRoom()
0026ff10	002702d7	968	propAttachUpdate	undefined propAttachUpdate()
002702d8	00270317	64	propSetAttached	undefined propSetAttached()
00270318	00270353	60	propSetMtxRoll	undefined propSetMtxRoll()
00270358	002703f7	160	propGetNext	undefined propGetNext()
002703f8	0027042b	48	propGetNum	undefined propGetNum()
00270430	0027094b	1304	propLineTestRoom	undefined propLineTestRoom()
00270950	00270e03	1204	MoveTestPropWalls	undefined MoveTestPropWalls()
00270e08	002714df	1748	propMoveTestRoom	undefined propMoveTestRoom()
002714e0	0027164b	364	propFindFloorHeightRoom	undefined propFindFloorHeightRoom()
00271650	00271997	840	propSwipeTest	undefined propSwipeTest()
00271998	002728cb	3892	propDamage	undefined propDamage()
002728d0	00272913	68	propKill	undefined propKill()
00272918	0027295b	68	propInPropList	undefined propInPropList()
00272960	00272a73	276	propNewPickupOnPadExtref	undefined propNewPickupOnPadExtref()
00272a78	00272a87	16	pickupposPreload	undefined pickupposPreload()
00272a88	00272ab3	44	pickupposRestart	undefined pickupposRestart()
00272ab8	00272abf	8	pickupposReset	undefined pickupposReset()
00272ac0	00272cc7	520	pickupposAdd	undefined pickupposAdd()
00272cc8	00273033	876	pickupposGfx	undefined pickupposGfx()
00273038	002730df	168	pickupGetExtraHeight	undefined pickupGetExtraHeight()
002730e0	00273613	1332	propNewPickup	undefined propNewPickup()
00273618	00273657	64	pickupPropDelete	undefined pickupPropDelete()
00273658	00273a7f	1064	propNewCorpse	undefined propNewCorpse()
00273a80	00273abf	64	propDeleteCorpse	undefined propDeleteCorpse()
00273ac0	00273baf	240	propMakeVisible	undefined propMakeVisible()
00273bb0	0027423f	1584	animMtxTick	undefined animMtxTick()
00274240	002743c3	388	propMovingPropInRange	undefined propMovingPropInRange()
002743c8	002743fb	52	allocateOverridePointers	undefined allocateOverridePointers()
00274400	00274463	100	nullOverridePointers	undefined nullOverridePointers()
00274468	0027464b	484	getOverrideChunk	undefined getOverrideChunk()
00274650	002748a7	600	allocateOverrideChunk	undefined allocateOverrideChunk()
002748a8	00274997	240	drumDamage	undefined drumDamage()
00274998	00274baf	536	crateDamage	undefined crateDamage()
00274bb0	00274bb7	8	metalcrateDamage	undefined metalcrateDamage()
00274bb8	00274e4b	660	baseDamage	undefined baseDamage()
00274e50	00274fdf	400	autogunDamage	undefined autogunDamage()
00274fe0	0027516b	396	deergunDamage	undefined deergunDamage()
00275170	002751bf	80	controlActivate	undefined controlActivate()
002751c0	00275643	1156	explosionDamage	undefined explosionDamage()
00275648	002756ab	100	propNumBallelsNotBlownUp	undefined propNumBallelsNotBlownUp()
002756b0	002756cf	32	propAllBallelsBlownUp	undefined propAllBallelsBlownUp()
002756d0	00275b83	1204	pathPosUpdateAbs	undefined pathPosUpdateAbs()
00275b88	0027626b	1764	pathPosUpdateRel	undefined pathPosUpdateRel()
00276270	002764af	576	updateData	undefined updateData()
002764b0	00276677	456	carPropNew	undefined carPropNew()
00276678	002775bb	3908	carPropTick	undefined carPropTick()
002775c0	0027785f	672	taxiDamage	undefined taxiDamage()
00277860	00277aff	672	copterDamage	undefined copterDamage()
00277b00	00277b6b	108	specialPreload	undefined specialPreload()
00277b70	00277ba3	52	specialRestart	undefined specialRestart()
00277ba8	00277bdb	52	specialReset	undefined specialReset()
00277be0	00277bf3	20	specialEnd	undefined specialEnd()
00277bf8	002783bb	1988	specialPropNew	undefined specialPropNew()
002783c0	002783ff	64	specialPropDelete	undefined specialPropDelete()
00278400	00278887	1160	vtxlistWaterxyzPre	undefined vtxlistWaterxyzPre()
00278888	00278997	272	vtxlistWaterxyz	undefined vtxlistWaterxyz()
00278998	00278a9b	260	vtxlistWaterst	undefined vtxlistWaterst()
00278aa0	00278bab	268	waterPropNew	undefined waterPropNew()
00278bb0	00278d47	408	waterPropTick	undefined waterPropTick()
00278d48	00278ef7	432	streamersPropTick	undefined streamersPropTick()
00278ef8	00279057	352	reflectionsPropTick	undefined reflectionsPropTick()
00279058	0027909f	72	scannerPropTick	undefined scannerPropTick()
002790a0	002790df	64	fanPropTick	undefined fanPropTick()
002790e0	0027911f	64	fanshadowPropTick	undefined fanshadowPropTick()
00279120	00279163	68	fanscifiPropTick	undefined fanscifiPropTick()
00279168	002791ab	68	fanChinesePropTick	undefined fanChinesePropTick()
002791b0	002791f3	68	mallfan1PropTick	undefined mallfan1PropTick()
002791f8	0027923b	68	mallfan2PropTick	undefined mallfan2PropTick()
00279240	00279323	228	calculateClockTime	undefined calculateClockTime()
00279328	002793e7	192	clockPropTick	undefined clockPropTick()
002793e8	0027949b	180	mallclockPropTick	undefined mallclockPropTick()
002794a0	002796f3	596	getSwingDirectionMultiplier	undefined getSwingDirectionMultiplier()
002796f8	002797a7	176	pubsignDamage	undefined pubsignDamage()
002797a8	00279853	172	boatsignDamage	undefined boatsignDamage()
00279858	00279907	176	gongDamage	undefined gongDamage()
00279908	002799db	212	bannerDamage	undefined bannerDamage()
002799e0	00279ae3	260	lanternDamage	undefined lanternDamage()
00279ae8	00279beb	260	chandelierDamage	undefined chandelierDamage()
00279bf0	00279cf3	260	pubsignPropTick	undefined pubsignPropTick()
00279cf8	00279d9f	168	boatsignPropTick	undefined boatsignPropTick()
00279da0	00279e47	168	gongPropTick	undefined gongPropTick()
00279e48	00279f6b	292	bannerPropTick	undefined bannerPropTick()
00279f70	0027a0cb	348	lanternPropTick	undefined lanternPropTick()
0027a0d0	0027a223	340	chandelierPropTick	undefined chandelierPropTick()
0027a228	0027a4d3	684	swingProp	undefined swingProp()
0027a4d8	0027a517	64	polePropTick	undefined polePropTick()
0027a518	0027aa13	1276	electricityPropTick	undefined electricityPropTick()
0027aa18	0027aa7b	100	outerwheelsPropTick	undefined outerwheelsPropTick()
0027aa80	0027ab1f	160	innerwheelsPropTick	undefined innerwheelsPropTick()
0027ab20	0027add3	692	spaceship1PropTick	undefined spaceship1PropTick()
0027add8	0027aeab	212	spaceship2PropTick	undefined spaceship2PropTick()
0027aeb0	0027af07	88	spaceship3PropTick	undefined spaceship3PropTick()
0027af08	0027af63	92	bigshipPropTick	undefined bigshipPropTick()
0027af68	0027b0cf	360	greenthingPropTick	undefined greenthingPropTick()
0027b0d0	0027b1d7	264	waterfallPropTick	undefined waterfallPropTick()
0027b1d8	0027b43b	612	hologramPropTick	undefined hologramPropTick()
0027b440	0027b693	596	laserPropTick	undefined laserPropTick()
0027b698	0027b9df	840	liftPropTick	undefined liftPropTick()
0027b9e0	0027bbfb	540	planetspawnPropTick	undefined planetspawnPropTick()
0027bc00	0027bc07	8	planetspawn2PropTick	undefined planetspawn2PropTick()
0027bc08	0027bcb3	172	rotatespawnPropTick	undefined rotatespawnPropTick()
0027bcb8	0027bd53	156	blastspawnPropTick	undefined blastspawnPropTick()
0027bd58	0027be03	172	ringspawnPropTick	undefined ringspawnPropTick()
0027be08	0027beab	164	splitterdomePropTick	undefined splitterdomePropTick()
0027beb0	0027bfc3	276	tombtorchPropTick	undefined tombtorchPropTick()
0027bfc8	0027c137	368	specialPropTick	undefined specialPropTick()
0027c138	0027c173	60	propFileInName	undefined propFileInName()
0027c178	0027c17f	8	propEditable	undefined propEditable()
0027c180	0027c1bb	60	propEditValidPropnum	undefined propEditValidPropnum()
0027c1c0	0027c1c7	8	propEditDelete	undefined propEditDelete()
0027c1c8	0027c2af	232	propEditCreate	undefined propEditCreate()
0027c2b0	0027c3ff	336	propEditMove	undefined propEditMove()
0027c400	0027c49b	156	propEditChange	undefined propEditChange()
0027c4a0	0027c4a7	8	propEditGfx	undefined propEditGfx()
0027c4a8	0027c573	204	calcfloorheight	undefined calcfloorheight()
0027c578	0027c797	544	moveFindFloorHeight	undefined moveFindFloorHeight()
0027c798	0027c86b	212	moveFindFloorRoom	undefined moveFindFloorRoom()
0027c870	0027c9eb	380	moveFindRoom	undefined moveFindRoom()
0027c9f0	0027cb67	376	moveFindFloor	undefined moveFindFloor()
0027cb68	0027ccdb	372	DistFromWallSq	undefined DistFromWallSq()
0027cce0	0027d0bf	992	MoveTestWall	undefined MoveTestWall()
0027d0c0	0027db0b	2636	moveTest	undefined moveTest()
0027db10	0027dff3	1252	moveTestDoSlide	undefined moveTestDoSlide()
0027dff8	0027e2f3	764	moveCylGfx	undefined moveCylGfx()
0027e2f8	0027e2ff	8	camRestart	undefined camRestart()
0027e300	0027e307	8	camReset	undefined camReset()
0027e308	0027e30f	8	camEnd	undefined camEnd()
0027e310	0027e317	8	camSetMode	undefined camSetMode()
0027e318	0027e31f	8	camGetMode	undefined camGetMode()
0027e320	0027efa7	3208	camTick	undefined camTick()
0027efa8	0027efaf	8	playerprintpos	undefined playerprintpos()
0027efb0	0027f097	232	playerSetWindow	undefined playerSetWindow()
0027f098	0027f137	160	playerSetStartGun	undefined playerSetStartGun()
0027f138	0027f4d7	924	playerSetStartPos	undefined playerSetStartPos()
0027f4d8	0027f5a7	208	playerPreload	undefined playerPreload()
0027f5a8	0027f803	604	playerSetControls	undefined playerSetControls()
0027f808	0027ff7f	1912	playerRestart	undefined playerRestart()
0027ff80	00280013	148	playerReset	undefined playerReset()
00280018	002800fb	228	playerClearGuns	undefined playerClearGuns()
00280100	00280177	120	playerDirtyPosReset	undefined playerDirtyPosReset()
00280178	002803c3	588	playerRespawn	undefined playerRespawn()
002803c8	00280483	188	playerDeathMessage	undefined playerDeathMessage()
00280488	00280583	252	playerDie	undefined playerDie()
00280588	0028068b	260	playerOnGroundDie	undefined playerOnGroundDie()
00280690	0028076f	224	playerMessage	undefined playerMessage()
00280770	0028077f	16	playerAutoAimRestart	undefined playerAutoAimRestart()
00280780	00280857	216	playerAutoAimCalc	undefined playerAutoAimCalc()
00280858	00280b5f	776	playerAutoAimTick	undefined playerAutoAimTick()
00280b60	00281247	1768	playerDeathView	undefined playerDeathView()
00281248	00283e7f	8036	playerTick	undefined playerTick()
00283e80	00283e87	8	playerFrustrumGfx	undefined playerFrustrumGfx()
00283e88	00283e8f	8	playerHitPosGfx	undefined playerHitPosGfx()
00283e90	00283f5b	204	testanims	undefined testanims()
00283f60	00284e2b	3788	playerselectanim	undefined playerselectanim()
00284e30	00284e37	8	playerEnd	undefined playerEnd()
00284e38	00284e8b	84	anglediff	undefined anglediff()
00284e90	00284fc3	308	debugtesthits	undefined debugtesthits()
00284fc8	00284ff3	44	chrRestart	undefined chrRestart()
00284ff8	00285033	60	chrReset	undefined chrReset()
00285038	0028504b	20	chrEnd	undefined chrEnd()
00285050	0028505b	12	chrConfirmLastHitPart	undefined chrConfirmLastHitPart()
00285060	00285067	8	chrGetLastHitPart	undefined chrGetLastHitPart()
00285068	0028506f	8	chrSetLastHitPart	undefined chrSetLastHitPart()
00285070	00285343	724	chrAddFloorMoveToPos	undefined chrAddFloorMoveToPos()
00285348	0028576b	1060	FindBestBonePos	undefined FindBestBonePos()
00285770	00285a4b	732	FindPartCenterPos	undefined FindPartCenterPos()
00285a50	002866fb	3240	InitialiseChrBoundingBoxData	undefined InitialiseChrBoundingBoxData()
00286700	002872a7	2984	chrLineTestChr	undefined chrLineTestChr()
002872a8	00287cbb	2580	chrSwipeTestChr	undefined chrSwipeTestChr()
00287cc0	00287fbf	768	chrNew	undefined chrNew()
00287fc0	0028845f	1184	chrRespawn	undefined chrRespawn()
00288460	0028869b	572	chrGetChrHeadPropUse	undefined chrGetChrHeadPropUse()
002886a0	0028870f	112	chrGetChrHeadProp	undefined chrGetChrHeadProp()
00288710	002887e3	212	chrSelectTeam	undefined chrSelectTeam()
002887e8	00288913	300	chrPreload	undefined chrPreload()
00288918	00288927	16	chrResetAmmo	undefined chrResetAmmo()
00288928	00288a2b	260	chrClearGuns	undefined chrClearGuns()
00288a30	00288e3f	1040	chrSelectDeathAnim	undefined chrSelectDeathAnim()
00288e40	00288f67	296	updateTeamFlags	undefined updateTeamFlags()
00288f68	00289027	192	chrCountKills	undefined chrCountKills()
00289028	00289077	80	chrCountLosses	undefined chrCountLosses()
00289078	0028915b	228	teamGetScore	undefined teamGetScore()
00289160	002891df	128	chrGetScore	undefined chrGetScore()
002891e0	002891fb	28	chrGetScale	undefined chrGetScale()
00289200	002892a3	164	bulletRestart	undefined bulletRestart()
002892a8	002892cb	36	bulletReset	undefined bulletReset()
002892d0	0028948b	444	disconnect	undefined disconnect()
00289490	002894ab	28	bulletGetGroupType	undefined bulletGetGroupType()
002894b0	002894cb	28	bulletTypeExplosive	undefined bulletTypeExplosive()
002894d0	00289513	68	addhead	undefined addhead()
00289518	0028955b	68	addtail	undefined addtail()
00289560	002895c7	104	bulletNew	undefined bulletNew()
002895c8	00289633	108	bulletFree	undefined bulletFree()
00289638	00289c6b	1588	updateProximityProps	undefined updateProximityProps()
00289c70	00289d2f	192	bulletInitialiseStraightLineTest	undefined bulletInitialiseStraightLineTest()
00289d30	0028a1cf	1184	bulletStraightLineTest	undefined bulletStraightLineTest()
0028a1d0	0028a46b	668	bulletNonStraightLineTest	undefined bulletNonStraightLineTest()
0028a470	0028a683	532	bulletExplodeMines	undefined bulletExplodeMines()
0028a688	0028a72b	164	bulletGetMinesAttachedToProp	undefined bulletGetMinesAttachedToProp()
0028a730	0028a82b	252	bulletExplodeRemoteMine	undefined bulletExplodeRemoteMine()
0028a830	0028a8e7	184	ricochetsfx	undefined ricochetsfx()
0028a8e8	0028cfff	10008	bulletTick	undefined bulletTick()
0028d000	0028d02b	44	bulletGfx	undefined bulletGfx()
0028d030	0028d037	8	bulletEnd	undefined bulletEnd()
0028d038	0028d0fb	196	bulletGetBulletColour	undefined bulletGetBulletColour()
0028d100	0028d213	276	bulletGetClosest	undefined bulletGetClosest()
0028d218	0028d2d3	188	bulletProcessGlasshits	undefined bulletProcessGlasshits()
0028d2d8	0028d3a3	204	bulletMakeAttachedMinesInvisible	undefined bulletMakeAttachedMinesInvisible()
0028d3a8	0028d45f	184	gunSetAmmoToMax	undefined gunSetAmmoToMax()
0028d460	0028d817	952	gunPreload	undefined gunPreload()
0028d818	0028d81f	8	gunRestart	undefined gunRestart()
0028d820	0028d827	8	gunReset	undefined gunReset()
0028d828	0028d91b	244	getnextcombo	undefined getnextcombo()
0028d920	0028d9b3	148	getmostpowerfulcombo	undefined getmostpowerfulcombo()
0028d9b8	0028dac7	268	getprevcombo	undefined getprevcombo()
0028dac8	0028db17	80	changeToComboWithAmmo	undefined changeToComboWithAmmo()
0028db18	0028db8f	120	gunReloadCore	undefined gunReloadCore()
0028db90	0028de67	728	gunReload	undefined gunReload()
0028de68	0028df27	192	gunFireSfx	undefined gunFireSfx()
0028df28	0028e343	1052	fireCartridges	undefined fireCartridges()
0028e348	0028e35f	24	chrMuzzleFlash	undefined chrMuzzleFlash()
0028e360	0028f00b	3244	playerFireShots	undefined playerFireShots()
0028f010	0028f2cb	700	gunPlayerFire	undefined gunPlayerFire()
0028f2d0	0029000b	3388	gunChrFire	undefined gunChrFire()
00290010	002904ff	1264	gunRemoteFire	undefined gunRemoteFire()
00290500	0029069f	416	npcThrowGrenade	undefined npcThrowGrenade()
002906a0	002906c3	36	gunGetBulletType	undefined gunGetBulletType()
002906c8	0029106f	2472	gunFire	undefined gunFire()
00291070	00291137	200	resetPlayerGunReload	undefined resetPlayerGunReload()
00291138	002911df	168	resetPlayerGun	undefined resetPlayerGun()
002911e0	00291d37	2904	gunUpdateParts	undefined gunUpdateParts()
00291d38	00292117	992	updateShotgunReload	undefined updateShotgunReload()
00292118	002922ab	404	updateFuse	undefined updateFuse()
002922b0	002922d7	40	gunSetPlayerZoom	undefined gunSetPlayerZoom()
002922d8	002941a3	1012	gunUpdate	undefined gunUpdate()
002941a8	002943db	564	gunCreatePlayerGun	undefined gunCreatePlayerGun()
002943e0	00294453	116	gunIsLeftGunVisible	undefined gunIsLeftGunVisible()
00294458	002944eb	148	gunDetonateRemoteMines	undefined gunDetonateRemoteMines()
002944f0	00294523	52	gunChrMuzzleOff	undefined gunChrMuzzleOff()
00294528	002946bf	408	gunChrUpdate	undefined gunChrUpdate()
002946c0	0029496b	684	gunTick	undefined gunTick()
00294970	002949df	112	chrgunTick	undefined chrgunTick()
002949e0	00294abb	220	gunGfx	undefined gunGfx()
00294ac0	00294ac7	8	gunEnd	undefined gunEnd()
00294ac8	00294b47	128	gunAddAmmo	undefined gunAddAmmo()
00294b48	00294c2b	228	gunGetGunAmmo	undefined gunGetGunAmmo()
00294c30	00294e43	532	gunShouldSwitchTo	undefined gunShouldSwitchTo()
00294e48	00294f63	284	gunPickedUpAmmo	undefined gunPickedUpAmmo()
00294f68	00295043	220	gunShouldSwitchToOnPickup	undefined gunShouldSwitchToOnPickup()
00295048	0029504f	8	gunDebugPrintStats	undefined gunDebugPrintStats()
00295050	00295087	56	gunShouldKeepWithNoAmmo	undefined gunShouldKeepWithNoAmmo()
00295088	002950b7	48	gunCanDetonateMines	undefined gunCanDetonateMines()
002950b8	002950c3	12	gunLeftHandAble	undefined gunLeftHandAble()
002950c8	002950eb	36	gunRightHandAble	undefined gunRightHandAble()
002950f0	0029513f	80	gunLeftHandActive	undefined gunLeftHandActive()
00295140	0029518f	80	gunRightHandActive	undefined gunRightHandActive()
00295190	002951d7	72	gunBothHandsActive	undefined gunBothHandsActive()
002951d8	00295237	96	gunIsPunching	undefined gunIsPunching()
00295238	00295263	44	gunDoesAutoAim	undefined gunDoesAutoAim()
00295268	0029527b	20	cartridgesRestart	undefined cartridgesRestart()
00295280	00295287	8	cartridgesReset	undefined cartridgesReset()
00295288	00295313	140	cartridgesEnd	undefined cartridgesEnd()
00295318	002959ff	1768	addCartridge	undefined addCartridge()
00295a00	00295dcf	976	cartridgesTick	undefined cartridgesTick()
00295dd0	00295f83	436	ipSetScreenAsTexture	undefined ipSetScreenAsTexture()
00295f88	00295f9b	20	ipSetCurScreenAsTexture	undefined ipSetCurScreenAsTexture()
00295fa0	00295fb3	20	ipSetLastScreenAsTexture	undefined ipSetLastScreenAsTexture()
00295fb8	00295fbf	8	ipSetZBAsTexture	undefined ipSetZBAsTexture()
00295fc0	002960b3	244	ipDefocus	undefined ipDefocus()
002960b8	0029611f	104	ipMotionBlur	undefined ipMotionBlur()
00296120	002961eb	204	ipViewZB	undefined ipViewZB()
002961f0	002962cf	224	ipInvertScreen	undefined ipInvertScreen()
002962d0	002965eb	796	ipFishEye	undefined ipFishEye()
002965f0	0029660f	32	ipIsFisheyeOn	undefined ipIsFisheyeOn()
00296610	00296677	104	ipTick	undefined ipTick()
00296678	00296833	444	ipGfx	undefined ipGfx()
00296838	0029689f	104	particleGetScale	undefined particleGetScale()
002968a0	002968d7	56	particleGetNum	undefined particleGetNum()
002968d8	00296923	76	particlePreload	undefined particlePreload()
00296928	00296a63	316	particleRestart	undefined particleRestart()
00296a68	00296a8f	40	particleReset	undefined particleReset()
00296a90	00296aa3	20	particleEnd	undefined particleEnd()
00296aa8	00296ad3	44	particleprintlist	undefined particleprintlist()
00296ad8	00296b03	44	particleprintsizes	undefined particleprintsizes()
00296b08	00296beb	228	particleFree	undefined particleFree()
00296bf0	00296c3b	76	getlastinusedlist	undefined getlastinusedlist()
00296c40	00296c8f	80	particledebug	undefined particledebug()
00296c90	00296e3f	432	getgroup	undefined getgroup()
00296e40	00296e4f	16	particleSetViewmask	undefined particleSetViewmask()
00296e50	00296e87	56	particleUpdateRate	undefined particleUpdateRate()
00296e88	00296eaf	40	particleUpdatePos	undefined particleUpdatePos()
00296eb0	00296ebf	16	particleUpdateGroundHeight	undefined particleUpdateGroundHeight()
00296ec0	002971df	800	particleNewSparks	undefined particleNewSparks()
002971e0	00297597	952	particleNewGunSparks	undefined particleNewGunSparks()
00297598	002978bf	808	particleNewSpriteSparks	undefined particleNewSpriteSparks()
002978c0	00297e2b	1388	particleNewExplosion	undefined particleNewExplosion()
00297e30	00297fa7	376	particleNewSmoke	undefined particleNewSmoke()
00297fa8	002980ff	344	particleNewPulse	undefined particleNewPulse()
00298100	002981af	176	particleNewRay	undefined particleNewRay()
002981b0	0029825b	172	particleNewTracer	undefined particleNewTracer()
00298260	00298327	200	particleNewTrail	undefined particleNewTrail()
00298328	002983df	184	particleNewManual	undefined particleNewManual()
002983e0	00298777	920	particleNewBurst	undefined particleNewBurst()
00298778	0029886f	248	particleNewStream	undefined particleNewStream()
00298870	0029996b	4348	glassSetQuad	undefined glassSetQuad()
00299970	0029ae83	5396	particleNewGlass	undefined particleNewGlass()
0029ae88	0029b28b	1028	particleTrailTick	undefined particleTrailTick()
0029b290	0029b297	8	particleManualTick	undefined particleManualTick()
0029b298	0029b40f	376	particleBurstTick	undefined particleBurstTick()
0029b410	0029b88f	1152	particleStreamTick	undefined particleStreamTick()
0029b890	0029bc53	964	particleGlassTick	undefined particleGlassTick()
0029bc58	0029c073	1052	particleTick	undefined particleTick()
0029c078	0029c80f	1944	particleSparkGroupGfx	undefined particleSparkGroupGfx()
0029c810	0029ce6f	1632	particleGunSparkGroupGfx	undefined particleGunSparkGroupGfx()
0029ce70	0029d52b	1724	particleSpriteSparkGroupGfx	undefined particleSpriteSparkGroupGfx()
0029d530	0029d553	36	particleExplosionTick	undefined particleExplosionTick()
0029d558	0029dc3b	1764	particleExplosionGfx	undefined particleExplosionGfx()
0029dc40	0029e2c3	1668	particleSmokeGfx	undefined particleSmokeGfx()
0029e2c8	0029e967	1696	particleTracerGfx	undefined particleTracerGfx()
0029e968	0029efb7	1616	particlePulseGfx	undefined particlePulseGfx()
0029efb8	0029f5e3	1580	particleRayGfx	undefined particleRayGfx()
0029f5e8	0029fe1f	2104	particleTrailGfx	undefined particleTrailGfx()
0029fe20	002a02cb	1196	particleBurstGfx	undefined particleBurstGfx()
002a02d0	002a0723	1108	particleStreamGfx	undefined particleStreamGfx()
002a0728	002a0f63	2108	particleManualGfx	undefined particleManualGfx()
002a0f68	002a128b	804	particleRender	undefined particleRender()
002a1290	002a189b	1548	particleGlassGfx	undefined particleGlassGfx()
002a18a0	002a1903	100	particleGroupIsVisible	undefined particleGroupIsVisible()
002a1908	002a1e97	1424	particleGfx	undefined particleGfx()
002a1e98	002a2483	1516	particleGetClosestExplosion	undefined particleGetClosestExplosion()
002a2488	002a24db	84	decalPreload	undefined decalPreload()
002a24e0	002a2657	376	decalRestart	undefined decalRestart()
002a2658	002a26f3	156	decalReset	undefined decalReset()
002a26f8	002a270b	20	decalEnd	undefined decalEnd()
002a2710	002a30bf	2476	decalClipToPoly	undefined decalClipToPoly()
002a30c0	002a30df	32	decalGetRoomFromProp	undefined decalGetRoomFromProp()
002a30e0	002a31c3	228	decalAddToDrawList	undefined decalAddToDrawList()
002a31c8	002a326f	168	decalRemoveFromDrawList	undefined decalRemoveFromDrawList()
002a3270	002a3bd7	2404	decalAddNewDecal	undefined decalAddNewDecal()
002a3bd8	002a4023	1100	decalNewDecalMain	undefined decalNewDecalMain()
002a4028	002a4757	1840	decalNewDecal	undefined decalNewDecal()
002a4758	002a4933	476	decalGetBulletTexScaleCol	undefined decalGetBulletTexScaleCol()
002a4938	002a4ac7	400	decalNewGlassDecal	undefined decalNewGlassDecal()
002a4ac8	002a4b0b	68	decalRemoveDecal	undefined decalRemoveDecal()
002a4b10	002a4bbf	176	decalRemoveDecalsFromProp	undefined decalRemoveDecalsFromProp()
002a4bc0	002a4bd7	24	decalSetAlphaScale	undefined decalSetAlphaScale()
002a4bd8	002a5b1f	3908	decalTick	undefined decalTick()
002a5b20	002a61c7	1704	decalDraw	undefined decalDraw()
002a61c8	002a624b	132	decalGfx	undefined decalGfx()
002a6250	002a62d3	132	decalGfxMoving	undefined decalGfxMoving()
002a62d8	002a65b3	732	sjeStoreImage	undefined sjeStoreImage()
002a65b8	002a6603	76	zbtestPreload	undefined zbtestPreload()
002a6608	002a663b	52	zbtestRestart	undefined zbtestRestart()
002a6640	002a6723	228	zbtestReset	undefined zbtestReset()
002a6728	002a672f	8	zbtestRestartAfter	undefined zbtestRestartAfter()
002a6730	002a678f	96	zbtestResetAfter	undefined zbtestResetAfter()
002a6790	002a67b7	40	zbtestEnd	undefined zbtestEnd()
002a67b8	002a6b6b	948	flareGfx	undefined flareGfx()
002a6b70	002a6b77	8	torchGfx	undefined torchGfx()
002a6b78	002a6daf	568	zbtestGfx	undefined zbtestGfx()
002a6db0	002a6e23	116	zbtestStartAddGlow	undefined zbtestStartAddGlow()
002a6e28	002a6e5f	56	zbtestEndAddGlow	undefined zbtestEndAddGlow()
002a6e60	002a6ef3	148	zbtestAddPoint	undefined zbtestAddPoint()
002a6ef8	002a6f4f	88	zbtestDrawGlow	undefined zbtestDrawGlow()
002a6f50	002a6fa7	88	zbtestDrawFlareFx	undefined zbtestDrawFlareFx()
002a6fa8	002a7007	96	zbtestDrawTorch	undefined zbtestDrawTorch()
002a7008	002a702b	36	zbtestAdvanceAddPtr	undefined zbtestAdvanceAddPtr()
002a7030	002a7053	36	zbtestAdvanceTestPtr	undefined zbtestAdvanceTestPtr()
002a7058	002a709b	68	zbtestAdvanceDrawPtr	undefined zbtestAdvanceDrawPtr()
002a70a0	002a7103	100	zbtestCopyZB	undefined zbtestCopyZB()
002a7108	002a7183	124	zbtestDoTest	undefined zbtestDoTest()
002a7188	002a728f	264	zbtestGetVisibleBias	undefined zbtestGetVisibleBias()
002a7290	002a7297	8	blastringReset	undefined blastringReset()
002a7298	002a72eb	84	blastringNew	undefined blastringNew()
002a72f0	002a7837	1352	blastringGfx	undefined blastringGfx()
002a7838	002a783f	8	blastringEnd	undefined blastringEnd()
002a7840	002a7993	340	roomlightRestart	undefined roomlightRestart()
002a7998	002a7a33	156	roomlightReset	undefined roomlightReset()
002a7a38	002a7a4b	20	roomlightEnd	undefined roomlightEnd()
002a7a50	002a7aaf	96	vtxlistcolour	undefined vtxlistcolour()
002a7ab0	002a7cc7	536	obInstLight	undefined obInstLight()
002a7cc8	002a7d1f	88	roomlightGetRoomColourIntensity	undefined roomlightGetRoomColourIntensity()
002a7d20	002a7fe7	712	roomlightTick	undefined roomlightTick()
002a7fe8	002a800f	40	roomlightSet	undefined roomlightSet()
002a8010	002a8017	8	weatherPreload	undefined weatherPreload()
002a8018	002a802b	20	weatherRestart	undefined weatherRestart()
002a8030	002a8037	8	weatherReset	undefined weatherReset()
002a8038	002a8073	60	weatherSet	undefined weatherSet()
002a8078	002a80c7	80	weatherCalcPositionalTime	undefined weatherCalcPositionalTime()
002a80c8	002a844f	904	weatherCalcWindAtTime	undefined weatherCalcWindAtTime()
002a8450	002a8483	52	weatherGetWindAtPosition	undefined weatherGetWindAtPosition()
002a8488	002a84eb	100	weatherCalcWindStrengthInDir	undefined weatherCalcWindStrengthInDir()
002a84f0	002a861f	304	weatherTick	undefined weatherTick()
002a8620	002a8627	8	weatherGfx	undefined weatherGfx()
002a8628	002a866f	72	starfieldPreload	undefined starfieldPreload()
002a8670	002a8773	260	setStar	undefined setStar()
002a8778	002a8b37	960	starfieldRestart	undefined starfieldRestart()
002a8b38	002a8b3f	8	starfieldReset	undefined starfieldReset()
002a8b40	002a8b47	8	starfieldTick	undefined starfieldTick()
002a8b48	002a9063	1308	specialParticlesGfx	undefined specialParticlesGfx()
002a9068	002a96db	1652	starfieldGfx	undefined starfieldGfx()
002a96e0	002a977f	160	specialfxPreload	undefined specialfxPreload()
002a9780	002a9843	196	specialfxRestart	undefined specialfxRestart()
002a9848	002a984f	8	specialfxReset	undefined specialfxReset()
002a9850	002a9883	52	specialfxEnd	undefined specialfxEnd()
002a9888	002aad8f	5384	specialfxCreate	undefined specialfxCreate()
002aad90	002aae87	248	specialfxNew	undefined specialfxNew()
002aae88	002aaed7	80	specialfxFreePtr	undefined specialfxFreePtr()
002aaed8	002aaff3	284	specialfxFree	undefined specialfxFree()
002aaff8	002ab33f	840	quadRenderAligned	undefined quadRenderAligned()
002ab340	002ab86f	1328	specialfxTimeSplitterRadiusGfx	undefined specialfxTimeSplitterRadiusGfx()
002ab870	002abd03	1172	specialfxTimeSplitterHandsGfx	undefined specialfxTimeSplitterHandsGfx()
002abd08	002abdf7	240	specialfxBlastRadius	undefined specialfxBlastRadius()
002abdf8	002abe9b	164	specialfxGfx	undefined specialfxGfx()
002abea0	002ac36b	1228	spawnfxTick	undefined spawnfxTick()
002ac370	002ac50b	412	specialfxBlastShardTick	undefined specialfxBlastShardTick()
002ac510	002ac7af	672	specialfxOccasionalRocketSmokeTick	undefined specialfxOccasionalRocketSmokeTick()
002ac7b0	002acabb	780	specialfxPlanetSpawnTick	undefined specialfxPlanetSpawnTick()
002acac0	002acb77	184	specialfxPlanetSpawnGlowTick	undefined specialfxPlanetSpawnGlowTick()
002acb78	002accd7	352	specialfxRotateSpawnTick	undefined specialfxRotateSpawnTick()
002accd8	002aceeb	532	specialfxBlastSpawnTick	undefined specialfxBlastSpawnTick()
002acef0	002ad16b	636	specialfxRingSpawnTick	undefined specialfxRingSpawnTick()
002ad170	002ad3ff	656	specialfxSphereSpawnTick	undefined specialfxSphereSpawnTick()
002ad400	002ad51b	284	specialfxPickupSpawnTick	undefined specialfxPickupSpawnTick()
002ad520	002ad783	612	specialfxTimesplitterRadiusTick	undefined specialfxTimesplitterRadiusTick()
002ad788	002ad9eb	612	specialfxTimesplitterHandsTick	undefined specialfxTimesplitterHandsTick()
002ad9f0	002adb4f	352	specialfxGroupsTick	undefined specialfxGroupsTick()
002adb50	002adb6b	28	specialfxTick	undefined specialfxTick()
002adb70	002ae1bf	1616	specialfxNewSpawn	undefined specialfxNewSpawn()
002ae1c0	002ae1d3	20	specialfxFreeSpawn	undefined specialfxFreeSpawn()
002ae1d8	002ae23f	104	specialfxIsOutdoors	undefined specialfxIsOutdoors()
002ae240	002ae2e3	164	specialfxCalcDistSqFromWall	undefined specialfxCalcDistSqFromWall()
002ae2e8	002ae3fb	276	specialfxIsSpace	undefined specialfxIsSpace()
002ae400	002ae56f	368	specialfxGetBestSpawnType	undefined specialfxGetBestSpawnType()
002ae570	002ae5ef	128	specialfxUpdatePos	undefined specialfxUpdatePos()
002ae5f0	002ae63b	76	creditsPreload	undefined creditsPreload()
002ae640	002ae68f	80	creditsReset	undefined creditsReset()
002ae690	002ae697	8	creditsEnd	undefined creditsEnd()
002ae698	002ae6c7	48	creditsTick	undefined creditsTick()
002ae6c8	002ae74b	132	creditsGfx	undefined creditsGfx()
002ae750	002ae837	232	creditsRestartTunnel	undefined creditsRestartTunnel()
002ae838	002aeac7	656	creditsBgReset	undefined creditsBgReset()
002aeac8	002aeea7	992	creditsBgTick	undefined creditsBgTick()
002aeea8	002aefdf	312	getCreditTunnelPos	undefined getCreditTunnelPos()
002aefe0	002af22b	588	getCreditTunnelSection	undefined getCreditTunnelSection()
002af230	002af863	1588	creditsSetQuad	undefined creditsSetQuad()
002af868	002afb97	816	creditsSetST	undefined creditsSetST()
002afb98	002aff0b	884	creditsBgGfx	undefined creditsBgGfx()
002aff10	002aff3b	44	creditsTextReset	undefined creditsTextReset()
002aff40	002b00e7	424	creditsTextTick	undefined creditsTextTick()
002b00e8	002b02ff	536	creditsCalcTextWave	undefined creditsCalcTextWave()
002b0300	002b04f7	504	creditsTextGfx	undefined creditsTextGfx()
002b04f8	002b052b	52	hudGetBagIconFileName	undefined hudGetBagIconFileName()
002b0530	002b088f	864	hudPreload	undefined hudPreload()
002b0890	002b0987	248	hudRestart	undefined hudRestart()
002b0988	002b098f	8	hudReset	undefined hudReset()
002b0990	002b09e3	84	hudMessage	undefined hudMessage()
002b09e8	002b0a2b	68	hudMessageTick	undefined hudMessageTick()
002b0a30	002b0e7f	1104	hudMessageDraw	undefined hudMessageDraw()
002b0e80	002b0f6b	236	hudTick	undefined hudTick()
002b0f70	002b0fbb	76	hudShowScore	undefined hudShowScore()
002b0fc0	002b117f	448	drawTitleBox	undefined drawTitleBox()
002b1180	002b1323	416	hudBaseGfx	undefined hudBaseGfx()
002b1328	002b141f	248	hudAmountBarGfx	undefined hudAmountBarGfx()
002b1420	002b1593	372	drawValueBox	undefined drawValueBox()
002b1598	002b15b3	28	hudScoreWidth	undefined hudScoreWidth()
002b15b8	002b177f	456	hudScoreGfx	undefined hudScoreGfx()
002b1780	002b1857	216	hudChallengeTimeLeftGfx	undefined hudChallengeTimeLeftGfx()
002b1858	002b18fb	164	hudChallengeScoreGfx	undefined hudChallengeScoreGfx()
002b1900	002b19b7	184	hudLSScoreGfx	undefined hudLSScoreGfx()
002b19b8	002b1abb	260	hudRankGfx	undefined hudRankGfx()
002b1ac0	002b1c1b	348	hudBagIconGfx	undefined hudBagIconGfx()
002b1c20	002b1e97	632	hudAmmoGfx	undefined hudAmmoGfx()
002b1e98	002b2253	956	hudMinesGfx	undefined hudMinesGfx()
002b2258	002b2943	1772	hudRadarGfx	undefined hudRadarGfx()
002b2948	002b2c0b	708	hudPainGfx	undefined hudPainGfx()
002b2c10	002b2d63	340	hudMeterGfx	undefined hudMeterGfx()
002b2d68	002b3593	2092	hudGfx	undefined hudGfx()
002b3598	002b359f	8	hudEnd	undefined hudEnd()
002b35a0	002b35e7	72	cd_read	undefined cd_read()
002b35e8	002b366b	132	GetRootDirDetails	undefined GetRootDirDetails()
002b3670	002b37ab	316	SCEECdSearchFile	undefined SCEECdSearchFile()
002b37b0	002b391b	364	IsFileInDir	undefined IsFileInDir()
002b3920	002b3983	100	makeInt	undefined makeInt()
002b3988	002b399f	24	bcd2int	undefined bcd2int()
002b39a0	002b39c7	40	int2bcd	undefined int2bcd()
002b39c8	002b3a87	192	clock2u32	undefined clock2u32()
002b3a88	002b3b83	252	u322clock	undefined u322clock()
002b3b88	002b3c3f	184	getHoursMinutesSeconds	undefined getHoursMinutesSeconds()
002b3c40	002b3c4f	16	GetOsdConfigParam2	undefined GetOsdConfigParam2()
002b3c50	002b3c8f	64	rtcGetTime	undefined rtcGetTime()
002b3c90	002b3cff	112	rtcFormatTime	undefined rtcFormatTime()
002b3d00	002b3d4f	80	crcCalc	undefined crcCalc()
002b3d50	002b3d7b	44	crcCheck	undefined crcCheck()
002b3d80	002b3dd3	84	rotx2fquat	undefined rotx2fquat()
002b3dd8	002b3e2b	84	roty2fquat	undefined roty2fquat()
002b3e30	002b3e83	84	rotz2fquat	undefined rotz2fquat()
002b3e88	002b3f8b	260	rot2fquat	undefined rot2fquat()
002b3f90	002b407f	240	quaternionToMatrix	undefined quaternionToMatrix()
002b4080	002b433f	704	quaternionSlerp	undefined quaternionSlerp()
002b4340	002b4603	708	quaternionSlerp2	undefined quaternionSlerp2()
002b4608	002b4677	112	quaternionLerp	undefined quaternionLerp()
002b4678	002b477b	260	quaternionMul	undefined quaternionMul()
002b4780	002b47af	48	quaternionInvert	undefined quaternionInvert()
002b47b0	002b4863	180	quaternionNormalise	undefined quaternionNormalise()
002b4868	002b48bb	84	vafmt	undefined vafmt()
002b48c0	002b48f3	52	PowerOf2	undefined PowerOf2()
002b48f8	002b49f3	252	bubbleSort	undefined bubbleSort()
002b49f8	002b4a57	96	matrixRotX	undefined matrixRotX()
002b4a58	002b4ab7	96	matrixRotY	undefined matrixRotY()
002b4ab8	002b4b17	96	matrixRotZ	undefined matrixRotZ()
002b4b18	002b4c4f	312	matrixRotZXY	undefined matrixRotZXY()
002b4c50	002b4cdf	144	matrixTransRotY	undefined matrixTransRotY()
002b4ce0	002b4e3f	352	matrixTransRotZXY	undefined matrixTransRotZXY()
002b4e40	002b4e93	84	matrixTrans	undefined matrixTrans()
002b4e98	002b4ea7	16	matrixSetTrans	undefined matrixSetTrans()
002b4ea8	002b4ee3	60	matrixScale	undefined matrixScale()
002b4ee8	002b4f1b	52	matrixDoScaleX	undefined matrixDoScaleX()
002b4f20	002b4f73	84	matrixScaleSet	undefined matrixScaleSet()
002b4f78	002b5203	652	matrixLook	undefined matrixLook()
002b5208	002b5253	76	matrixLookAt	undefined matrixLookAt()
002b5258	002b5363	268	matrixPerspective	undefined matrixPerspective()
002b5368	002b5423	188	matrixOrtho	undefined matrixOrtho()
002b5428	002b54c3	156	matrixVecMul	undefined matrixVecMul()
002b54c8	002b54f3	44	matrixVecMulAligned	undefined matrixVecMulAligned()
002b54f8	002b556b	116	matrixVec3Mul4	undefined matrixVec3Mul4()
002b5570	002b559b	44	matrixVec3Mul4Aligned	undefined matrixVec3Mul4Aligned()
002b55a0	002b5633	148	matrixVecRot	undefined matrixVecRot()
002b5638	002b565b	36	matrixVecRotAligned	undefined matrixVecRotAligned()
002b5660	002b568f	48	matrixVecTrans	undefined matrixVecTrans()
002b5690	002b56d3	68	matrixPrintf	undefined matrixPrintf()
002b56d8	002b596b	660	matrixToQuaternion	undefined matrixToQuaternion()
002b5970	002b5c07	664	matrixToQuaternionNew	undefined matrixToQuaternionNew()
002b5c08	002b5c23	28	calInbetweenMatrix	undefined calInbetweenMatrix()
002b5c28	002b5d7f	344	matrixroll	undefined matrixroll()
002b5d80	002b5f0f	400	matrixLerp	undefined matrixLerp()
002b5f10	002b5fdf	208	matrix2Euler	undefined matrix2Euler()
002b5fe0	002b5fe7	8	profileMake	undefined profileMake()
002b5fe8	002b601b	52	profileRestart	undefined profileRestart()
002b6020	002b6027	8	profileReset	undefined profileReset()
002b6028	002b6057	48	profileTick	undefined profileTick()
002b6058	002b627f	552	profileSimpleTimeBar	undefined profileSimpleTimeBar()
002b6280	002b6287	8	profileGfx	undefined profileGfx()
002b6288	002b628f	8	profileEnd	undefined profileEnd()
002b6290	002b6297	8	profileStartTiming	undefined profileStartTiming()
002b6298	002b629f	8	profileStopTiming	undefined profileStopTiming()
002b62a0	002b62bb	28	profileTimeGet	undefined profileTimeGet()
002b62c0	002b62ff	64	profileStart	undefined profileStart()
002b6300	002b631b	28	profileFinish	undefined profileFinish()
002b6320	002b63c7	168	profileTimeStart	undefined profileTimeStart()
002b63c8	002b645f	152	profileTimeEnd	undefined profileTimeEnd()
002b6460	002b662b	460	profileTimeBar	undefined profileTimeBar()
002b6630	002b664f	32	timeMake	undefined timeMake()
002b6650	002b6687	56	timeTickRetrace	undefined timeTickRetrace()
002b6688	002b66e3	92	timeGet	undefined timeGet()
002b66e8	002b6817	304	timeTickStart	undefined timeTickStart()
002b6818	002b684f	56	timePause	undefined timePause()
002b6850	002b685b	12	timeGetPause	undefined timeGetPause()
002b6860	002b687f	32	timeTickEnd	undefined timeTickEnd()
002b6880	002b6887	8	_game_assert_fail	undefined _game_assert_fail()
002b6888	002b68cb	68	newrnd2	undefined newrnd2()
002b68d0	002b68f3	36	newrnd	undefined newrnd()
002b68f8	002b690f	24	newrndseed	undefined newrndseed()
002b6910	002b6917	8	screenDumpGetFrame1	undefined screenDumpGetFrame1()
002b6918	002b691f	8	screenDumpGetFrame2	undefined screenDumpGetFrame2()
002b6920	002b6927	8	screenDumpSave	undefined screenDumpSave()
002b6928	002b692f	8	zbDump	undefined zbDump()
002b6930	002b69a3	116	trigMake	undefined trigMake()
002b69a8	002b6a1f	120	emResetTexBuffer	undefined emResetTexBuffer()
002b6a20	002b6aa7	136	emCreateTexBuffer	undefined emCreateTexBuffer()
002b6aa8	002b6ac3	28	emSelectTexBuffer	undefined emSelectTexBuffer()
002b6ac8	002b6acf	8	emRestart	undefined emRestart()
002b6ad0	002b6b9b	204	emReset	undefined emReset()
002b6ba0	002b6c1b	124	emPrintStats	undefined emPrintStats()
002b6c20	002b700f	1008	emGetNextPos	undefined emGetNextPos()
002b7010	002b703f	48	GSBufferWidth	undefined GSBufferWidth()
002b7040	002b718f	336	sjeGsExecLoadImage	undefined sjeGsExecLoadImage()
002b7190	002b78d3	1860	emLoadTexture	undefined emLoadTexture()
002b78d8	002b78ff	40	emLoadTextureAddr	undefined emLoadTextureAddr()
002b7900	002b79b3	180	emLoadTextureNum	undefined emLoadTextureNum()
002b79b8	002b7a0b	84	emLoadTextureName	undefined emLoadTextureName()
002b7a10	002b7acb	188	dlFinish	undefined dlFinish()
002b7ad0	002b7b3f	112	dlSelectTextureKick	undefined dlSelectTextureKick()
002b7b40	002b7c97	344	dlLoadTexture	undefined dlLoadTexture()
002b7c98	002b7ccf	56	dlSetClipTag	undefined dlSetClipTag()
002b7cd0	002b7d23	84	dlSetZB	undefined dlSetZB()
002b7d28	002b7def	200	dlLabel	undefined dlLabel()
002b7df0	002b7e9f	176	dlSetDitherMatrix	undefined dlSetDitherMatrix()
002b7ea0	002b7ea7	8	dlSetFixedRGBA	undefined dlSetFixedRGBA()
002b7ea8	002b804b	420	dlSetBlend	undefined dlSetBlend()
002b8050	002b8177	296	dlSetClip	undefined dlSetClip()
002b8178	002b8317	416	dlClearFB	undefined dlClearFB()
002b8318	002b841f	264	dlSetFBMSK	undefined dlSetFBMSK()
002b8420	002b85c7	424	dlFillRectangle	undefined dlFillRectangle()
002b85c8	002b8767	416	dlFillRectangleFloat	undefined dlFillRectangleFloat()
002b8768	002b8897	304	dlDrawPoint	undefined dlDrawPoint()
002b8898	002b8a0f	376	dlDrawLine	undefined dlDrawLine()
002b8a10	002b8c03	500	dlDrawTriangleStrip	undefined dlDrawTriangleStrip()
002b8c08	002b8df7	496	dlTextureRectangle	undefined dlTextureRectangle()
002b8df8	002b9013	540	dlTextureRectangleFloat	undefined dlTextureRectangleFloat()
002b9018	002b9027	16	dlPushDmaTag	undefined dlPushDmaTag()
002b9028	002b904f	40	dlPopDmaTag	undefined dlPopDmaTag()
002b9050	002b912b	220	MakeCSM1Palette	undefined MakeCSM1Palette()
002b9130	002b917b	76	FindRawData	undefined FindRawData()
002b9180	002b94f7	888	OpenXPM	undefined OpenXPM()
002b94f8	002b964b	340	RGBGetRow	undefined RGBGetRow()
002b9650	002b9ad3	1156	OpenRGB	undefined OpenRGB()
002b9ad8	002b9b93	188	GetFormat	undefined GetFormat()
002b9b98	002b9beb	84	ImageGetDetails	undefined ImageGetDetails()
002b9bf0	002b9c8f	160	ImageLoad	undefined ImageLoad()
002b9c90	002b9cd3	68	ImageGetDetailsFromMem	undefined ImageGetDetailsFromMem()
002b9cd8	002b9d6b	148	ImageLoadFromMem	undefined ImageLoadFromMem()
002b9d70	002ba03b	716	enemyRestart	undefined enemyRestart()
002ba040	002ba047	8	enemyReset	undefined enemyReset()
002ba048	002ba13f	248	enemyPreload	undefined enemyPreload()
002ba140	002ba9c3	2180	enemySetup	undefined enemySetup()
002ba9c8	002bb46f	2728	aiTickBefore	undefined aiTickBefore()
002bb470	002bbc93	2084	enemyTick	undefined enemyTick()
002bbc98	002bbc9f	8	enemyEnd	undefined enemyEnd()
002bbca0	002bbcf7	88	enemyCheckSpawnfx	undefined enemyCheckSpawnfx()
002bbcf8	002bc5cf	2264	updatePos	undefined updatePos()
002bc5d0	002bd003	2612	rotateChr	undefined rotateChr()
002bd008	002be337	4912	setAnimation	undefined setAnimation()
002be338	002becdf	2472	setZombieAnimation	undefined setZombieAnimation()
002bece0	002bf67f	2464	setTimeSplitterAnimation	undefined setTimeSplitterAnimation()
002bf680	002bf82b	428	findNextPad	undefined findNextPad()
002bf830	002bf91f	240	updatePlayerPadPos	undefined updatePlayerPadPos()
002bf920	002bfc23	772	enemyCheckValidPad	undefined enemyCheckValidPad()
002bfc28	002bfc93	108	updateNPCPadPos	undefined updateNPCPadPos()
002bfc98	002bfd73	220	checkProgress	undefined checkProgress()
002bfd78	002c03db	1636	enemyGunUpdate	undefined enemyGunUpdate()
002c03e0	002c050f	304	enemyDetonateMines	undefined enemyDetonateMines()
002c0510	002c0903	1012	trackTarget	undefined trackTarget()
002c0908	002c0adb	468	enemyDefend	undefined enemyDefend()
002c0ae0	002c0b8f	176	enemyCycleThroughTargets	undefined enemyCycleThroughTargets()
002c0b90	002c0e4b	700	enemyChooseDefendPad	undefined enemyChooseDefendPad()
002c0e50	002c0ea7	88	enemyOnPad	undefined enemyOnPad()
002c0ea8	002c1327	1148	enemyReselectTarget	undefined enemyReselectTarget()
002c1328	002c1407	224	enemyGetTargetPad	undefined enemyGetTargetPad()
002c1408	002c147b	116	selectDrop	undefined selectDrop()
002c1480	002c15f7	376	followTarget	undefined followTarget()
002c15f8	002c18cb	724	enemyReactTime	undefined enemyReactTime()
002c18d0	002c3363	1084	attack	undefined attack()
002c3368	002c38ef	1416	enemyAttackObject	undefined enemyAttackObject()
002c38f0	002c3d3b	1100	enemyTimeSplitterAttack	undefined enemyTimeSplitterAttack()
002c3d40	002c4287	1352	dying	undefined dying()
002c4288	002c4d6b	2788	spawn	undefined spawn()
002c4d70	002c4f93	548	findweapon	undefined findweapon()
002c4f98	002c513b	420	selectWeaponPad	undefined selectWeaponPad()
002c5140	002c537b	572	enemyCheckHealth	undefined enemyCheckHealth()
002c5380	002c5e63	2788	selectTarget	undefined selectTarget()
002c5e68	002c6013	428	suggestTarget	undefined suggestTarget()
002c6018	002c64c7	1200	findbearings	undefined findbearings()
002c64c8	002c669b	468	findmypad	undefined findmypad()
002c66a0	002c6803	356	awareOfTarget	undefined awareOfTarget()
002c6808	002c697f	376	checkInFront	undefined checkInFront()
002c6980	002c6aff	384	checkInFrontOfPad	undefined checkInFrontOfPad()
002c6b00	002c6b4b	76	checkInFrontOfDir	undefined checkInFrontOfDir()
002c6b50	002c6cc7	376	checkAimingFront	undefined checkAimingFront()
002c6cc8	002c6dc3	252	checkSide	undefined checkSide()
002c6dc8	002c6ffb	564	enemyDie	undefined enemyDie()
002c7000	002c70e3	228	enemyInformHit	undefined enemyInformHit()
002c70e8	002c79a3	2236	robotAI	undefined robotAI()
002c79a8	002c7d73	972	drawLine	undefined drawLine()
002c7d78	002c7daf	56	enemyAddToWeaponList	undefined enemyAddToWeaponList()
002c7db0	002c7de7	56	enemyAddToBagList	undefined enemyAddToBagList()
002c7de8	002c7e1f	56	enemyAddToHealthList	undefined enemyAddToHealthList()
002c7e20	002c7e57	56	enemyAddToDropList	undefined enemyAddToDropList()
002c7e58	002c7ecb	116	enemyAddToPropList	undefined enemyAddToPropList()
002c7ed0	002c7ed7	8	enemyGetNumBases	undefined enemyGetNumBases()
002c7ed8	002c7eef	24	enemyGetBase	undefined enemyGetBase()
002c7ef0	002c7f1f	48	enemyAddToEscortList	undefined enemyAddToEscortList()
002c7f20	002c82f3	980	enemySetRoom	undefined enemySetRoom()
002c82f8	002c8403	268	enemySetMoveMode	undefined enemySetMoveMode()
002c8408	002c86c3	700	enemyPatrol	undefined enemyPatrol()
002c86c8	002c8823	348	enemyAmbushRight	undefined enemyAmbushRight()
002c8828	002c8a27	512	enemyAmbushLeft	undefined enemyAmbushLeft()
002c8a28	002c9247	2080	enemyAmbushWallRight	undefined enemyAmbushWallRight()
002c9248	002c9a67	2080	enemyAmbushWallLeft	undefined enemyAmbushWallLeft()
002c9a68	002c9b67	256	enemyTriggered	undefined enemyTriggered()
002c9b68	002ca473	2316	enemyAmbushCrouch	undefined enemyAmbushCrouch()
002ca478	002ca6a7	556	enemyPillarAlien	undefined enemyPillarAlien()
002ca6a8	002cab93	1260	enemySnipe1	undefined enemySnipe1()
002cab98	002caf73	988	enemyWindow	undefined enemyWindow()
002caf78	002cb28f	792	enemyNoRoute	undefined enemyNoRoute()
002cb290	002cb307	120	enemySleep	undefined enemySleep()
002cb308	002cb3df	216	enemyFromSleepToAwake	undefined enemyFromSleepToAwake()
002cb3e0	002cb5b7	472	enemyAwake	undefined enemyAwake()
002cb5b8	002cb643	140	enemyPlayActivationSound	undefined enemyPlayActivationSound()
002cb648	002cb903	700	enemySetIdleAnimation	undefined enemySetIdleAnimation()
002cb908	002cbb3b	564	enemyInformOthers	undefined enemyInformOthers()
002cbb40	002cbbc3	132	enemyStoryPlayerAtPad	undefined enemyStoryPlayerAtPad()
002cbbc8	002cbe4b	644	enemyAIDefaultSpawnHandler1	undefined enemyAIDefaultSpawnHandler1()
002cbe50	002cbeff	176	enemyAITombHandler1	undefined enemyAITombHandler1()
002cbf00	002cbfaf	176	enemyAIChineseHandler1	undefined enemyAIChineseHandler1()
002cbfb0	002cc043	148	enemyAIMansionHandler1	undefined enemyAIMansionHandler1()
002cc048	002cc04f	8	enemyAIDocksHandler1	undefined enemyAIDocksHandler1()
002cc050	002cc17f	304	enemyAIScifiHandler1	undefined enemyAIScifiHandler1()
002cc180	002cc20f	144	enemyAIVillageHandler1	undefined enemyAIVillageHandler1()
002cc210	002cc39b	396	enemyAILaunchHandler1	undefined enemyAILaunchHandler1()
002cc3a0	002cc497	248	enemyFiredAt	undefined enemyFiredAt()
002cc498	002cc50b	116	enemyDeleteNPC	undefined enemyDeleteNPC()
002cc510	002cc777	616	enemyCreateNPC	undefined enemyCreateNPC()
002cc778	002cc953	476	debugPrintStateInfo	undefined debugPrintStateInfo()
002cc958	002cd247	2288	enemyAIFutureLastStandHandler	undefined enemyAIFutureLastStandHandler()
002cd248	002cd24f	8	aiEndTick	undefined aiEndTick()
002cd250	002cd6ff	1200	enemyPreCalcEnemyRoutes	undefined enemyPreCalcEnemyRoutes()
002cd700	002cd707	8	enemyCheckAllRoutes	undefined enemyCheckAllRoutes()
002cd708	002cd70f	8	enemyAddToExplosionList	undefined enemyAddToExplosionList()
002cd710	002cd717	8	enemyRemoveFromExplosionList	undefined enemyRemoveFromExplosionList()
002cd718	002cd7f3	220	enemyExplosionNearby	undefined enemyExplosionNearby()
002cd7f8	002cd8bf	200	playerCampingDetection	undefined playerCampingDetection()
002cd8c0	002cd96b	172	campingPad	undefined campingPad()
002cd970	002cd9df	112	enemyRoomDrawn	undefined enemyRoomDrawn()
002cd9e0	002cda23	68	enemyGetPadProp	undefined enemyGetPadProp()
002cda28	002cdaf3	204	checkCoopTarget	undefined checkCoopTarget()
002cdaf8	002cdaff	8	timerRestart	undefined timerRestart()
002cdb00	002cdb07	8	timerReset	undefined timerReset()
002cdb08	002cdbbb	180	timerNew	undefined timerNew()
002cdbc0	002cdd4b	396	timerTick	undefined timerTick()
002cdd50	002cdd57	8	timerEnd	undefined timerEnd()
002cdd58	002cddbf	104	timerRelease	undefined timerRelease()
002cddc0	002cddc7	8	ilinkMake	undefined ilinkMake()
002cddc8	002cddcf	8	ilinkConnect	undefined ilinkConnect()
002cddd0	002cddd7	8	ilinkTick	undefined ilinkTick()
002cddd8	002cdddf	8	ilinkOKToTick	undefined ilinkOKToTick()
002cdde0	002cdde7	8	ilinkGetNumLocalPlayers	undefined ilinkGetNumLocalPlayers()
002cdde8	002cddef	8	ilinkSetNumLocalPlayers	undefined ilinkSetNumLocalPlayers()
002cddf0	002cddf7	8	ilinkGetStartLocalPlayerNum	undefined ilinkGetStartLocalPlayerNum()
002cddf8	002cddff	8	ilinkIsILinkGame	undefined ilinkIsILinkGame()
002cde00	002cde07	8	ilinkSetFramesi	undefined ilinkSetFramesi()
002cde08	002cde0f	8	text_data_split	undefined text_data_split()
002cde10	002cdf4f	320	sceGsResetGraph	undefined sceGsResetGraph()
002cdf50	002cdf5b	12	sceGsGetGParam	undefined sceGsGetGParam()
002cdf60	002cdfc7	104	sceGsResetPath	undefined sceGsResetPath()
002cdfc8	002ce273	684	sceGsSetDefDBuff	undefined sceGsSetDefDBuff()
002ce278	002ce2d3	92	sceGsSwapDBuff	undefined sceGsSwapDBuff()
002ce2d8	002ce36b	148	sceGsSyncV	undefined sceGsSyncV()
002ce370	002ce683	788	sceGsSyncPath	undefined sceGsSyncPath()
002ce688	002ce86b	484	sceGsSetDefLoadImage	undefined sceGsSetDefLoadImage()
002ce870	002ce8ab	60	sceGsPutIMR	undefined sceGsPutIMR()
002ce8b0	002ce937	136	sceGsSetHalfOffset	undefined sceGsSetHalfOffset()
002ce938	002ce953	28	sceGsGetIMR	undefined sceGsGetIMR()
002ce958	002cebb7	608	sceGsSetDefDispEnv	undefined sceGsSetDefDispEnv()
002cebb8	002cec73	188	sceGsPutDispEnv	undefined sceGsPutDispEnv()
002cec78	002ced3f	200	sceGszbufaddr	undefined sceGszbufaddr()
002ced40	002cef23	484	sceGsSetDefDrawEnv	undefined sceGsSetDefDrawEnv()
002cef28	002cf02b	260	sceGsSetDefClear	undefined sceGsSetDefClear()
002cf030	002cf117	232	sceGsPutDrawEnv	undefined sceGsPutDrawEnv()
002cf118	002cf14b	52	memclr	undefined memclr()
002cf150	002cf177	40	sceDmaGetChan	undefined sceDmaGetChan()
002cf178	002cf253	220	sceDmaReset	undefined sceDmaReset()
002cf258	002cf267	16	sceDmaDebug	undefined sceDmaDebug()
002cf268	002cf43f	472	sceDmaPutEnv	undefined sceDmaPutEnv()
002cf440	002cf477	56	sceDmaGetEnv	undefined sceDmaGetEnv()
002cf478	002cf49f	40	sceDmaPutStallAddr	undefined sceDmaPutStallAddr()
002cf4a0	002cf577	216	sceDmaSend	undefined sceDmaSend()
002cf578	002cf65b	228	sceDmaSendN	undefined sceDmaSendN()
002cf660	002cf743	228	sceDmaSendI	undefined sceDmaSendI()
002cf748	002cf80b	196	sceDmaRecv	undefined sceDmaRecv()
002cf810	002cf8fb	236	sceDmaRecvN	undefined sceDmaRecvN()
002cf900	002cf9ef	240	sceDmaRecvI	undefined sceDmaRecvI()
002cf9f0	002cf9fb	12	sceDmaSendM	undefined sceDmaSendM()
002cfa00	002cfac3	196	sceDmaSync	undefined sceDmaSync()
002cfac8	002cfb97	208	sceDmaWatch	undefined sceDmaWatch()
002cfb98	002cfbbb	36	sceDmaSyncN	undefined sceDmaSyncN()
002cfbc0	002cfbcb	12	sceDmaLastSyncTime	undefined sceDmaLastSyncTime()
002cfbd0	002cfbeb	28	sceDmaPause	undefined sceDmaPause()
002cfbf0	002cfc0b	28	sceDmaRestart	undefined sceDmaRestart()
002cfc10	002cfc33	36	sceDmaCallback	undefined sceDmaCallback()
002cfc38	002cfc47	16	sceGifPkInit	undefined sceGifPkInit()
002cfc48	002cfc57	16	sceGifPkReset	undefined sceGifPkReset()
002cfc58	002cfcbb	100	sceGifPkTerminate	undefined sceGifPkTerminate()
002cfcc0	002cfcd3	20	sceGifPkSize	undefined sceGifPkSize()
002cfcd8	002cfcff	40	sceGifPkAddGsData	undefined sceGifPkAddGsData()
002cfd00	002cfd0f	16	RFU000_FullReset	undefined RFU000_FullReset()
002cfd10	002cfd1f	16	ResetEE	undefined ResetEE()
002cfd20	002cfd2f	16	SetGsCrt	undefined SetGsCrt()
002cfd30	002cfd3f	16	RFU003	undefined RFU003()
002cfd40	002cfd4f	16	Exit	void Exit(int __status)
002cfd50	002cfd5f	16	RFU005	undefined RFU005()
002cfd60	002cfd6f	16	LoadExecPS2	undefined LoadExecPS2()
002cfd70	002cfd7f	16	ExecPS2	undefined ExecPS2()
002cfd80	002cfd8f	16	RFU008	undefined RFU008()
002cfd90	002cfd9f	16	RFU009	undefined RFU009()
002cfda0	002cfdaf	16	AddSbusIntcHandler	undefined AddSbusIntcHandler()
002cfdb0	002cfdbf	16	RemoveSbusIntcHandler	undefined RemoveSbusIntcHandler()
002cfdc0	002cfdcf	16	Interrupt2Iop	undefined Interrupt2Iop()
002cfdd0	002cfddf	16	SetVTLBRefillHandler	undefined SetVTLBRefillHandler()
002cfde0	002cfdef	16	SetVCommonHandler	undefined SetVCommonHandler()
002cfdf0	002cfdff	16	SetVInterruptHandler	undefined SetVInterruptHandler()
002cfe00	002cfe0f	16	AddIntcHandler	undefined AddIntcHandler()
002cfe10	002cfe1f	16	AddIntcHandler2	undefined AddIntcHandler2()
002cfe20	002cfe2f	16	RemoveIntcHandler	undefined RemoveIntcHandler()
002cfe30	002cfe3f	16	AddDmacHandler	undefined AddDmacHandler()
002cfe40	002cfe4f	16	AddDmacHandler2	undefined AddDmacHandler2()
002cfe50	002cfe5f	16	RemoveDmacHandler	undefined RemoveDmacHandler()
002cfe60	002cfe6f	16	_EnableIntc	undefined _EnableIntc()
002cfe70	002cfe7f	16	_DisableIntc	undefined _DisableIntc()
002cfe80	002cfe8f	16	_EnableDmac	undefined _EnableDmac()
002cfe90	002cfe9f	16	_DisableDmac	undefined _DisableDmac()
002cfea0	002cfeaf	16	_SetAlarm	undefined _SetAlarm()
002cfeb0	002cfebf	16	_ReleaseAlarm	undefined _ReleaseAlarm()
002cfec0	002cfecf	16	_iEnableIntc	undefined _iEnableIntc()
002cfed0	002cfedf	16	_iDisableIntc	undefined _iDisableIntc()
002cfee0	002cfeef	16	_iEnableDmac	undefined _iEnableDmac()
002cfef0	002cfeff	16	_iDisableDmac	undefined _iDisableDmac()
002cff00	002cff0f	16	_iSetAlarm	undefined _iSetAlarm()
002cff10	002cff1f	16	_iReleaseAlarm	undefined _iReleaseAlarm()
002cff20	002cff2f	16	CreateThread	undefined CreateThread()
002cff30	002cff3f	16	DeleteThread	undefined DeleteThread()
002cff40	002cff4f	16	StartThread	undefined StartThread()
002cff50	002cff5f	16	ExitThread	undefined ExitThread()
002cff60	002cff6f	16	ExitDeleteThread	undefined ExitDeleteThread()
002cff70	002cff7f	16	TerminateThread	undefined TerminateThread()
002cff80	002cff8f	16	iTerminateThread	undefined iTerminateThread()
002cff90	002cff9f	16	DisableDispatchThread	undefined DisableDispatchThread()
002cffa0	002cffaf	16	EnableDispatchThread	undefined EnableDispatchThread()
002cffb0	002cffbf	16	ChangeThreadPriority	undefined ChangeThreadPriority()
002cffc0	002cffcf	16	iChangeThreadPriority	undefined iChangeThreadPriority()
002cffd0	002cffdf	16	RotateThreadReadyQueue	undefined RotateThreadReadyQueue()
002cffe0	002cffef	16	iRotateThreadReadyQueue	undefined iRotateThreadReadyQueue()
002cfff0	002cffff	16	ReleaseWaitThread	undefined ReleaseWaitThread()
002d0000	002d000f	16	iReleaseWaitThread	undefined iReleaseWaitThread()
002d0010	002d001f	16	GetThreadId	undefined GetThreadId()
002d0020	002d002f	16	ReferThreadStatus	undefined ReferThreadStatus()
002d0030	002d003f	16	iReferThreadStatus	undefined iReferThreadStatus()
002d0040	002d004f	16	SleepThread	undefined SleepThread()
002d0050	002d005f	16	WakeupThread	undefined WakeupThread()
002d0060	002d006f	16	_iWakeupThread	undefined _iWakeupThread()
002d0070	002d007f	16	CancelWakeupThread	undefined CancelWakeupThread()
002d0080	002d008f	16	iCancelWakeupThread	undefined iCancelWakeupThread()
002d0090	002d009f	16	SuspendThread	undefined SuspendThread()
002d00a0	002d00af	16	iSuspendThread	undefined iSuspendThread()
002d00b0	002d00bf	16	ResumeThread	undefined ResumeThread()
002d00c0	002d00cf	16	iResumeThread	undefined iResumeThread()
002d00d0	002d00df	16	JoinThread	undefined JoinThread()
002d00e0	002d00ef	16	RFU060	undefined RFU060()
002d00f0	002d00ff	16	RFU061	undefined RFU061()
002d0100	002d010f	16	EndOfHeap	undefined EndOfHeap()
002d0110	002d011f	16	RFU063	undefined RFU063()
002d0120	002d012f	16	CreateSema	undefined CreateSema()
002d0130	002d013f	16	DeleteSema	undefined DeleteSema()
002d0140	002d014f	16	SignalSema	undefined SignalSema()
002d0150	002d015f	16	iSignalSema	undefined iSignalSema()
002d0160	002d016f	16	WaitSema	undefined WaitSema()
002d0170	002d017f	16	PollSema	undefined PollSema()
002d0180	002d018f	16	iPollSema	undefined iPollSema()
002d0190	002d019f	16	ReferSemaStatus	undefined ReferSemaStatus()
002d01a0	002d01af	16	iReferSemaStatus	undefined iReferSemaStatus()
002d01b0	002d01bf	16	RFU073	undefined RFU073()
002d01c0	002d01cf	16	SetOsdConfigParam	undefined SetOsdConfigParam()
002d01d0	002d01df	16	GetOsdConfigParam	undefined GetOsdConfigParam()
002d01e0	002d01ef	16	GetGsHParam	undefined GetGsHParam()
002d01f0	002d01ff	16	GetGsVParam	undefined GetGsVParam()
002d0200	002d020f	16	SetGsHParam	undefined SetGsHParam()
002d0210	002d021f	16	SetGsVParam	undefined SetGsVParam()
002d0220	002d022f	16	RFU080_CreateEventFlag	undefined RFU080_CreateEventFlag()
002d0230	002d023f	16	RFU081_DeleteEventFlag	undefined RFU081_DeleteEventFlag()
002d0240	002d024f	16	RFU082_SetEventFlag	undefined RFU082_SetEventFlag()
002d0250	002d025f	16	RFU083_iSetEventFlag	undefined RFU083_iSetEventFlag()
002d0260	002d026f	16	RFU084_ClearEventFlag	undefined RFU084_ClearEventFlag()
002d0270	002d027f	16	RFU085_iClearEventFlag	undefined RFU085_iClearEventFlag()
002d0280	002d028f	16	RFU086_WaitEvnetFlag	undefined RFU086_WaitEvnetFlag()
002d0290	002d029f	16	RFU087_PollEvnetFlag	undefined RFU087_PollEvnetFlag()
002d02a0	002d02af	16	RFU088_iPollEvnetFlag	undefined RFU088_iPollEvnetFlag()
002d02b0	002d02bf	16	RFU089_ReferEventFlagStatus	undefined RFU089_ReferEventFlagStatus()
002d02c0	002d02cf	16	RFU090_iReferEventFlagStatus	undefined RFU090_iReferEventFlagStatus()
002d02d0	002d02df	16	RFU091	undefined RFU091()
002d02e0	002d02ef	16	EnableIntcHandler	undefined EnableIntcHandler()
002d02f0	002d02ff	16	iEnableIntcHandler	undefined iEnableIntcHandler()
002d0300	002d030f	16	DisableIntcHandler	undefined DisableIntcHandler()
002d0310	002d031f	16	iDisableIntcHandler	undefined iDisableIntcHandler()
002d0320	002d032f	16	EnableDmacHandler	undefined EnableDmacHandler()
002d0330	002d033f	16	iEnableDmacHandler	undefined iEnableDmacHandler()
002d0340	002d034f	16	DisableDmacHandler	undefined DisableDmacHandler()
002d0350	002d035f	16	iDisableDmacHandler	undefined iDisableDmacHandler()
002d0360	002d036f	16	KSeg0	undefined KSeg0()
002d0370	002d037f	16	EnableCache	undefined EnableCache()
002d0380	002d038f	16	DisableCache	undefined DisableCache()
002d0390	002d039f	16	GetCop0	undefined GetCop0()
002d03a0	002d03af	16	FlushCache	undefined FlushCache()
002d03b0	002d03bf	16	CpuConfig	undefined CpuConfig()
002d03c0	002d03cf	16	iGetCop0	undefined iGetCop0()
002d03d0	002d03df	16	iFlushCache	undefined iFlushCache()
002d03e0	002d03ef	16	iCpuConfig	undefined iCpuConfig()
002d03f0	002d03ff	16	sceSifStopDma	undefined sceSifStopDma()
002d0400	002d040f	16	SetCPUTimerHandler	undefined SetCPUTimerHandler()
002d0410	002d041f	16	SetCPUTimer	undefined SetCPUTimer()
002d0420	002d042f	16	ForceRead	undefined ForceRead()
002d0430	002d043f	16	ForceWrite	undefined ForceWrite()
002d0440	002d044f	16	GsGetIMR	undefined GsGetIMR()
002d0450	002d045f	16	iGsGetIMR	undefined iGsGetIMR()
002d0460	002d046f	16	GsPutIMR	undefined GsPutIMR()
002d0470	002d047f	16	iGsPutIMR	undefined iGsPutIMR()
002d0480	002d048f	16	SetPgifHandler	undefined SetPgifHandler()
002d0490	002d049f	16	SetVSyncFlag	undefined SetVSyncFlag()
002d04a0	002d04af	16	RFU116	undefined RFU116()
002d04b0	002d04bf	16	print	undefined print()
002d04c0	002d04cf	16	sceSifDmaStat	undefined sceSifDmaStat()
002d04d0	002d04df	16	isceSifDmaStat	undefined isceSifDmaStat()
002d04e0	002d04ef	16	sceSifSetDma	undefined sceSifSetDma()
002d04f0	002d04ff	16	isceSifSetDma	undefined isceSifSetDma()
002d0500	002d050f	16	sceSifSetDChain	undefined sceSifSetDChain()
002d0510	002d051f	16	isceSifSetDChain	undefined isceSifSetDChain()
002d0520	002d052f	16	sceSifSetReg	undefined sceSifSetReg()
002d0530	002d053f	16	sceSifGetReg	undefined sceSifGetReg()
002d0540	002d054f	16	ExecOSD	undefined ExecOSD()
002d0550	002d055f	16	Deci2Call	undefined Deci2Call()
002d0560	002d056f	16	PSMode	undefined PSMode()
002d0570	002d057f	16	MachineType	undefined MachineType()
002d0580	002d058f	16	GetMemorySize	undefined GetMemorySize()
002d0590	002d05c7	56	VSync	undefined VSync()
002d05c8	002d061f	88	VSync2	undefined VSync2()
002d0620	002d069b	124	write	ssize_t write(int __fd, void * __buf, size_t __n)
002d06a0	002d0713	116	read	ssize_t read(int __fd, void * __buf, size_t __nbytes)
002d0718	002d073f	40	open	int open(char * __file, int __oflag, ...)
002d0740	002d0747	8	close	int close(int __fd)
002d0748	002d074f	8	ioctl	int ioctl(int __fd, ulong __request, ...)
002d0750	002d0757	8	lseek	__off_t lseek(int __fd, __off_t __offset, int __whence)
002d0758	002d07ff	168	sbrk	void * sbrk(intptr_t __delta)
002d0800	002d0807	8	isatty	int isatty(int __fd)
002d0808	002d081b	20	fstat	int fstat(int __fd, stat * __buf)
002d0820	002d0827	8	getpid	__pid_t getpid(void)
002d0828	002d084f	40	kill	int kill(__pid_t __pid, int __sig)
002d0850	002d0877	40	stat	int stat(char * __file, stat * __buf)
002d0878	002d089f	40	unlink	int unlink(char * __name)
002d08a0	002d08f3	84	putnum	undefined putnum()
002d08f8	002d090b	20	get_mem_info	undefined get_mem_info()
002d0910	002d09b3	164	_sceSDC	undefined _sceSDC()
002d09b8	002d0a2b	116	SyncDCache	undefined SyncDCache()
002d0a30	002d0a43	20	iSyncDCache	undefined iSyncDCache()
002d0a48	002d0aeb	164	_sceIDC	undefined _sceIDC()
002d0af0	002d0b63	116	InvalidDCache	undefined InvalidDCache()
002d0b68	002d0b7b	20	iInvalidDCache	undefined iInvalidDCache()
002d0b80	002d0be3	100	DisableIntc	undefined DisableIntc()
002d0be8	002d0c4b	100	EnableIntc	undefined EnableIntc()
002d0c50	002d0cb3	100	DisableDmac	undefined DisableDmac()
002d0cb8	002d0d1b	100	EnableDmac	undefined EnableDmac()
002d0d20	002d0d8b	108	SetAlarm	undefined SetAlarm()
002d0d90	002d0df3	100	ReleaseAlarm	undefined ReleaseAlarm()
002d0df8	002d0e17	32	iEnableIntc	undefined iEnableIntc()
002d0e18	002d0e37	32	iDisableIntc	undefined iDisableIntc()
002d0e38	002d0e57	32	iEnableDmac	undefined iEnableDmac()
002d0e58	002d0e77	32	iDisableDmac	undefined iDisableDmac()
002d0e78	002d0e97	32	iSetAlarm	undefined iSetAlarm()
002d0e98	002d0eb7	32	iReleaseAlarm	undefined iReleaseAlarm()
002d0eb8	002d0edb	36	QueueInit	undefined QueueInit()
002d0ee0	002d0f1b	60	QueuePeekWriteDone	undefined QueuePeekWriteDone()
002d0f20	002d0f5b	60	QueuePeekReadDone	undefined QueuePeekReadDone()
002d0f60	002d10db	380	sceTtyHandler	undefined sceTtyHandler()
002d10e0	002d122f	332	sceTtyWrite	undefined sceTtyWrite()
002d1230	002d1307	216	sceTtyRead	undefined sceTtyRead()
002d1308	002d13c3	188	sceTtyInit	undefined sceTtyInit()
002d13c8	002d13fb	52	kputchar	undefined kputchar()
002d1400	002d14af	176	deci2Putchar	undefined deci2Putchar()
002d14b0	002d14e3	52	serialPutchar	undefined serialPutchar()
002d14e8	002d1577	144	ftoi	undefined ftoi()
002d1578	002d163f	200	itof	undefined itof()
002d1640	002d17df	412	printfloat	undefined printfloat()
002d17e0	002d1d37	1364	_printf	undefined _printf()
002d1d38	002d1d7f	72	kprintf	undefined kprintf()
002d1d80	002d1def	112	scePrintf	undefined scePrintf()
002d1df0	002d1e0b	28	_set_sreg	undefined _set_sreg()
002d1e10	002d1e1b	12	_change_addr	undefined _change_addr()
002d1e20	002d1e37	24	sceSifGetSreg	undefined sceSifGetSreg()
002d1e38	002d1e53	28	sceSifSetSreg	undefined sceSifSetSreg()
002d1e58	002d1e63	12	sceSifGetDataTable	undefined sceSifGetDataTable()
002d1e68	002d20df	632	sceSifInitCmd	undefined sceSifInitCmd()
002d20e0	002d2107	40	sceSifExitCmd	undefined sceSifExitCmd()
002d2108	002d211f	24	sceSifSetCmdBuffer	undefined sceSifSetCmdBuffer()
002d2120	002d2137	24	sceSifSetSysCmdBuffer	undefined sceSifSetSysCmdBuffer()
002d2138	002d2163	44	sceSifAddCmdHandler	undefined sceSifAddCmdHandler()
002d2168	002d218f	40	sceSifRemoveCmdHandler	undefined sceSifRemoveCmdHandler()
002d2190	002d22cf	320	_sceSifSendCmd	undefined _sceSifSendCmd()
002d22d0	002d230b	60	sceSifSendCmd	undefined sceSifSendCmd()
002d2310	002d234b	60	isceSifSendCmd	undefined isceSifSendCmd()
002d2350	002d246f	288	_sceSifCmdIntrHdlr	undefined _sceSifCmdIntrHdlr()
002d2470	002d251b	172	sceSifWriteBackDCache	undefined sceSifWriteBackDCache()
002d2520	002d26af	400	sceSifInitRpc	undefined sceSifInitRpc()
002d26b0	002d26d3	36	sceSifExitRpc	undefined sceSifExitRpc()
002d26d8	002d277b	164	_sceRpcGetPacket	undefined _sceRpcGetPacket()
002d2780	002d279b	28	_sceRpcFreePacket	undefined _sceRpcFreePacket()
002d27a0	002d27cf	48	_sceRpcGetFPacket	undefined _sceRpcGetFPacket()
002d27d0	002d280f	64	_sceRpcGetFPacket2	undefined _sceRpcGetFPacket2()
002d2810	002d28bf	176	_request_end	undefined _request_end()
002d28c0	002d291f	96	_request_rdata	undefined _request_rdata()
002d2920	002d2a53	308	sceSifGetOtherData	undefined sceSifGetOtherData()
002d2a58	002d2aa3	76	_search_svdata	undefined _search_svdata()
002d2aa8	002d2b57	176	_request_bind	undefined _request_bind()
002d2b58	002d2c73	284	sceSifBindRpc	undefined sceSifBindRpc()
002d2c78	002d2d03	140	_request_call	undefined _request_call()
002d2d08	002d2ebb	436	sceSifCallRpc	undefined sceSifCallRpc()
002d2ec0	002d2efb	60	sceSifCheckStatRpc	undefined sceSifCheckStatRpc()
002d2f00	002d2f77	120	sceSifSetRpcQueue	undefined sceSifSetRpcQueue()
002d2f78	002d3007	144	sceSifRegisterRpc	undefined sceSifRegisterRpc()
002d3008	002d3083	124	sceSifRemoveRpc	undefined sceSifRemoveRpc()
002d3088	002d310b	132	sceSifRemoveRpcQueue	undefined sceSifRemoveRpcQueue()
002d3110	002d315f	80	sceSifGetNextRequest	undefined sceSifGetNextRequest()
002d3160	002d333b	476	sceSifExecRequest	undefined sceSifExecRequest()
002d3340	002d337f	60	sceSifRpcLoop	undefined sceSifRpcLoop()
002d3380	002d33ef	112	new_iob	undefined new_iob()
002d33f0	002d3413	36	get_iob	undefined get_iob()
002d3418	002d34ff	232	sceFsInit	undefined sceFsInit()
002d3500	002d350f	16	sceFsReset	undefined sceFsReset()
002d3510	002d3667	344	sceOpen	undefined sceOpen()
002d3668	002d371f	184	sceClose	undefined sceClose()
002d3720	002d37ff	224	sceLseek	undefined sceLseek()
002d3800	002d388f	144	fs_read_intr	undefined fs_read_intr()
002d3890	002d39bf	304	sceRead	undefined sceRead()
002d39c0	002d3b3b	380	sceWrite	undefined sceWrite()
002d3b40	002d3bd7	152	sceIoctl	undefined sceIoctl()
002d3bd8	002d3c67	144	sceSifInitIopHeap	undefined sceSifInitIopHeap()
002d3c68	002d3cd7	112	sceSifAllocIopHeap	undefined sceSifAllocIopHeap()
002d3cd8	002d3d4f	120	sceSifFreeIopHeap	undefined sceSifFreeIopHeap()
002d3d50	002d3e2f	224	sceSifLoadIopHeap	undefined sceSifLoadIopHeap()
002d3e30	002d3ed3	164	_lf_bind	undefined _lf_bind()
002d3ed8	002d3eeb	20	sceSifLoadFileReset	undefined sceSifLoadFileReset()
002d3ef0	002d40cb	476	_sceSifLoadModule	undefined _sceSifLoadModule()
002d40d0	002d40eb	28	sceSifLoadModule	undefined sceSifLoadModule()
002d40f0	002d41df	240	_sceSifLoadElfPart	undefined _sceSifLoadElfPart()
002d41e0	002d41fb	28	sceSifLoadElfPart	undefined sceSifLoadElfPart()
002d4200	002d4227	40	sceSifLoadElf	undefined sceSifLoadElf()
002d4228	002d4313	236	sceSifGetIopAddr	undefined sceSifGetIopAddr()
002d4318	002d43f7	224	sceSifSetIopAddr	undefined sceSifSetIopAddr()
002d43f8	002d4523	300	sceSifResetIop	undefined sceSifResetIop()
002d4528	002d454f	40	sceSifIsAliveIop	undefined sceSifIsAliveIop()
002d4550	002d4597	72	sceSifSyncIop	undefined sceSifSyncIop()
002d4598	002d468f	248	sceSifRebootIop	undefined sceSifRebootIop()
002d4690	002d472f	160	iWakeupThread	undefined iWakeupThread()
002d4730	002d4773	68	sceDeci2Open	undefined sceDeci2Open()
002d4778	002d479b	36	sceDeci2Close	undefined sceDeci2Close()
002d47a0	002d47cf	48	sceDeci2ReqSend	undefined sceDeci2ReqSend()
002d47d0	002d47f3	36	sceDeci2Poll	undefined sceDeci2Poll()
002d47f8	002d482b	52	sceDeci2ExRecv	undefined sceDeci2ExRecv()
002d4830	002d4863	52	sceDeci2ExSend	undefined sceDeci2ExSend()
002d4868	002d4897	48	sceDeci2ExReqSend	undefined sceDeci2ExReqSend()
002d4898	002d48bb	36	sceDeci2ExLock	undefined sceDeci2ExLock()
002d48c0	002d48e3	36	sceDeci2ExUnLock	undefined sceDeci2ExUnLock()
002d48e8	002d490b	36	kputs	undefined kputs()
002d4910	002d4993	132	_send_to_iop	undefined _send_to_iop()
002d4998	002d4aa7	264	scePadInit	undefined scePadInit()
002d4aa8	002d4b3f	152	scePadInit2	undefined scePadInit2()
002d4b40	002d4bbf	128	scePadEnd	undefined scePadEnd()
002d4bc0	002d4d13	340	scePadPortOpen	undefined scePadPortOpen()
002d4d18	002d4d8b	116	scePadPortClose	undefined scePadPortClose()
002d4d90	002d4def	96	scePadGetDmaStr	undefined scePadGetDmaStr()
002d4df0	002d4e0f	32	scePadGetFrameCount	undefined scePadGetFrameCount()
002d4e10	002d4e9b	140	scePadRead	undefined scePadRead()
002d4ea0	002d4f57	184	scePadGetState	undefined scePadGetState()
002d4f58	002d4f8b	52	scePadStateIntToStr	undefined scePadStateIntToStr()
002d4f90	002d5003	116	scePadSetReqState	undefined scePadSetReqState()
002d5008	002d506b	100	scePadGetReqState	undefined scePadGetReqState()
002d5070	002d50a3	52	scePadReqIntToStr	undefined scePadReqIntToStr()
002d50a8	002d5197	240	scePadInfoAct	undefined scePadInfoAct()
002d5198	002d527b	228	scePadInfoComb	undefined scePadInfoComb()
002d5280	002d5387	264	scePadInfoMode	undefined scePadInfoMode()
002d5388	002d5437	176	scePadSetMainMode	undefined scePadSetMainMode()
002d5438	002d54cb	148	scePadSetActDirect	undefined scePadSetActDirect()
002d54d0	002d559f	208	scePadSetActAlign	undefined scePadSetActAlign()
002d55a0	002d560b	108	scePadGetButtonMask	undefined scePadGetButtonMask()
002d5610	002d56bb	172	scePadSetButtonInfo	undefined scePadSetButtonInfo()
002d56c0	002d56eb	44	scePadInfoPressMode	undefined scePadInfoPressMode()
002d56f0	002d570b	28	scePadEnterPressMode	undefined scePadEnterPressMode()
002d5710	002d572b	28	scePadExitPressMode	undefined scePadExitPressMode()
002d5730	002d57f7	200	scePadSetVrefParam	undefined scePadSetVrefParam()
002d57f8	002d585b	100	scePadGetPortMax	undefined scePadGetPortMax()
002d5860	002d58c7	104	scePadGetSlotMax	undefined scePadGetSlotMax()
002d58c8	002d5933	108	scePadGetConnection	undefined scePadGetConnection()
002d5938	002d599b	100	scePadGetModVersion	undefined scePadGetModVersion()
002d59a0	002d59d7	56	DPRINT	undefined DPRINT()
002d59d8	002d5c33	588	sceMtapInit	undefined sceMtapInit()
002d5c38	002d5ca3	108	sceMtapPortOpen	undefined sceMtapPortOpen()
002d5ca8	002d5d13	108	sceMtapPortClose	undefined sceMtapPortClose()
002d5d18	002d5d83	108	sceMtapGetConnection	undefined sceMtapGetConnection()
002d5d88	002d5df3	108	sceMtapGetSlotNumber	undefined sceMtapGetSlotNumber()
002d5df8	002d5e67	112	sceMtapChangeSlot	undefined sceMtapChangeSlot()
002d5e68	002d5e93	44	sceVu0ApplyMatrix	undefined sceVu0ApplyMatrix()
002d5e98	002d5edb	68	sceVu0MulMatrix	undefined sceVu0MulMatrix()
002d5ee0	002d5efb	28	sceVu0OuterProduct	undefined sceVu0OuterProduct()
002d5f00	002d5f23	36	sceVu0InnerProduct	undefined sceVu0InnerProduct()
002d5f28	002d5f5b	52	sceVu0Normalize	undefined sceVu0Normalize()
002d5f60	002d5fa3	68	sceVu0TransposeMatrix	undefined sceVu0TransposeMatrix()
002d5fa8	002d6013	108	sceVu0InversMatrix	undefined sceVu0InversMatrix()
002d6018	002d6037	32	sceVu0DivVector	undefined sceVu0DivVector()
002d6038	002d6057	32	sceVu0DivVectorXYZ	undefined sceVu0DivVectorXYZ()
002d6058	002d607f	40	sceVu0InterVector	undefined sceVu0InterVector()
002d6080	002d6093	20	sceVu0AddVector	undefined sceVu0AddVector()
002d6098	002d60ab	20	sceVu0SubVector	undefined sceVu0SubVector()
002d60b0	002d60c3	20	sceVu0MulVector	undefined sceVu0MulVector()
002d60c8	002d60df	24	sceVu0ScaleVector	undefined sceVu0ScaleVector()
002d60e0	002d610b	44	sceVu0TransMatrix	undefined sceVu0TransMatrix()
002d6110	002d611b	12	sceVu0CopyVector	undefined sceVu0CopyVector()
002d6120	002d6143	36	sceVu0CopyMatrix	undefined sceVu0CopyMatrix()
002d6148	002d6157	16	sceVu0FTOI4Vector	undefined sceVu0FTOI4Vector()
002d6158	002d6167	16	sceVu0FTOI0Vector	undefined sceVu0FTOI0Vector()
002d6168	002d6177	16	sceVu0ITOF4Vector	undefined sceVu0ITOF4Vector()
002d6178	002d6187	16	sceVu0ITOF0Vector	undefined sceVu0ITOF0Vector()
002d6188	002d61af	40	sceVu0UnitMatrix	undefined sceVu0UnitMatrix()
002d61b0	002d6223	116	_sceVu0ecossin	undefined _sceVu0ecossin()
002d6228	002d62cb	164	sceVu0RotMatrixZ	undefined sceVu0RotMatrixZ()
002d62d0	002d6377	168	sceVu0RotMatrixX	undefined sceVu0RotMatrixX()
002d6378	002d641f	168	sceVu0RotMatrixY	undefined sceVu0RotMatrixY()
002d6420	002d646f	80	sceVu0RotMatrix	undefined sceVu0RotMatrix()
002d6470	002d6493	36	sceVu0ClampVector	undefined sceVu0ClampVector()
002d6498	002d6547	176	sceVu0CameraMatrix	undefined sceVu0CameraMatrix()
002d6548	002d6607	192	sceVu0NormalLightMatrix	undefined sceVu0NormalLightMatrix()
002d6608	002d666f	104	sceVu0LightColorMatrix	undefined sceVu0LightColorMatrix()
002d6670	002d6773	260	sceVu0ViewScreenMatrix	undefined sceVu0ViewScreenMatrix()
002d6778	002d6907	400	sceVu0DropShadowMatrix	undefined sceVu0DropShadowMatrix()
002d6908	002d695f	88	sceVu0RotTransPersN	undefined sceVu0RotTransPersN()
002d6960	002d69a3	68	sceVu0RotTransPers	undefined sceVu0RotTransPers()
002d69a8	002d69c3	28	sceVu0CopyVectorXYZ	undefined sceVu0CopyVectorXYZ()
002d69c8	002d69f3	44	sceVu0InterVectorXYZ	undefined sceVu0InterVectorXYZ()
002d69f8	002d6a0f	24	sceVu0ScaleVectorXYZ	undefined sceVu0ScaleVectorXYZ()
002d6a10	002d6a57	72	sceVu0ClipScreen	undefined sceVu0ClipScreen()
002d6a58	002d6ab7	96	sceVu0ClipScreen3	undefined sceVu0ClipScreen3()
002d6ab8	002d6b43	140	sceVu0ClipAll	undefined sceVu0ClipAll()
002d6b48	002d6ba3	92	sceVpu0Reset	undefined sceVpu0Reset()
002d6ba8	002d6fb3	1036	atan	double atan(double x)
002d6fb8	002d6feb	52	fabs	double fabs(double x)
002d6ff0	002d71c7	468	floor	double floor(double x)
002d71c8	002d72af	232	cosf	float cosf(float x)
002d72b0	002d7393	228	floorf	float floorf(float x)
002d7398	002d7487	240	sinf	float sinf(float x)
002d7488	002d750f	136	tanf	float tanf(float x)
002d7510	002d7627	280	atan2	double atan2(double y, double x)
002d7628	002d7a57	1072	pow	double pow(double x, double y)
002d7a58	002d7b63	268	sqrt	double sqrt(double x)
002d7b68	002d7c63	252	acosf	float acosf(float x)
002d7c68	002d7d63	252	asinf	float asinf(float x)
002d7d68	002d7e8f	296	atan2f	float atan2f(float y, float x)
002d7e90	002d8397	1288	powf	float powf(float x, float y)
002d8398	002d84ab	276	sqrtf	float sqrtf(float x)
002d84b0	002d87e3	820	__ieee754_atan2	double __ieee754_atan2(double y, double x)
002d87e8	002d950f	3364	__ieee754_pow	double __ieee754_pow(double x, double y)
002d9510	002d9813	772	__ieee754_sqrt	double __ieee754_sqrt(double x)
002d9818	002d9c47	1068	__ieee754_acosf	float __ieee754_acosf(float x)
002d9c48	002d9fe3	924	__ieee754_asinf	float __ieee754_asinf(float x)
002d9fe8	002da2cf	744	__ieee754_atan2f	float __ieee754_atan2f(float y, float x)
002da2d0	002dab5b	2176	__ieee754_powf	float __ieee754_powf(float x, float y)
002dab60	002daf3f	988	__ieee754_rem_pio2f	__int32_t __ieee754_rem_pio2f(float x, float * y)
002daf40	002db077	308	__ieee754_sqrtf	float __ieee754_sqrtf(float x)
002db078	002db1cf	340	__kernel_cosf	float __kernel_cosf(float x, float y)
002db1d0	002dbb1b	2380	__kernel_rem_pio2f	int __kernel_rem_pio2f(float * x, float * y, int e0, int nx, int prec, __int32_t * ipio2)
002dbb20	002dbc23	260	__kernel_sinf	float __kernel_sinf(float x, float y, int iy)
002dbc28	002dbebb	656	__kernel_tanf	float __kernel_tanf(float x, float y, int iy)
002dbec0	002dbedf	32	finite	int finite(double x)
002dbee0	002dbf17	56	isnan	int isnan(double x)
002dbf18	002dbf3b	36	matherr	int matherr(exception * x)
002dbf40	002dc13b	508	rint	double rint(double x)
002dc140	002dc2f3	432	scalbn	double scalbn(double x, int n)
002dc2f8	002dc59f	676	atanf	float atanf(float x)
002dc5a0	002dc5bb	28	fabsf	float fabsf(float x)
002dc5c0	002dc5e3	36	finitef	int finitef(float x)
002dc5e8	002dc60b	36	isnanf	int isnanf(float x)
002dc610	002dc76f	344	scalbnf	float scalbnf(float x, int n)
002dc770	002dc7b3	68	copysign	double copysign(double x, double y)
002dc7b8	002dc7e7	48	copysignf	float copysignf(float x, float y)
002dc7e8	002dc93f	340	sceMcInit	undefined sceMcInit()
002dc940	002dc963	36	_lmcGetClientPtr	undefined _lmcGetClientPtr()
002dc968	002dca4b	228	sceMcOpen	undefined sceMcOpen()
002dca50	002dca83	52	sceMcMkdir	undefined sceMcMkdir()
002dca88	002dcb13	140	sceMcClose	undefined sceMcClose()
002dcb18	002dcba7	144	sceMcSeek	undefined sceMcSeek()
002dcba8	002dcc37	144	mceIntrReadFixAlign	undefined mceIntrReadFixAlign()
002dcc38	002dcd0f	216	sceMcRead	undefined sceMcRead()
002dcd10	002dce43	308	sceMcWrite	undefined sceMcWrite()
002dce48	002dcf37	240	sceMcSync	undefined sceMcSync()
002dcf38	002dcf8b	84	mceGetInfoApdx	undefined mceGetInfoApdx()
002dcf90	002dd0d3	324	sceMcGetInfo	undefined sceMcGetInfo()
002dd0d8	002dd1bf	232	sceMcGetDir	undefined sceMcGetDir()
002dd1c0	002dd247	136	mceStorePwd	undefined mceStorePwd()
002dd248	002dd32f	232	sceMcChdir	undefined sceMcChdir()
002dd330	002dd3bf	144	sceMcFormat	undefined sceMcFormat()
002dd3c0	002dd497	216	sceMcDelete	undefined sceMcDelete()
002dd498	002dd523	140	sceMcFlush	undefined sceMcFlush()
002dd528	002dd67b	340	sceMcSetFileInfo	undefined sceMcSetFileInfo()
002dd680	002dd77b	252	sceMcRename	undefined sceMcRename()
002dd780	002dd80f	144	sceMcUnformat	undefined sceMcUnformat()
002dd810	002dd8c7	184	sceMcGetEntSpace	undefined sceMcGetEntSpace()
002dd8c8	002dd98b	196	sceSdRemoteInit	undefined sceSdRemoteInit()
002dd990	002dd9ff	112	sceSdTransToIOP	undefined sceSdTransToIOP()
002dda00	002dda0b	12	sceSdCallBack	undefined sceSdCallBack()
002dda10	002ddc1f	528	sceSdRemote	undefined sceSdRemote()
002ddc20	002ddcf3	212	sceSdRemoteCallbackInit	undefined sceSdRemoteCallbackInit()
002ddcf8	002ddd5b	100	_sdrCBThread	undefined _sdrCBThread()
002ddd60	002dde3f	224	_sdrCB	undefined _sdrCB()
002dde40	002dde7b	60	sceCdCallback	undefined sceCdCallback()
002dde80	002ddf33	180	cd_callback	undefined cd_callback()
002ddf38	002de00b	212	_Cdvd_cbLoop	undefined _Cdvd_cbLoop()
002de010	002de0e3	212	sceCdInitEeCB	undefined sceCdInitEeCB()
002de0e8	002de17f	152	cd_read_intr	undefined cd_read_intr()
002de180	002de207	136	cmd_sem_init	undefined cmd_sem_init()
002de208	002de263	92	cdvd_exit	undefined cdvd_exit()
002de268	002de32f	200	sceCdIntToPos	undefined sceCdIntToPos()
002de330	002de38f	96	sceCdPosToInt	undefined sceCdPosToInt()
002de390	002de4ef	348	PowerOffCB	undefined PowerOffCB()
002de4f0	002de7db	744	sceCdSearchFile	undefined sceCdSearchFile()
002de7e0	002de95b	376	ncmd_prechk	undefined ncmd_prechk()
002de960	002de9f7	152	sceCdNcmdDiskReady	undefined sceCdNcmdDiskReady()
002de9f8	002dea27	48	sceCdGetReadPos	undefined sceCdGetReadPos()
002dea28	002decff	728	sceCdReadChain	undefined sceCdReadChain()
002ded00	002deecf	464	sceCdRead	undefined sceCdRead()
002deed0	002df017	328	sceCdReadIOPm	undefined sceCdReadIOPm()
002df018	002df287	624	sceCdGetToc	undefined sceCdGetToc()
002df288	002df36b	228	sceCdSeek	undefined sceCdSeek()
002df370	002df42f	192	sceCdStandby	undefined sceCdStandby()
002df430	002df4f3	196	sceCdStop	undefined sceCdStop()
002df4f8	002df5b7	192	sceCdPause	undefined sceCdPause()
002df5b8	002df65f	168	sceCdSync	undefined sceCdSync()
002df660	002df6c3	100	sceCdSyncS	undefined sceCdSyncS()
002df6c8	002df843	376	scmd_prechk	undefined scmd_prechk()
002df848	002dfae7	672	sceCdInit	undefined sceCdInit()
002dfae8	002dfcdb	500	sceCdDiskReady	undefined sceCdDiskReady()
002dfce0	002dfd93	180	sceCdBreak	undefined sceCdBreak()
002dfd98	002dfe2f	152	sceCdGetDiskType	undefined sceCdGetDiskType()
002dfe30	002dfee7	184	sceCdStatus	undefined sceCdStatus()
002dfee8	002dff7f	152	sceCdGetError	undefined sceCdGetError()
002dff80	002e0057	216	_sceCdRI	undefined _sceCdRI()
002e0058	002e013f	232	_sceCdRM	undefined _sceCdRM()
002e0140	002e01fb	188	sceCdMmode	undefined sceCdMmode()
002e0200	002e02f7	248	sceCdReadClock	undefined sceCdReadClock()
002e02f8	002e03db	228	sceCdTrayReq	undefined sceCdTrayReq()
002e03e0	002e040b	44	sceCdStInit	undefined sceCdStInit()
002e0410	002e0443	52	sceCdStStart	undefined sceCdStStart()
002e0448	002e0473	44	sceCdStSeek	undefined sceCdStSeek()
002e0478	002e04af	56	sceCdStStop	undefined sceCdStStop()
002e04b0	002e0627	376	sceCdStRead	undefined sceCdStRead()
002e0628	002e0677	80	sceCdStPause	undefined sceCdStPause()
002e0678	002e06cb	84	sceCdStResume	undefined sceCdStResume()
002e06d0	002e0717	72	sceCdStStat	undefined sceCdStStat()
002e0718	002e0877	352	sceCdStream	undefined sceCdStream()
002e0878	002e0913	156	GetRomName	undefined GetRomName()
002e0918	002e0957	64	IsT10K	undefined IsT10K()
002e0958	002e09b7	96	sceScfGetLanguage	undefined sceScfGetLanguage()
002e09b8	002e09d3	28	sceScfSetT10kConfig	undefined sceScfSetT10kConfig()
002e09d8	002e0a17	64	sceScfGetAspect	undefined sceScfGetAspect()
002e0a18	002e0a53	60	sceScfGetSpdif	undefined sceScfGetSpdif()
002e0a58	002e0abb	100	sceScfGetTimeZone	undefined sceScfGetTimeZone()
002e0ac0	002e0b3b	124	sceScfGetDateNotation	undefined sceScfGetDateNotation()
002e0b40	002e0bbf	128	sceScfGetSummerTime	undefined sceScfGetSummerTime()
002e0bc0	002e0c3f	128	sceScfGetTimeNotation	undefined sceScfGetTimeNotation()
002e0c40	002e0ca3	100	tobcd	undefined tobcd()
002e0ca8	002e0cff	88	frombcd	undefined frombcd()
002e0d00	002e0d83	132	convertfrombcd	undefined convertfrombcd()
002e0d88	002e0e0b	132	converttobcd	undefined converttobcd()
002e0e10	002e0ef3	228	adddate	undefined adddate()
002e0ef8	002e0fcb	212	subdate	undefined subdate()
002e0fd0	002e103b	108	addhour	undefined addhour()
002e1040	002e10a7	104	subhour	undefined subhour()
002e10a8	002e1173	200	AdjustTime	undefined AdjustTime()
002e1178	002e11bb	68	sceScfGetGMTfromRTC	undefined sceScfGetGMTfromRTC()
002e11c0	002e1227	104	sceScfGetLocalTimefromRTC	undefined sceScfGetLocalTimefromRTC()
002e1228	002e127b	84	__do_global_dtors	void __do_global_dtors(void)
002e1280	002e132f	176	__do_global_ctors	void __do_global_ctors(void)
002e1330	002e134f	32	__main	void __main(void)
002e1350	002e1a3b	1772	__divdi3	DItype __divdi3(DItype u, DItype v)
002e1a40	002e1a6f	48	exit	void exit(int status)
002e1a70	002e1b5b	236	__fixunsdfdi	DItype __fixunsdfdi(DFtype a)
002e1b60	002e1bf7	152	__floatdidf	DFtype __floatdidf(DItype u)
002e1bf8	002e225f	1628	__moddi3	DItype __moddi3(DItype u, DItype v)
002e2260	002e282f	1484	__udivdi3	UDItype __udivdi3(UDItype n, UDItype d)
002e2830	002e2d6f	1332	__umoddi3	UDItype __umoddi3(UDItype u, UDItype v)
002e2d70	002e2e9b	300	__pack_d	FLO_type __pack_d(fp_number_type__221_34 * src)
002e2ea0	002e2f3b	152	__unpack_d	void __unpack_d(FLO_union_type__221_38 * src, fp_number_type__221_34 * dst)
002e2f40	002e317f	576	_fpadd_parts	fp_number_type__221_34 * _fpadd_parts(fp_number_type__221_34 * a, fp_number_type__221_34 * b, fp_number_type__221_34 * tmp)
002e3180	002e31d7	88	dpadd	FLO_type dpadd(FLO_type arg_a, FLO_type arg_b)
002e31d8	002e323b	100	dpsub	FLO_type dpsub(FLO_type arg_a, FLO_type arg_b)
002e3240	002e34e7	680	dpmul	FLO_type dpmul(FLO_type arg_a, FLO_type arg_b)
002e34e8	002e364f	356	dpdiv	FLO_type dpdiv(FLO_type arg_a, FLO_type arg_b)
002e3650	002e3763	276	__fpcmp_parts_d	int __fpcmp_parts_d(fp_number_type__221_34 * a, fp_number_type__221_34 * b)
002e3768	002e37b3	76	dpcmp	SItype dpcmp(FLO_type arg_a, FLO_type arg_b)
002e37b8	002e386f	184	litodp	FLO_type litodp(SItype arg_a)
002e3870	002e3903	148	dptoli	SItype dptoli(FLO_type arg_a)
002e3908	002e39a7	160	dptoul	USItype dptoul(FLO_type arg_a)
002e39a8	002e39df	56	__negdf2	FLO_type __negdf2(FLO_type arg_a)
002e39e0	002e3a0b	44	__make_dp	DFtype __make_dp(fp_class_type class, unsigned int sign, int exp, UDItype frac)
002e3a10	002e3a63	84	dptofp	SFtype dptofp(DFtype arg_a)
002e3a68	002e3b73	268	__pack_f	FLO_type.conflict __pack_f(fp_number_type__222_34 * src)
002e3b78	002e3c07	144	__unpack_f	void __unpack_f(FLO_union_type__222_38 * src, fp_number_type__222_34 * dst)
002e3c08	002e3e3b	564	_fpadd_parts	fp_number_type__222_34 * _fpadd_parts(fp_number_type__222_34 * a, fp_number_type__222_34 * b, fp_number_type__222_34 * tmp)
002e3e40	002e3e97	88	fpadd	FLO_type.conflict fpadd(FLO_type.conflict arg_a, FLO_type.conflict arg_b)
002e3e98	002e3efb	100	fpsub	FLO_type.conflict fpsub(FLO_type.conflict arg_a, FLO_type.conflict arg_b)
002e3f00	002e40f3	500	fpmul	FLO_type.conflict fpmul(FLO_type.conflict arg_a, FLO_type.conflict arg_b)
002e40f8	002e4257	352	fpdiv	FLO_type.conflict fpdiv(FLO_type.conflict arg_a, FLO_type.conflict arg_b)
002e4258	002e436b	276	__fpcmp_parts_f	int __fpcmp_parts_f(fp_number_type__222_34 * a, fp_number_type__222_34 * b)
002e4370	002e43bb	76	fpcmp	SItype fpcmp(FLO_type.conflict arg_a, FLO_type.conflict arg_b)
002e43c0	002e4477	184	sitofp	FLO_type.conflict sitofp(SItype arg_a)
002e4478	002e4503	140	fptosi	SItype fptosi(FLO_type.conflict arg_a)
002e4508	002e459f	152	fptoui	USItype fptoui(FLO_type.conflict arg_a)
002e45a0	002e45d7	56	__negsf2	FLO_type.conflict __negsf2(FLO_type.conflict arg_a)
002e45d8	002e4603	44	__make_fp	SFtype __make_fp(fp_class_type class, unsigned int sign, int exp, USItype frac)
002e4608	002e4647	64	fptodp	DFtype fptodp(SFtype arg_a)
002e4648	002e46a7	96	__muldi3	DItype __muldi3(DItype u, DItype v)
002e46a8	002e46db	52	__assert	void __assert(char * file, int line, char * failedexpr)
002e46e0	002e4707	40	atoi	int atoi(char * s)
002e4708	002e4717	16	bcopy	void bcopy(char * b1, char * b2, size_t length)
002e4718	002e4723	12	__errno	int * __errno(void)
002e4728	002e477f	88	std	void std(FILE * ptr, int flags, int file, _reent * data)
002e4780	002e47ef	112	__sfmoreglue	_glue * __sfmoreglue(_reent * d, int n)
002e47f0	002e48cf	224	__sfp	FILE * __sfp(_reent * d)
002e48d0	002e48db	12	_cleanup_r	void _cleanup_r(_reent * ptr)
002e48e0	002e48eb	12	_cleanup	void _cleanup(EVP_PKEY_CTX * ctx)
002e48f0	002e497b	140	__sinit	void __sinit(_reent * s)
002e4980	002e49b3	52	fiprintf	int fiprintf(FILE * fp, char * fmt)
002e49b8	002e4a4b	148	_fwalk	int _fwalk(_reent * ptr, undefined1 * function)
002e4a50	002e4a77	40	malloc	void * malloc(size_t nbytes)
002e4a78	002e4a87	16	free	void free(void * aptr)
002e4a88	002e4cdb	596	malloc_extend_top	void malloc_extend_top(_reent * reent_ptr, size_t nb)
002e4ce0	002e5457	1912	_malloc_r	void * _malloc_r(_reent * reent_ptr, size_t bytes)
002e5458	002e5507	176	memcpy	void * memcpy(void * __dest, void * __src, size_t __n)
002e5508	002e560b	260	memmove	void * memmove(void * __dest, void * __src, size_t __n)
002e560c	002e56cb	192	memset	void * memset(void * __s, int __c, size_t __n)
002e56d0	002e56d7	8	__malloc_lock	void __malloc_lock(_reent * ptr)
002e56d8	002e56df	8	__malloc_unlock	void __malloc_unlock(_reent * ptr)
002e56e0	002e571b	60	_printf_r	int _printf_r(_reent * ptr, char * fmt)
002e5720	002e576f	80	printf	int printf(char * fmt)
002e5770	002e57cb	92	_sbrk_r	void * _sbrk_r(_reent * ptr, size_t incr)
002e57d0	002e5837	104	_sprintf_r	int _sprintf_r(_reent * ptr, char * str, char * fmt)
002e5838	002e58a7	112	sprintf	int sprintf(char * str, char * fmt)
002e58a8	002e58af	8	eofread	int eofread(void * cookie, char * buf, int len)
002e58b0	002e5937	136	sscanf	int sscanf(char * str, char * fmt)
002e5938	002e599b	100	__sread	int __sread(void * cookie, char * buf, int n)
002e59a0	002e5a1f	128	__swrite	int __swrite(void * cookie, char * buf, int n)
002e5a20	002e5a87	104	__sseek	fpos_t __sseek(void * cookie, fpos_t offset, int whence)
002e5a88	002e5aa7	32	__sclose	int __sclose(void * cookie)
002e5aa8	002e5b5b	180	strcasecmp	int strcasecmp(char * s1, char * s2)
002e5b5c	002e5c87	300	strcat	char * strcat(char * __dest, char * __src)
002e5c88	002e5e17	400	strchr	char * strchr(char * __s, int __c)
002e5e18	002e5f5b	324	strcmp	int strcmp(char * __s1, char * __s2)
002e5f5c	002e606f	276	strcpy	char * strcpy(char * __dest, char * __src)
002e6070	002e61a7	312	strlen	size_t strlen(char * __s)
002e61a8	002e635f	436	strncmp	int strncmp(char * __s1, char * __s2, size_t __n)
002e6360	002e651b	444	strncpy	char * strncpy(char * __dest, char * __src, size_t __n)
002e6520	002e6757	568	_strtol_r	long int _strtol_r(_reent * rptr, char * nptr, char * * endptr, int base)
002e6758	002e678b	52	strtol	long int strtol(char * s, char * * ptr, int base)
002e6790	002e67d3	68	__sprint	int __sprint(FILE * fp, __suio * uio)
002e67d8	002e688b	180	__sbprintf	int __sbprintf(FILE * fp, char * fmt, va_list ap)
002e6890	002e6907	120	vfiprintf	int vfiprintf(FILE * fp, char * fmt0, va_list ap)
002e6908	002e74d3	3012	_vfiprintf_r	int _vfiprintf_r(_reent * data, FILE * fp, char * fmt0, va_list ap)
002e74d8	002e751b	68	__sprint	int __sprint(FILE * fp, __suio * uio)
002e7520	002e75d3	180	__sbprintf	int __sbprintf(FILE * fp, char * fmt, va_list ap)
002e75d8	002e764f	120	vfprintf	int vfprintf(FILE * fp, char * fmt0, va_list ap)
002e7650	002e8b67	5400	_vfprintf_r	int _vfprintf_r(_reent * data, FILE * fp, char * fmt0, va_list ap)
002e8b68	002e8d17	432	cvt	char * cvt(_reent * data, double value, int ndigits, int flags, char * sign, int * decpt, int ch, int * length)
002e8d18	002e8df7	224	exponent	int exponent(char * p0, int exp, int fmtch)
002e8df8	002e98ff	2824	__svfscanf	int __svfscanf(FILE * fp, char * fmt0, va_list ap)
002e9900	002e9a03	260	__sccl	char * __sccl(char * tab, char * fmt)
002e9a08	002e9a5b	84	vsprintf	int vsprintf(char * str, char * fmt, va_list ap)
002e9a60	002e9abf	96	_write_r	_ssize_t _write_r(_reent * ptr, int fd, void * buf, size_t cnt)
002e9ac0	002e9bcb	268	__swsetup	int __swsetup(FILE * fp)
002e9bd0	002e9be7	24	abort	void abort(void)
002e9bf0	002e9c0b	28	atof	double atof(char * s)
002e9c10	002e9c67	88	_close_r	int _close_r(_reent * ptr, int fd)
002e9c68	002e9e7b	532	quorem	int quorem(_Bigint * b, _Bigint * S)
002e9e80	002eb04b	4536	_dtoa_r	char * _dtoa_r(_reent * ptr, double _d, int mode, int ndigits, int * decpt, int * sign, char * * rve)
002eb050	002eb153	260	fflush	int fflush(FILE * fp)
002eb158	002eb273	284	fread	size_t fread(void * buf, size_t size, size_t count, FILE * fp)
002eb278	002eb593	796	_free_r	void _free_r(_reent * reent_ptr, void * mem)
002eb598	002eb703	364	_malloc_trim_r	int _malloc_trim_r(_reent * reent_ptr, size_t pad)
002eb708	002ebadf	984	__sfvwrite	int __sfvwrite(FILE * fp, __suio * uio)
002ebae0	002ebb63	132	_setlocale_r	char * _setlocale_r(_reent * p, int category, char * locale)
002ebb68	002ebb73	12	_localeconv_r	lconv * _localeconv_r(_reent * data)
002ebb78	002ebba3	44	setlocale	char * setlocale(int category, char * locale)
002ebba8	002ebbcb	36	localeconv	lconv * localeconv(void)
002ebbd0	002ebc2f	96	_lseek_r	_off_t _lseek_r(_reent * ptr, int fd, off_t pos, int whence)
002ebc30	002ebd7f	336	__smakebuf	void __smakebuf(FILE * fp)
002ebd80	002ebdbb	60	_mbtowc_r	int _mbtowc_r(_reent * r, wchar_t * pwc, char * s, size_t n, int * state)
002ebdbc	002ebe9b	224	memchr	void * memchr(void * __s, int __c, size_t __n)
002ebea0	002ebf47	168	_Balloc	_Bigint * _Balloc(_reent * ptr, int k)
002ebf48	002ebf73	44	_Bfree	void _Bfree(_reent * ptr, _Bigint * v)
002ebf78	002ec08b	276	_multadd	_Bigint * _multadd(_reent * ptr, _Bigint * b, int m, int a)
002ec090	002ec1d7	328	_s2b	_Bigint * _s2b(_reent * ptr, char * s, int nd0, int nd, ULong y9)
002ec1d8	002ec25b	132	_hi0bits	int _hi0bits(ULong x)
002ec260	002ec31f	192	_lo0bits	int _lo0bits(ULong * y)
002ec320	002ec357	56	_i2b	_Bigint * _i2b(_reent * ptr, int i)
002ec358	002ec583	556	_multiply	_Bigint * _multiply(_reent * ptr, _Bigint * a, _Bigint * b)
002ec588	002ec687	252	_pow5mult	_Bigint * _pow5mult(_reent * ptr, _Bigint * b, int k)
002ec688	002ec7ff	376	_lshift	_Bigint * _lshift(_reent * ptr, _Bigint * b, int k)
002ec800	002ec867	104	__mcmp	int __mcmp(_Bigint * a, _Bigint * b)
002ec868	002ec9f7	400	__mdiff	_Bigint * __mdiff(_reent * ptr, _Bigint * a, _Bigint * b)
002ec9f8	002eca8f	152	_ulp	double _ulp(double _x)
002eca90	002ecc0b	380	_b2d	double _b2d(_Bigint * a, int * e)
002ecc10	002ecd8b	380	_d2b	_Bigint * _d2b(_reent * ptr, double _d, int * e, int * bits)
002ecd90	002ece4f	192	_ratio	double _ratio(_Bigint * a, _Bigint * b)
002ece50	002ecebb	108	_mprec_log10	double _mprec_log10(int dig)
002ecec0	002ecf1f	96	_read_r	_ssize_t _read_r(_reent * ptr, int fd, void * buf, size_t cnt)
002ecf20	002ecf3b	28	lflush	int lflush(FILE * fp)
002ecf40	002ed0b7	376	__srefill	int __srefill(FILE * fp)
002ed0b8	002ed0ff	72	isinf	int isinf(double x)
002ed100	002ed16f	112	_init_signal_r	int _init_signal_r(_reent * ptr)
002ed170	002ed1fb	140	_signal_r	_sig_func_ptr _signal_r(_reent * ptr, int sig, _sig_func_ptr func)
002ed200	002ed2ef	240	_raise_r	int _raise_r(_reent * ptr, int sig)
002ed2f0	002ed3a7	184	__sigtramp_r	int __sigtramp_r(_reent * ptr, int sig)
002ed3a8	002ed3cf	40	raise	int raise(int sig)
002ed3d0	002ed3fb	44	signal	_sig_func_ptr signal(int sig, _sig_func_ptr func)
002ed400	002ed423	36	_init_signal	int _init_signal(void)
002ed428	002ed44f	40	__sigtramp	int __sigtramp(int sig)
002ed450	002ed4ab	92	_kill_r	int _kill_r(_reent * ptr, int pid, int sig)
002ed4b0	002ed4cb	28	_getpid_r	int _getpid_r(_reent * ptr)
002ed4d0	002ee3cf	3836	_strtod_r	double _strtod_r(_reent * ptr, char * s00, char * * se)
002ee3d0	002ee3fb	44	strtod	double strtod(char * s00, char * * se)
002ee400	002ee423	36	strtodf	float strtodf(char * s00, char * * se)
002ee428	002ee643	536	_strtoul_r	long unsigned int _strtoul_r(_reent * rptr, char * nptr, char * * endptr, int base)
002ee648	002ee67b	52	strtoul	long unsigned int strtoul(char * s, char * * ptr, int base)
002ee680	002ee76f	240	__submore	int __submore(FILE * fp)
002ee770	002ee8f7	392	ungetc	int ungetc(int c, FILE * fp)
002ee8f8	002ee9b3	188	_calloc_r	void * _calloc_r(_reent * reent_ptr, size_t n, size_t elem_size)
002ee9b8	002eea13	92	_fstat_r	int _fstat_r(_reent * ptr, int fd, stat * pstat)
002eea18	002eef87	1392	_realloc_r	void * _realloc_r(_reent * reent_ptr, void * oldmem, size_t bytes)
002eef88	002eefe3	92	__fixdfdi	DItype __fixdfdi(DFtype a)
