[TS:native] original-EE AOT via PS2Recomp; missing functions STOP; no EE interpreter fallback
INFO: Initializing raylib 5.5
INFO: Platform backend: DESKTOP (GLFW)
INFO: Supported raylib modules:
INFO:     > rcore:..... loaded (mandatory)
INFO:     > rlgl:...... loaded (mandatory)
INFO:     > rshapes:... loaded (optional)
INFO:     > rtextures:. loaded (optional)
INFO:     > rtext:..... loaded (optional)
INFO:     > rmodels:... loaded (optional)
INFO:     > raudio:.... loaded (optional)
INFO: DISPLAY: Device initialized successfully
INFO:     > Display size: 1920 x 1080
INFO:     > Screen size:  640 x 448
INFO:     > Render size:  640 x 448
INFO:     > Viewport offsets: 0, 0
INFO: GLAD: OpenGL extensions loaded successfully
INFO: GL: Supported extensions count: 296
INFO: GL: OpenGL device information:
INFO:     > Vendor:   ATI Technologies Inc.
INFO:     > Renderer: AMD Radeon 780M Graphics
INFO:     > Version:  3.3.0 Core Profile Context 26.3.1.260309
INFO:     > GLSL:     4.60
INFO: GL: VAO extension detected, VAO functions loaded successfully
INFO: GL: NPOT textures extension detected, full NPOT textures supported
INFO: GL: DXT compressed textures supported
INFO: GL: ETC2/EAC compressed textures supported
INFO: PLATFORM: DESKTOP (GLFW - Win32): Initialized successfully
INFO: TEXTURE: [ID 1] Texture loaded successfully (1x1 | R8G8B8A8 | 1 mipmaps)
INFO: TEXTURE: [ID 1] Default texture loaded successfully
INFO: SHADER: [ID 1] Vertex shader compiled successfully
INFO: SHADER: [ID 2] Fragment shader compiled successfully
INFO: SHADER: [ID 3] Program shader loaded successfully
INFO: SHADER: [ID 3] Default shader loaded successfully
INFO: RLGL: Render batch vertex buffers loaded successfully in RAM (CPU)
INFO: RLGL: Render batch vertex buffers loaded successfully in VRAM (GPU)
INFO: RLGL: Default OpenGL state initialized successfully
INFO: TEXTURE: [ID 2] Texture loaded successfully (128x128 | GRAY_ALPHA | 1 mipmaps)
INFO: FONT: Default font loaded successfully (224 glyphs)
INFO: SYSTEM: Working Directory: D:\Programming\GitHub\Timesplitters
INFO: AUDIO: Device initialized successfully
INFO:     > Backend:       miniaudio | WASAPI
INFO:     > Format:        32-bit IEEE Floating Point -> 32-bit IEEE Floating Point
INFO:     > Channels:      2 -> 2
INFO:     > Sample rate:   48000 -> 48000
INFO:     > Periods size:  1440
INFO: TIMER: Target time per frame: 16.667 milliseconds
Loading segment: 0x200000 - 0x1ff5390 (filesz: 0x1afd94, memsz: 0x1df5390)
Registered code region: 200000 - 3afd94[kernel:callback-arena] base=0x80000 end=0x100000
ELF file loaded successfully. Entry point: 0x200008[TS:pad-script] D:\Programming\GitHub\Timesplitters\scripts\pad\windows-story-signon-end.pad
Starting execution at address 0x200008INFO: TEXTURE: [ID 3] Texture loaded successfully (640x512 | R8G8B8A8 | 1 mipmaps)
[TS:state] tag=watch elapsed=1.17e-05 pc=0x200008 local_players=0 active_characters=0 player=0x0 prop=0x0 prop_valid=0 health=0 mcseq_state=1 mcard_state=0 mcard_result=1 mcard_port=4294967295 mcard_slot=4294967295 checkcards={port=4294967295,slot=4294967295,type=4294967295,free=4294967295,format=4294967295} mkdir_overwriteok=0 menu_selection=0 mcseq_globals=[0x0,0x0,0x0,0x0,0x0] mc_last_cmd=0 mc_last_result=0 mc_last_port=0 mc_last_slot=0 mc_last_flags=0x0 mc_last_raw='' mc_last_guest='' mc_last_host='' mc_open_files=0 mc0={fmt=1,cwd='/'} mc1={fmt=1,cwd='/'} current_front=0x0 current_front_index=-1 dma=0 gif=0 vif=0 front0={v0=0x0 f14=0x0 f18=0x0 f1c=0x0} front1={v0=0x0 f14=0x0 f18=0x0 f1c=0x0} front2={v0=0x0 f14=0x0 f18=0x0 f1c=0x0} front3={v0=0x0 f14=0x0 f18=0x0 f1c=0x0}
[SetupHeap] base=0x1ff5390 alignedBase=0x1ff5390 size=0x8000 runtimeBase=0x1ff5390 runtimeEnd=0x1ff5390
[ps2xIOP] [IOP] loaded IRX id=1 entry=0x10abc base=0x10000 start=0
[SifInitRpc] Initialized[SIF module] load-emulated id=1 ref=1 path="cdrom0:\MODULES\SIO2MAN.IRX;1"
[ps2xIOP] [IOP] loaded IRX id=2 entry=0x11d54 base=0x11300 start=0
[SIF module] load-emulated id=2 ref=1 path="cdrom0:\MODULES\MTAPMAN.IRX;1"
[ps2xIOP] [IOP] loaded IRX id=3 entry=0x15e68 base=0x13000 start=0
[SIF module] load-emulated id=3 ref=1 path="cdrom0:\MODULES\PADMAN.IRX;1"
[ps2xIOP] [IOP] loaded IRX id=4 entry=0x1c458 base=0x1c300 start=0
[SIF module] load-emulated id=4 ref=1 path="cdrom0:\MODULES\MCMAN.IRX;1"
[ps2xIOP] [IOP] loaded IRX id=5 entry=0x3fb40 base=0x3fb00 start=0
[SIF module] load-emulated id=5 ref=1 path="cdrom0:\MODULES\MCSERV.IRX;1"
[ps2xIOP] [IOP] loaded IRX id=6 entry=0x46830 base=0x42e00 start=0
[SIF module] load-emulated id=6 ref=1 path="cdrom0:\MODULES\LIBSD.IRX;1"
[ps2xIOP] [IOP printf] sdr driver version 1.4.0 (C)SCEI

[ps2xIOP] [IOP printf]  Exit rsd_main 

[ps2xIOP] [IOP] loaded IRX id=7 entry=0x47500 base=0x47500 start=0
[SIF module] load-emulated id=7 ref=1 path="cdrom0:\MODULES\SDRDRV.IRX;1"
[ps2xIOP] [IOP printf] FRD Stream Driver v%d.%d

[ps2xIOP] [IOP printf] Exit stream loader thread

[ps2xIOP] [IOP] loaded IRX id=8 entry=0x48700 base=0x48700 start=0
[SIF module] load-emulated id=8 ref=1 path="cdrom0:\MODULES\STREAM.IRX;1"
[gs:reg] idx=0 reg=0x41 value=0x8005
[gs:copy-reg] reg=0x41 value=0x8005 primCtxt=0 ctx0fbp=0 ctx1fbp=0
[gs:reg] idx=1 reg=0x42 value=0x3
[gs:reg] idx=2 reg=0x4c value=0x100000
[gs:reg] idx=3 reg=0x18 value=0x0
[gs:reg] idx=4 reg=0x40 value=0x400000004000000
[gs:reg] idx=5 reg=0x47 value=0x0
[gs:reg] idx=6 reg=0x0 value=0x6
[gs:copy-reg] reg=0x0 value=0x6 primCtxt=0 ctx0fbp=0 ctx1fbp=0
[gs:reg] idx=7 reg=0x1 value=0x3f80000000000000
[gs:reg] idx=8 reg=0x4 value=0x0
[gs:kick] idx=0 drawing=1 prim=6 vtxCount=1
[gs:reg] idx=9 reg=0x4 value=0x40004000
[gs:kick] idx=1 drawing=1 prim=6 vtxCount=2
[gs:prim] idx=0 type=6 tme=0 abe=0 fst=0 ctxt=0 fbp=0 fbw=16 psm=0x0 tex0=(tbp0=0 tbw=0 psm=0x0 tw=0 th=0 tcc=0 tfx=0 cbp=0 cpsm=0x0 csm=0 csa=0) texclut=(cbw=0 cou=0 cov=0) ofx=0 ofy=0 scissor=(0,0)-(1024,1024) test=0x0 alpha=0x3 v0=(0,0) uv0=(0,0) stq0=(0,0,1) v1=(1024,1024) uv1=(0,0) stq1=(0,0,1) v2=(0,0) uv2=(0,0) stq2=(0,0,1) rgba0=(0,0,0,0) rgba1=(0,0,0,0) rgba2=(0,0,0,0)
[sceDmaSend] ch=0x1000a000 madr=0x3136b0 qwc=0xa tadr=0x3136b0 chcr=0x181
[ps2xIOP] [IOP printf] goto stream cmd loop

[gs:reg] idx=10 reg=0x4c value=0x20a0000
[gs:reg] idx=11 reg=0x18 value=0x790800006c00
[gs:reg] idx=12 reg=0x40 value=0xdf0000027f0000
[gs:reg] idx=13 reg=0x47 value=0x30000
[run:tick] tick=120 pc=0x201a88 ra=0x201b90 sp=0x1ffff00 gp=0x3b47f0 dispfb1=0x11400 display1=0xdf27f000202a4 activeThreads=1 dma=2 gif=2 gsw=0 vif=0
[gs:reg] idx=14 reg=0x4c value=0x20a0000
[gs:reg] idx=15 reg=0x18 value=0x790000006c00
[gs:reg] idx=16 reg=0x40 value=0xdf0000027f0000
[gs:reg] idx=17 reg=0x47 value=0x30000
[gs:reg] idx=18 reg=0x4c value=0x20a0000
[gs:reg] idx=19 reg=0x18 value=0x790800006c00
[gs:reg] idx=20 reg=0x40 value=0xdf0000027f0000
[gs:reg] idx=21 reg=0x47 value=0x30000
[gs:reg] idx=22 reg=0x4c value=0x20a0000
[gs:reg] idx=23 reg=0x18 value=0x790000006c00
[gs:reg] idx=24 reg=0x40 value=0xdf0000027f0000
[gs:reg] idx=25 reg=0x47 value=0x30000
[gs:reg] idx=26 reg=0x4c value=0x20a0000
[gs:reg] idx=27 reg=0x18 value=0x790800006c00
[gs:reg] idx=28 reg=0x40 value=0xdf0000027f0000
[gs:reg] idx=29 reg=0x47 value=0x30000
[gs:reg] idx=30 reg=0x4c value=0x20a0000
[gs:reg] idx=31 reg=0x18 value=0x790000006c00
[gs:reg] idx=32 reg=0x40 value=0xdf0000027f0000
[gs:reg] idx=33 reg=0x47 value=0x30000
[gs:reg] idx=34 reg=0x4c value=0x20a0000
[gs:reg] idx=35 reg=0x18 value=0x790800006c00
[gs:reg] idx=36 reg=0x40 value=0xdf0000027f0000
[gs:reg] idx=37 reg=0x47 value=0x30000
[gs:reg] idx=38 reg=0x4c value=0x20a0000
[gs:reg] idx=39 reg=0x18 value=0x790000006c00
[gs:reg] idx=40 reg=0x40 value=0xdf0000027f0000
[gs:reg] idx=41 reg=0x47 value=0x30000
[gs:reg] idx=42 reg=0x4c value=0x20a0000
[gs:reg] idx=43 reg=0x18 value=0x790800006c00
[gs:reg] idx=44 reg=0x40 value=0xdf0000027f0000
[gs:reg] idx=45 reg=0x47 value=0x30000
[run:tick] tick=240 pc=0x201a88 ra=0x2001f4 sp=0x1ffff10 gp=0x3b47f0 dispfb1=0x11400 display1=0xdf27f000202a4 activeThreads=1 dma=2 gif=2 gsw=0 vif=0
[gs:reg] idx=46 reg=0x4c value=0x20a0000
[gs:reg] idx=47 reg=0x18 value=0x790000006c00
[gs:reg] idx=48 reg=0x40 value=0xdf0000027f0000
[gs:reg] idx=49 reg=0x47 value=0x30000
[gs:reg] idx=50 reg=0x4c value=0x20a0000
[gs:reg] idx=51 reg=0x18 value=0x790800006c00
[gs:reg] idx=52 reg=0x40 value=0xdf0000027f0000
[gs:reg] idx=53 reg=0x47 value=0x30000
[gs:reg] idx=54 reg=0x4c value=0x20a0000
[gs:reg] idx=55 reg=0x18 value=0x790000006c00
[gs:reg] idx=56 reg=0x40 value=0xdf0000027f0000
[gs:reg] idx=57 reg=0x47 value=0x30000
[gs:reg] idx=58 reg=0x4c value=0x20a0000
[gs:reg] idx=59 reg=0x18 value=0x790800006c00
[gs:reg] idx=60 reg=0x40 value=0xdf0000027f0000
[gs:reg] idx=61 reg=0x47 value=0x30000
[gs:reg] idx=62 reg=0x4c value=0x20a0000
[gs:reg] idx=63 reg=0x18 value=0x790000006c00
[gs:reg] idx=64 reg=0x40 value=0xdf0000027f0000
[gs:reg] idx=65 reg=0x47 value=0x30000
[gs:reg] idx=66 reg=0x4c value=0x20a0000
[gs:reg] idx=67 reg=0x18 value=0x790800006c00
[gs:reg] idx=68 reg=0x40 value=0xdf0000027f0000
[gs:reg] idx=69 reg=0x47 value=0x30000
[gs:reg] idx=70 reg=0x4c value=0x20a0000
[gs:reg] idx=71 reg=0x18 value=0x790000006c00
[gs:reg] idx=72 reg=0x40 value=0xdf0000027f0000
[gs:reg] idx=73 reg=0x47 value=0x30000
[gs:reg] idx=74 reg=0x4c value=0x20a0000
[gs:reg] idx=75 reg=0x18 value=0x790800006c00
[gs:reg] idx=76 reg=0x40 value=0xdf0000027f0000
[gs:reg] idx=77 reg=0x47 value=0x30000
[gs:reg] idx=78 reg=0x4c value=0x20a0000
[gs:reg] idx=79 reg=0x18 value=0x790000006c00
[gs:reg] idx=80 reg=0x40 value=0xdf0000027f0000
[gs:reg] idx=81 reg=0x47 value=0x30000
[gs:reg] idx=82 reg=0x4c value=0x20a0000
[gs:reg] idx=83 reg=0x18 value=0x790800006c00
[gs:reg] idx=84 reg=0x40 value=0xdf0000027f0000
[gs:reg] idx=85 reg=0x47 value=0x30000
[gs:reg] idx=86 reg=0x4c value=0x20a0000
[gs:reg] idx=87 reg=0x18 value=0x790000006c00
[gs:reg] idx=88 reg=0x40 value=0xdf0000027f0000
[gs:reg] idx=89 reg=0x47 value=0x30000
[gs:reg] idx=90 reg=0x4c value=0x20a0000
[gs:reg] idx=91 reg=0x18 value=0x790800006c00
[gs:reg] idx=92 reg=0x40 value=0xdf0000027f0000
[gs:reg] idx=93 reg=0x47 value=0x30000
[run:tick] tick=360 pc=0x201a88 ra=0x2001f4 sp=0x1ffff10 gp=0x3b47f0 dispfb1=0x11400 display1=0xdf27f000202a4 activeThreads=1 dma=2 gif=2 gsw=0 vif=0
[gs:reg] idx=94 reg=0x4c value=0x20a0000
[gs:reg] idx=95 reg=0x18 value=0x790000006c00
[gs:reg] idx=96 reg=0x40 value=0xdf0000027f0000
[gs:reg] idx=97 reg=0x47 value=0x30000
[gs:reg] idx=98 reg=0x4c value=0x20a0000
[gs:reg] idx=99 reg=0x18 value=0x790800006c00
[gs:reg] idx=100 reg=0x40 value=0xdf0000027f0000
[gs:reg] idx=101 reg=0x47 value=0x30000
[pad:open] port=0 slot=0 dma=0x31c740 connected=1
[pad:open] port=0 slot=1 dma=0x31c8c0 connected=0
[pad:open] port=0 slot=2 dma=0x31ca40 connected=0
[pad:open] port=0 slot=3 dma=0x31cbc0 connected=0
[pad:open] port=1 slot=0 dma=0x31cd40 connected=0
[pad:open] port=1 slot=1 dma=0x31cec0 connected=0
[pad:open] port=1 slot=2 dma=0x31d040 connected=0
[pad:open] port=1 slot=3 dma=0x31d1c0 connected=0
PS2 printf: Timezone=-300
PS2 printf: SummerTime=0
PS2 GsGetIMR: Returning IMR=0x0 pc=0x2d0448 ra=0x2ce948
PS2 GsGetIMR: Returning IMR=0x0 pc=0x2d0448 ra=0x2ce888
PS2 GsPutIMR:  new=0x0 a0_64=0x0 a0_32=0x0 a1_32=0x0 pc=0x2950248 ra=0x2943124
[gs:reg] idx=102 reg=0x4c value=0x20a0000
[gs:reg] idx=103 reg=0x18 value=0x790000006c00
[gs:reg] idx=104 reg=0x40 value=0xdf0000027f0000
[gs:reg] idx=105 reg=0x47 value=0x30000
[gs:reg] idx=106 reg=0x4c value=0x20a0000
[gs:reg] idx=107 reg=0x18 value=0x790800006c00
[gs:reg] idx=108 reg=0x40 value=0xdf0000027f0000
[gs:reg] idx=109 reg=0x47 value=0x30000
[gs:reg] idx=110 reg=0x4c value=0x20a0000
[gs:reg] idx=111 reg=0x18 value=0x790000006c00
[gs:reg] idx=112 reg=0x40 value=0xdf0000027f0000
[gs:reg] idx=113 reg=0x47 value=0x30000
[gs:reg] idx=114 reg=0x4c value=0x20a0000
[gs:reg] idx=115 reg=0x18 value=0x790800006c00
[gs:reg] idx=116 reg=0x40 value=0xdf0000027f0000
[gs:reg] idx=117 reg=0x47 value=0x30000
[gs:reg] idx=118 reg=0x4c value=0x20a0000
[gs:reg] idx=119 reg=0x18 value=0x790000006c00
[gs:reg] idx=120 reg=0x40 value=0xdf0000027f0000
[gs:reg] idx=121 reg=0x47 value=0x30000
[gs:reg] idx=122 reg=0x4c value=0x20a0000
[gs:reg] idx=123 reg=0x18 value=0x790800006c00
[gs:reg] idx=124 reg=0x40 value=0xdf0000027f0000
[gs:reg] idx=125 reg=0x47 value=0x30000
[gs:reg] idx=126 reg=0x4c value=0x20a0000
[gs:reg] idx=127 reg=0x18 value=0x790000006c00
[run:tick] tick=480 pc=0x201a88 ra=0x201c04 sp=0x1eb1ed0 gp=0x3b47f0 dispfb1=0x11400 display1=0xdf27f000202a4 activeThreads=3 dma=2 gif=2 gsw=0 vif=0
[TS:state] tag=watch elapsed=10.032 pc=0x200008 local_players=0 active_characters=0 player=0x0 prop=0x0 prop_valid=0 health=0 mcseq_state=1 mcard_state=0 mcard_result=1 mcard_port=4294967295 mcard_slot=4294967295 checkcards={port=4294967295,slot=4294967295,type=4294967295,free=4294967295,format=4294967295} mkdir_overwriteok=0 menu_selection=0 mcseq_globals=[0x0,0x0,0x0,0x0,0x0] mc_last_cmd=0 mc_last_result=0 mc_last_port=0 mc_last_slot=0 mc_last_flags=0x0 mc_last_raw='' mc_last_guest='' mc_last_host='' mc_open_files=0 mc0={fmt=1,cwd='/'} mc1={fmt=1,cwd='/'} current_front=0x0 current_front_index=-1 dma=2 gif=2 vif=0 front0={v0=0x0 f14=0x0 f18=0x0 f1c=0x0} front1={v0=0x0 f14=0x0 f18=0x0 f1c=0x0} front2={v0=0x0 f14=0x0 f18=0x0 f1c=0x0} front3={v0=0x0 f14=0x0 f18=0x0 f1c=0x0}
[run:tick] tick=600 pc=0x201a88 ra=0x201c04 sp=0x1eb1ed0 gp=0x3b47f0 dispfb1=0x11400 display1=0xdf27f000202a4 activeThreads=3 dma=2 gif=2 gsw=0 vif=0
[padread:trace] n=0 port=0 slot=0 data=0x01eb1de0 ok=1 buttons=0xffff rx=124 ry=125 lx=140 ly=126 mode=0x73 override=0 backend=1
[padread:trace] n=1 port=0 slot=0 data=0x01eb1de0 ok=1 buttons=0xffff rx=124 ry=125 lx=140 ly=126 mode=0x73 override=0 backend=1
[frame:upload] idx=0 tick=3 displayFbp=0 sourceFbp=0 size=640x224 preferred=0
[gs:copy-reg] reg=0x0 value=0x4e primCtxt=0 ctx0fbp=0 ctx1fbp=0
[gs:kick] idx=2 drawing=1 prim=6 vtxCount=1
[gs:kick] idx=3 drawing=1 prim=6 vtxCount=2
[gs:prim] idx=1 type=6 tme=0 abe=1 fst=0 ctxt=0 fbp=0 fbw=10 psm=0x2 tex0=(tbp0=0 tbw=0 psm=0x0 tw=0 th=0 tcc=0 tfx=0 cbp=0 cpsm=0x0 csm=0 csa=0) texclut=(cbw=0 cou=0 cov=0) ofx=1728 ofy=1936 scissor=(0,0)-(639,223) test=0x30000 alpha=0x3 v0=(1728,1936) uv0=(0,0) stq0=(0,0,1) v1=(2369,2161) uv1=(0,0) stq1=(0,0,1) v2=(0,0) uv2=(0,0) stq2=(0,0,1) rgba0=(0,0,0,128) rgba1=(0,0,0,128) rgba2=(0,0,0,0)
[gs:copy-reg] reg=0x0 value=0x4c primCtxt=0 ctx0fbp=0 ctx1fbp=0
[gs:packed-xyzf] idx=0 x=32768 y=32768 z=0x8000 fog=0 kick=1 prim=4
[gs:kick] idx=4 drawing=1 prim=4 vtxCount=1
[gs:packed-xyzf] idx=1 x=32768 y=32768 z=0x8000 fog=0 kick=1 prim=4
[gs:kick] idx=5 drawing=1 prim=4 vtxCount=2
[gs:packed-xyzf] idx=2 x=32768 y=32768 z=0x8000 fog=0 kick=1 prim=4
[gs:kick] idx=6 drawing=1 prim=4 vtxCount=3
[gs:prim] idx=2 type=4 tme=0 abe=1 fst=0 ctxt=0 fbp=0 fbw=10 psm=0x2 tex0=(tbp0=5184 tbw=8 psm=0x13 tw=9 th=7 tcc=1 tfx=0 cbp=16356 cpsm=0x0 csm=0 csa=0) texclut=(cbw=0 cou=0 cov=0) ofx=1728 ofy=1936 scissor=(0,0)-(639,223) test=0x50000 alpha=0x3 v0=(2048,2048) uv0=(0,0) stq0=(0,0,1) v1=(2048,2048) uv1=(0,0) stq1=(0,0,1) v2=(2048,2048) uv2=(0,0) stq2=(0,0,1) rgba0=(255,255,255,255) rgba1=(255,255,255,255) rgba2=(255,255,255,255)
[gs:copy-reg] reg=0x0 value=0x156 primCtxt=0 ctx0fbp=0 ctx1fbp=0
[gs:packed-xyz] idx=3 x=28672 y=31136 z=0xffffffff kick=1 prim=6
[gs:kick] idx=7 drawing=1 prim=6 vtxCount=1
[gs:packed-xyz] idx=4 x=36864 y=32160 z=0xffffffff kick=1 prim=6
[gs:kick] idx=8 drawing=1 prim=6 vtxCount=2
[gs:prim] idx=3 type=6 tme=1 abe=1 fst=1 ctxt=0 fbp=0 fbw=10 psm=0x2 tex0=(tbp0=5184 tbw=8 psm=0x13 tw=9 th=7 tcc=1 tfx=0 cbp=16356 cpsm=0x0 csm=0 csa=0) texclut=(cbw=0 cou=0 cov=0) ofx=1728 ofy=1936 scissor=(0,0)-(639,223) test=0x30000 alpha=0x3 v0=(1792,1946) uv0=(0,0) stq0=(0,0,1) v1=(2304,2010) uv1=(512,128) stq1=(0,0,1) v2=(0,0) uv2=(0,0) stq2=(0,0,1) rgba0=(127,127,127,127) rgba1=(127,127,127,127) rgba2=(0,0,0,0)
[gs:copy-reg] reg=0x0 value=0x4c primCtxt=0 ctx0fbp=0 ctx1fbp=0
[gs:packed-xyzf] idx=5 x=32768 y=32768 z=0x8000 fog=0 kick=1 prim=4
[gs:kick] idx=9 drawing=1 prim=4 vtxCount=1
[gs:packed-xyzf] idx=6 x=32768 y=32768 z=0x8000 fog=0 kick=1 prim=4
[gs:kick] idx=10 drawing=1 prim=4 vtxCount=2
[gs:packed-xyzf] idx=7 x=32768 y=32768 z=0x8000 fog=0 kick=1 prim=4
[gs:kick] idx=11 drawing=1 prim=4 vtxCount=3
[gs:prim] idx=4 type=4 tme=0 abe=1 fst=0 ctxt=0 fbp=0 fbw=10 psm=0x2 tex0=(tbp0=5440 tbw=8 psm=0x13 tw=9 th=7 tcc=1 tfx=0 cbp=16360 cpsm=0x0 csm=0 csa=0) texclut=(cbw=0 cou=0 cov=0) ofx=1728 ofy=1936 scissor=(0,0)-(639,223) test=0x50000 alpha=0x3 v0=(2048,2048) uv0=(512,128) stq0=(0,0,1) v1=(2048,2048) uv1=(512,128) stq1=(0,0,1) v2=(2048,2048) uv2=(512,128) stq2=(0,0,1) rgba0=(255,255,255,255) rgba1=(255,255,255,255) rgba2=(255,255,255,255)
[gs:copy-reg] reg=0x0 value=0x156 primCtxt=0 ctx0fbp=0 ctx1fbp=0
[gs:packed-xyz] idx=8 x=28672 y=32160 z=0xffffffff kick=1 prim=6
[gs:kick] idx=12 drawing=1 prim=6 vtxCount=1
[gs:packed-xyz] idx=9 x=36864 y=33184 z=0xffffffff kick=1 prim=6
[gs:kick] idx=13 drawing=1 prim=6 vtxCount=2
[gs:prim] idx=5 type=6 tme=1 abe=1 fst=1 ctxt=0 fbp=0 fbw=10 psm=0x2 tex0=(tbp0=5440 tbw=8 psm=0x13 tw=9 th=7 tcc=1 tfx=0 cbp=16360 cpsm=0x0 csm=0 csa=0) texclut=(cbw=0 cou=0 cov=0) ofx=1728 ofy=1936 scissor=(0,0)-(639,223) test=0x30000 alpha=0x3 v0=(1792,2010) uv0=(0,0) stq0=(0,0,1) v1=(2304,2074) uv1=(512,128) stq1=(0,0,1) v2=(0,0) uv2=(0,0) stq2=(0,0,1) rgba0=(127,127,127,127) rgba1=(127,127,127,127) rgba2=(0,0,0,0)
[gs:copy-reg] reg=0x0 value=0x4c primCtxt=0 ctx0fbp=0 ctx1fbp=0
[gs:packed-xyzf] idx=10 x=32768 y=32768 z=0x8000 fog=0 kick=1 prim=4
[gs:kick] idx=14 drawing=1 prim=4 vtxCount=1
[gs:packed-xyzf] idx=11 x=32768 y=32768 z=0x8000 fog=0 kick=1 prim=4
[gs:kick] idx=15 drawing=1 prim=4 vtxCount=2
[gs:packed-xyzf] idx=12 x=32768 y=32768 z=0x8000 fog=0 kick=1 prim=4
[gs:kick] idx=16 drawing=1 prim=4 vtxCount=3
[gs:prim] idx=6 type=4 tme=0 abe=1 fst=0 ctxt=0 fbp=0 fbw=10 psm=0x2 tex0=(tbp0=5696 tbw=8 psm=0x13 tw=9 th=6 tcc=1 tfx=0 cbp=16364 cpsm=0x0 csm=0 csa=0) texclut=(cbw=0 cou=0 cov=0) ofx=1728 ofy=1936 scissor=(0,0)-(639,223) test=0x50000 alpha=0x3 v0=(2048,2048) uv0=(512,128) stq0=(0,0,1) v1=(2048,2048) uv1=(512,128) stq1=(0,0,1) v2=(2048,2048) uv2=(512,128) stq2=(0,0,1) rgba0=(255,255,255,255) rgba1=(255,255,255,255) rgba2=(255,255,255,255)
[gs:copy-reg] reg=0x0 value=0x156 primCtxt=0 ctx0fbp=0 ctx1fbp=0
[gs:packed-xyz] idx=13 x=28672 y=33184 z=0xffffffff kick=1 prim=6
[gs:kick] idx=17 drawing=1 prim=6 vtxCount=1
[gs:packed-xyz] idx=14 x=36864 y=33696 z=0xffffffff kick=1 prim=6
[gs:kick] idx=18 drawing=1 prim=6 vtxCount=2
[gs:prim] idx=7 type=6 tme=1 abe=1 fst=1 ctxt=0 fbp=0 fbw=10 psm=0x2 tex0=(tbp0=5696 tbw=8 psm=0x13 tw=9 th=6 tcc=1 tfx=0 cbp=16364 cpsm=0x0 csm=0 csa=0) texclut=(cbw=0 cou=0 cov=0) ofx=1728 ofy=1936 scissor=(0,0)-(639,223) test=0x30000 alpha=0x3 v0=(1792,2074) uv0=(0,0) stq0=(0,0,1) v1=(2304,2106) uv1=(512,64) stq1=(0,0,1) v2=(0,0) uv2=(0,0) stq2=(0,0,1) rgba0=(127,127,127,127) rgba1=(127,127,127,127) rgba2=(0,0,0,0)
[gs:copy-reg] reg=0x49 value=0x0 primCtxt=0 ctx0fbp=0 ctx1fbp=0
[gs:texa] idx=0 value=0x0 ta0=0x0 aem=0 ta1=0x0
[gs:copy-reg] reg=0x0 value=0x4c primCtxt=0 ctx0fbp=0 ctx1fbp=0
[gs:packed-xyzf] idx=15 x=32768 y=32768 z=0x8000 fog=0 kick=1 prim=4
[gs:kick] idx=19 drawing=1 prim=4 vtxCount=1
[gs:packed-xyzf] idx=16 x=32768 y=32768 z=0x8000 fog=0 kick=1 prim=4
[gs:kick] idx=20 drawing=1 prim=4 vtxCount=2
[gs:packed-xyzf] idx=17 x=32768 y=32768 z=0x8000 fog=0 kick=1 prim=4
[gs:kick] idx=21 drawing=1 prim=4 vtxCount=3
[gs:prim] idx=8 type=4 tme=0 abe=1 fst=0 ctxt=0 fbp=0 fbw=10 psm=0x2 tex0=(tbp0=5120 tbw=2 psm=0x13 tw=7 th=7 tcc=1 tfx=0 cbp=16352 cpsm=0x0 csm=0 csa=0) texclut=(cbw=0 cou=0 cov=0) ofx=1728 ofy=1936 scissor=(0,0)-(639,223) test=0x30000 alpha=0x44 v0=(2048,2048) uv0=(512,64) stq0=(0,0,1) v1=(2048,2048) uv1=(512,64) stq1=(0,0,1) v2=(2048,2048) uv2=(512,64) stq2=(0,0,1) rgba0=(255,255,255,255) rgba1=(255,255,255,255) rgba2=(255,255,255,255)
[gs:copy-reg] reg=0x0 value=0x156 primCtxt=0 ctx0fbp=0 ctx1fbp=0
[gs:packed-xyz] idx=18 x=28592 y=33904 z=0xffffffff kick=1 prim=6
[gs:kick] idx=22 drawing=1 prim=6 vtxCount=1
[gs:packed-xyz] idx=19 x=28656 y=33936 z=0xffffffff kick=1 prim=6
[gs:kick] idx=23 drawing=1 prim=6 vtxCount=2
[gs:prim] idx=9 type=6 tme=1 abe=1 fst=1 ctxt=0 fbp=0 fbw=10 psm=0x2 tex0=(tbp0=5120 tbw=2 psm=0x13 tw=7 th=7 tcc=1 tfx=0 cbp=16352 cpsm=0x0 csm=0 csa=0) texclut=(cbw=0 cou=0 cov=0) ofx=1728 ofy=1936 scissor=(0,0)-(639,223) test=0x30000 alpha=0x44 v0=(1787,2119) uv0=(5,0) stq0=(0,0,1) v1=(1791,2121) uv1=(14,4) stq1=(0,0,1) v2=(0,0) uv2=(0,0) stq2=(0,0,1) rgba0=(127,127,127,127) rgba1=(127,127,127,127) rgba2=(0,0,0,0)
[gs:copy-reg] reg=0x0 value=0x156 primCtxt=0 ctx0fbp=0 ctx1fbp=0
[gs:packed-xyz] idx=20 x=28656 y=33904 z=0xffffffff kick=1 prim=6
[gs:kick] idx=24 drawing=1 prim=6 vtxCount=1
[gs:packed-xyz] idx=21 x=28784 y=33984 z=0xffffffff kick=1 prim=6
[gs:kick] idx=25 drawing=1 prim=6 vtxCount=2
[gs:prim] idx=10 type=6 tme=1 abe=1 fst=1 ctxt=0 fbp=0 fbw=10 psm=0x2 tex0=(tbp0=5120 tbw=2 psm=0x13 tw=7 th=7 tcc=1 tfx=0 cbp=16352 cpsm=0x0 csm=0 csa=0) texclut=(cbw=0 cou=0 cov=0) ofx=1728 ofy=1936 scissor=(0,0)-(639,223) test=0x30000 alpha=0x44 v0=(1791,2119) uv0=(103,49) stq0=(0,0,1) v1=(1799,2124) uv1=(119,58) stq1=(0,0,1) v2=(0,0) uv2=(0,0) stq2=(0,0,1) rgba0=(127,127,127,127) rgba1=(127,127,127,127) rgba2=(0,0,0,0)
[gs:copy-reg] reg=0x0 value=0x156 primCtxt=0 ctx0fbp=0 ctx1fbp=0
[gs:packed-xyz] idx=22 x=28784 y=33904 z=0xffffffff kick=1 prim=6
[gs:kick] idx=26 drawing=1 prim=6 vtxCount=1
[gs:packed-xyz] idx=23 x=28816 y=33984 z=0xffffffff kick=1 prim=6
[gs:kick] idx=27 drawing=1 prim=6 vtxCount=2
[gs:prim] idx=11 type=6 tme=1 abe=1 fst=1 ctxt=0 fbp=0 fbw=10 psm=0x2 tex0=(tbp0=5120 tbw=2 psm=0x13 tw=7 th=7 tcc=1 tfx=0 cbp=16352 cpsm=0x0 csm=0 csa=0) texclut=(cbw=0 cou=0 cov=0) ofx=1728 ofy=1936 scissor=(0,0)-(639,223) test=0x30000 alpha=0x44 v0=(1799,2119) uv0=(116,73) stq0=(0,0,1) v1=(1801,2124) uv1=(121,82) stq1=(0,0,1) v2=(0,0) uv2=(0,0) stq2=(0,0,1) rgba0=(127,127,127,127) rgba1=(127,127,127,127) rgba2=(0,0,0,0)
[gs:copy-reg] reg=0x0 value=0x156 primCtxt=0 ctx0fbp=0 ctx1fbp=0
[gs:packed-xyz] idx=24 x=28816 y=33920 z=0xffffffff kick=1 prim=6
[gs:kick] idx=28 drawing=1 prim=6 vtxCount=1
[gs:packed-xyz] idx=25 x=28960 y=33984 z=0xffffffff kick=1 prim=6
[gs:kick] idx=29 drawing=1 prim=6 vtxCount=2
[gs:prim] idx=12 type=6 tme=1 abe=1 fst=1 ctxt=0 fbp=0 fbw=10 psm=0x2 tex0=(tbp0=5120 tbw=2 psm=0x13 tw=7 th=7 tcc=1 tfx=0 cbp=16352 cpsm=0x0 csm=0 csa=0) texclut=(cbw=0 cou=0 cov=0) ofx=1728 ofy=1936 scissor=(0,0)-(639,223) test=0x30000 alpha=0x44 v0=(1801,2120) uv0=(25,87) stq0=(0,0,1) v1=(1810,2124) uv1=(44,94) stq1=(0,0,1) v2=(0,0) uv2=(0,0) stq2=(0,0,1) rgba0=(127,127,127,127) rgba1=(127,127,127,127) rgba2=(0,0,0,0)
[gs:copy-reg] reg=0x0 value=0x156 primCtxt=0 ctx0fbp=0 ctx1fbp=0
[gs:packed-xyz] idx=26 x=28960 y=33920 z=0xffffffff kick=1 prim=6
[gs:kick] idx=30 drawing=1 prim=6 vtxCount=1
[gs:packed-xyz] idx=27 x=29056 y=33984 z=0xffffffff kick=1 prim=6
[gs:kick] idx=31 drawing=1 prim=6 vtxCount=2
[gs:prim] idx=13 type=6 tme=1 abe=1 fst=1 ctxt=0 fbp=0 fbw=10 psm=0x2 tex0=(tbp0=5120 tbw=2 psm=0x13 tw=7 th=7 tcc=1 tfx=0 cbp=16352 cpsm=0x0 csm=0 csa=0) texclut=(cbw=0 cou=0 cov=0) ofx=1728 ofy=1936 scissor=(0,0)-(639,223) test=0x30000 alpha=0x44 v0=(1810,2120) uv0=(70,75) stq0=(0,0,1) v1=(1816,2124) uv1=(82,82) stq1=(0,0,1) v2=(0,0) uv2=(0,0) stq2=(0,0,1) rgba0=(127,127,127,127) rgba1=(127,127,127,127) rgba2=(0,0,0,0)
[gs:copy-reg] reg=0x0 value=0x156 primCtxt=0 ctx0fbp=0 ctx1fbp=0
[gs:packed-xyz] idx=28 x=29040 y=33904 z=0xffffffff kick=1 prim=6
[gs:kick] idx=32 drawing=1 prim=6 vtxCount=1
[gs:packed-xyz] idx=29 x=29136 y=33984 z=0xffffffff kick=1 prim=6
[gs:kick] idx=33 drawing=1 prim=6 vtxCount=2
[gs:prim] idx=14 type=6 tme=1 abe=1 fst=1 ctxt=0 fbp=0 fbw=10 psm=0x2 tex0=(tbp0=5120 tbw=2 psm=0x13 tw=7 th=7 tcc=1 tfx=0 cbp=16352 cpsm=0x0 csm=0 csa=0) texclut=(cbw=0 cou=0 cov=0) ofx=1728 ofy=1936 scissor=(0,0)-(639,223) test=0x30000 alpha=0x44 v0=(1815,2119) uv0=(91,49) stq0=(0,0,1) v1=(1821,2124) uv1=(103,58) stq1=(0,0,1) v2=(0,0) uv2=(0,0) stq2=(0,0,1) rgba0=(127,127,127,127) rgba1=(127,127,127,127) rgba2=(0,0,0,0)
[gs:copy-reg] reg=0x0 value=0x156 primCtxt=0 ctx0fbp=0 ctx1fbp=0
[gs:packed-xyz] idx=30 x=29120 y=33920 z=0xffffffff kick=1 prim=6
[gs:kick] idx=34 drawing=1 prim=6 vtxCount=1
[gs:packed-xyz] idx=31 x=29216 y=34000 z=0xffffffff kick=1 prim=6
[gs:kick] idx=35 drawing=1 prim=6 vtxCount=2
[gs:prim] idx=15 type=6 tme=1 abe=1 fst=1 ctxt=0 fbp=0 fbw=10 psm=0x2 tex0=(tbp0=5120 tbw=2 psm=0x13 tw=7 th=7 tcc=1 tfx=0 cbp=16352 cpsm=0x0 csm=0 csa=0) texclut=(cbw=0 cou=0 cov=0) ofx=1728 ofy=1936 scissor=(0,0)-(639,223) test=0x30000 alpha=0x44 v0=(1820,2120) uv0=(68,87) stq0=(0,0,1) v1=(1826,2125) uv1=(81,95) stq1=(0,0,1) v2=(0,0) uv2=(0,0) stq2=(0,0,1) rgba0=(127,127,127,127) rgba1=(127,127,127,127) rgba2=(0,0,0,0)
[gs:copy-reg] reg=0x0 value=0x156 primCtxt=0 ctx0fbp=0 ctx1fbp=0
[gs:packed-xyz] idx=32 x=29216 y=33904 z=0xffffffff kick=1 prim=6
[gs:kick] idx=36 drawing=1 prim=6 vtxCount=1
[gs:packed-xyz] idx=33 x=29248 y=33984 z=0xffffffff kick=1 prim=6
[gs:kick] idx=37 drawing=1 prim=6 vtxCount=2
[gs:prim] idx=16 type=6 tme=1 abe=1 fst=1 ctxt=0 fbp=0 fbw=10 psm=0x2 tex0=(tbp0=5120 tbw=2 psm=0x13 tw=7 th=7 tcc=1 tfx=0 cbp=16352 cpsm=0x0 csm=0 csa=0) texclut=(cbw=0 cou=0 cov=0) ofx=1728 ofy=1936 scissor=(0,0)-(639,223) test=0x30000 alpha=0x44 v0=(1826,2119) uv0=(20,84) stq0=(0,0,1) v1=(1828,2124) uv1=(25,94) stq1=(0,0,1) v2=(0,0) uv2=(0,0) stq2=(0,0,1) rgba0=(127,127,127,127) rgba1=(127,127,127,127) rgba2=(0,0,0,0)
[gs:copy-reg] reg=0x0 value=0x156 primCtxt=0 ctx0fbp=0 ctx1fbp=0
[gs:packed-xyz] idx=34 x=29248 y=33904 z=0xffffffff kick=1 prim=6
[gs:kick] idx=38 drawing=1 prim=6 vtxCount=1
[gs:packed-xyz] idx=35 x=29280 y=33984 z=0xffffffff kick=1 prim=6
[gs:kick] idx=39 drawing=1 prim=6 vtxCount=2
[gs:prim] idx=17 type=6 tme=1 abe=1 fst=1 ctxt=0 fbp=0 fbw=10 psm=0x2 tex0=(tbp0=5120 tbw=2 psm=0x13 tw=7 th=7 tcc=1 tfx=0 cbp=16352 cpsm=0x0 csm=0 csa=0) texclut=(cbw=0 cou=0 cov=0) ofx=1728 ofy=1936 scissor=(0,0)-(639,223) test=0x30000 alpha=0x44 v0=(1828,2119) uv0=(116,73) stq0=(0,0,1) v1=(1830,2124) uv1=(121,82) stq1=(0,0,1) v2=(0,0) uv2=(0,0) stq2=(0,0,1) rgba0=(127,127,127,127) rgba1=(127,127,127,127) rgba2=(0,0,0,0)
[gs:copy-reg] reg=0x0 value=0x156 primCtxt=0 ctx0fbp=0 ctx1fbp=0
[gs:packed-xyz] idx=36 x=29280 y=33920 z=0xffffffff kick=1 prim=6
[gs:kick] idx=40 drawing=1 prim=6 vtxCount=1
[gs:packed-xyz] idx=37 x=29344 y=33984 z=0xffffffff kick=1 prim=6
[gs:kick] idx=41 drawing=1 prim=6 vtxCount=2
[gs:prim] idx=18 type=6 tme=1 abe=1 fst=1 ctxt=0 fbp=0 fbw=10 psm=0x2 tex0=(tbp0=5120 tbw=2 psm=0x13 tw=7 th=7 tcc=1 tfx=0 cbp=16352 cpsm=0x0 csm=0 csa=0) texclut=(cbw=0 cou=0 cov=0) ofx=1728 ofy=1936 scissor=(0,0)-(639,223) test=0x30000 alpha=0x44 v0=(1830,2120) uv0=(113,86) stq0=(0,0,1) v1=(1834,2124) uv1=(122,94) stq1=(0,0,1) v2=(0,0) uv2=(0,0) stq2=(0,0,1) rgba0=(127,127,127,127) rgba1=(127,127,127,127) rgba2=(0,0,0,0)
[gs:copy-reg] reg=0x0 value=0x156 primCtxt=0 ctx0fbp=0 ctx1fbp=0
[gs:packed-xyz] idx=38 x=29344 y=33920 z=0xffffffff kick=1 prim=6
[gs:kick] idx=42 drawing=1 prim=6 vtxCount=1
[gs:packed-xyz] idx=39 x=29408 y=33984 z=0xffffffff kick=1 prim=6
[gs:kick] idx=43 drawing=1 prim=6 vtxCount=2
[gs:prim] idx=19 type=6 tme=1 abe=1 fst=1 ctxt=0 fbp=0 fbw=10 psm=0x2 tex0=(tbp0=5120 tbw=2 psm=0x13 tw=7 th=7 tcc=1 tfx=0 cbp=16352 cpsm=0x0 csm=0 csa=0) texclut=(cbw=0 cou=0 cov=0) ofx=1728 ofy=1936 scissor=(0,0)-(639,223) test=0x30000 alpha=0x44 v0=(1834,2120) uv0=(113,86) stq0=(0,0,1) v1=(1838,2124) uv1=(122,94) stq1=(0,0,1) v2=(0,0) uv2=(0,0) stq2=(0,0,1) rgba0=(127,127,127,127) rgba1=(127,127,127,127) rgba2=(0,0,0,0)
[gs:copy-reg] reg=0x0 value=0x156 primCtxt=0 ctx0fbp=0 ctx1fbp=0
[gs:packed-xyz] idx=40 x=29392 y=33920 z=0xffffffff kick=1 prim=6
[gs:kick] idx=44 drawing=1 prim=6 vtxCount=1
[gs:packed-xyz] idx=41 x=29488 y=33984 z=0xffffffff kick=1 prim=6
[gs:kick] idx=45 drawing=1 prim=6 vtxCount=2
[gs:prim] idx=20 type=6 tme=1 abe=1 fst=1 ctxt=0 fbp=0 fbw=10 psm=0x2 tex0=(tbp0=5120 tbw=2 psm=0x13 tw=7 th=7 tcc=1 tfx=0 cbp=16352 cpsm=0x0 csm=0 csa=0) texclut=(cbw=0 cou=0 cov=0) ofx=1728 ofy=1936 scissor=(0,0)-(639,223) test=0x30000 alpha=0x44 v0=(1837,2120) uv0=(70,75) stq0=(0,0,1) v1=(1843,2124) uv1=(82,82) stq1=(0,0,1) v2=(0,0) uv2=(0,0) stq2=(0,0,1) rgba0=(127,127,127,127) rgba1=(127,127,127,127) rgba2=(0,0,0,0)
[gs:copy-reg] reg=0x0 value=0x156 primCtxt=0 ctx0fbp=0 ctx1fbp=0
[gs:packed-xyz] idx=42 x=29472 y=33920 z=0xffffffff kick=1 prim=6
[gs:kick] idx=46 drawing=1 prim=6 vtxCount=1
[gs:packed-xyz] idx=43 x=29536 y=33984 z=0xffffffff kick=1 prim=6
[gs:kick] idx=47 drawing=1 prim=6 vtxCount=2
[gs:prim] idx=21 type=6 tme=1 abe=1 fst=1 ctxt=0 fbp=0 fbw=10 psm=0x2 tex0=(tbp0=5120 tbw=2 psm=0x13 tw=7 th=7 tcc=1 tfx=0 cbp=16352 cpsm=0x0 csm=0 csa=0) texclut=(cbw=0 cou=0 cov=0) ofx=1728 ofy=1936 scissor=(0,0)-(639,223) test=0x30000 alpha=0x44 v0=(1842,2120) uv0=(94,87) stq0=(0,0,1) v1=(1846,2124) uv1=(102,94) stq1=(0,0,1) v2=(0,0) uv2=(0,0) stq2=(0,0,1) rgba0=(127,127,127,127) rgba1=(127,127,127,127) rgba2=(0,0,0,0)
[gs:copy-reg] reg=0x0 value=0x156 primCtxt=0 ctx0fbp=0 ctx1fbp=0
[gs:packed-xyz] idx=44 x=29520 y=33920 z=0xffffffff kick=1 prim=6
[gs:kick] idx=48 drawing=1 prim=6 vtxCount=1
[gs:packed-xyz] idx=45 x=29600 y=33984 z=0xffffffff kick=1 prim=6
[gs:kick] idx=49 drawing=1 prim=6 vtxCount=2
[gs:prim] idx=22 type=6 tme=1 abe=1 fst=1 ctxt=0 fbp=0 fbw=10 psm=0x2 tex0=(tbp0=5120 tbw=2 psm=0x13 tw=7 th=7 tcc=1 tfx=0 cbp=16352 cpsm=0x0 csm=0 csa=0) texclut=(cbw=0 cou=0 cov=0) ofx=1728 ofy=1936 scissor=(0,0)-(639,223) test=0x30000 alpha=0x44 v0=(1845,2120) uv0=(102,87) stq0=(0,0,1) v1=(1850,2124) uv1=(113,94) stq1=(0,0,1) v2=(0,0) uv2=(0,0) stq2=(0,0,1) rgba0=(127,127,127,127) rgba1=(127,127,127,127) rgba2=(0,0,0,0)
[gs:copy-reg] reg=0x0 value=0x156 primCtxt=0 ctx0fbp=0 ctx1fbp=0
[gs:packed-xyz] idx=46 x=29600 y=33904 z=0xffffffff kick=1 prim=6
[gs:kick] idx=50 drawing=1 prim=6 vtxCount=1
[gs:packed-xyz] idx=47 x=29664 y=33936 z=0xffffffff kick=1 prim=6
[gs:kick] idx=51 drawing=1 prim=6 vtxCount=2
[gs:prim] idx=23 type=6 tme=1 abe=1 fst=1 ctxt=0 fbp=0 fbw=10 psm=0x2 tex0=(tbp0=5120 tbw=2 psm=0x13 tw=7 th=7 tcc=1 tfx=0 cbp=16352 cpsm=0x0 csm=0 csa=0) texclut=(cbw=0 cou=0 cov=0) ofx=1728 ofy=1936 scissor=(0,0)-(639,223) test=0x30000 alpha=0x44 v0=(1850,2119) uv0=(5,0) stq0=(0,0,1) v1=(1854,2121) uv1=(14,4) stq1=(0,0,1) v2=(0,0) uv2=(0,0) stq2=(0,0,1) rgba0=(127,127,127,127) rgba1=(127,127,127,127) rgba2=(0,0,0,0)
[gs:copy-reg] reg=0x0 value=0x156 primCtxt=0 ctx0fbp=0 ctx1fbp=0
[gs:packed-xyz] idx=48 x=29728 y=33920 z=0xffffffff kick=1 prim=6
[gs:kick] idx=52 drawing=1 prim=6 vtxCount=1
[gs:packed-xyz] idx=49 x=29824 y=33984 z=0xffffffff kick=1 prim=6
[gs:kick] idx=53 drawing=1 prim=6 vtxCount=2
[gs:prim] idx=24 type=6 tme=1 abe=1 fst=1 ctxt=0 fbp=0 fbw=10 psm=0x2 tex0=(tbp0=5120 tbw=2 psm=0x13 tw=7 th=7 tcc=1 tfx=0 cbp=16352 cpsm=0x0 csm=0 csa=0) texclut=(cbw=0 cou=0 cov=0) ofx=1728 ofy=1936 scissor=(0,0)-(639,223) test=0x30000 alpha=0x44 v0=(1858,2120) uv0=(19,75) stq0=(0,0,1) v1=(1864,2124) uv1=(32,82) stq1=(0,0,1) v2=(0,0) uv2=(0,0) stq2=(0,0,1) rgba0=(127,127,127,127) rgba1=(127,127,127,127) rgba2=(0,0,0,0)
[gs:copy-reg] reg=0x0 value=0x156 primCtxt=0 ctx0fbp=0 ctx1fbp=0
[gs:packed-xyz] idx=50 x=29824 y=33920 z=0xffffffff kick=1 prim=6
[gs:kick] idx=54 drawing=1 prim=6 vtxCount=1
[gs:packed-xyz] idx=51 x=29904 y=33984 z=0xffffffff kick=1 prim=6
[gs:kick] idx=55 drawing=1 prim=6 vtxCount=2
[gs:prim] idx=25 type=6 tme=1 abe=1 fst=1 ctxt=0 fbp=0 fbw=10 psm=0x2 tex0=(tbp0=5120 tbw=2 psm=0x13 tw=7 th=7 tcc=1 tfx=0 cbp=16352 cpsm=0x0 csm=0 csa=0) texclut=(cbw=0 cou=0 cov=0) ofx=1728 ofy=1936 scissor=(0,0)-(639,223) test=0x30000 alpha=0x44 v0=(1864,2120) uv0=(44,87) stq0=(0,0,1) v1=(1869,2124) uv1=(55,94) stq1=(0,0,1) v2=(0,0) uv2=(0,0) stq2=(0,0,1) rgba0=(127,127,127,127) rgba1=(127,127,127,127) rgba2=(0,0,0,0)
[gs:copy-reg] reg=0x0 value=0x156 primCtxt=0 ctx0fbp=0 ctx1fbp=0
[gs:packed-xyz] idx=52 x=29904 y=33904 z=0xffffffff kick=1 prim=6
[gs:kick] idx=56 drawing=1 prim=6 vtxCount=1
[gs:packed-xyz] idx=53 x=30000 y=33984 z=0xffffffff kick=1 prim=6
[gs:kick] idx=57 drawing=1 prim=6 vtxCount=2
[gs:prim] idx=26 type=6 tme=1 abe=1 fst=1 ctxt=0 fbp=0 fbw=10 psm=0x2 tex0=(tbp0=5120 tbw=2 psm=0x13 tw=7 th=7 tcc=1 tfx=0 cbp=16352 cpsm=0x0 csm=0 csa=0) texclut=(cbw=0 cou=0 cov=0) ofx=1728 ofy=1936 scissor=(0,0)-(639,223) test=0x30000 alpha=0x44 v0=(1869,2119) uv0=(57,72) stq0=(0,0,1) v1=(1875,2124) uv1=(70,82) stq1=(0,0,1) v2=(0,0) uv2=(0,0) stq2=(0,0,1) rgba0=(127,127,127,127) rgba1=(127,127,127,127) rgba2=(0,0,0,0)
[gs:copy-reg] reg=0x0 value=0x156 primCtxt=0 ctx0fbp=0 ctx1fbp=0
[gs:packed-xyz] idx=54 x=30064 y=33904 z=0xffffffff kick=1 prim=6
[gs:kick] idx=58 drawing=1 prim=6 vtxCount=1
[gs:packed-xyz] idx=55 x=30128 y=33936 z=0xffffffff kick=1 prim=6
[gs:kick] idx=59 drawing=1 prim=6 vtxCount=2
[gs:prim] idx=27 type=6 tme=1 abe=1 fst=1 ctxt=0 fbp=0 fbw=10 psm=0x2 tex0=(tbp0=5120 tbw=2 psm=0x13 tw=7 th=7 tcc=1 tfx=0 cbp=16352 cpsm=0x0 csm=0 csa=0) texclut=(cbw=0 cou=0 cov=0) ofx=1728 ofy=1936 scissor=(0,0)-(639,223) test=0x30000 alpha=0x44 v0=(1879,2119) uv0=(5,0) stq0=(0,0,1) v1=(1883,2121) uv1=(14,4) stq1=(0,0,1) v2=(0,0) uv2=(0,0) stq2=(0,0,1) rgba0=(127,127,127,127) rgba1=(127,127,127,127) rgba2=(0,0,0,0)
[gs:copy-reg] reg=0x0 value=0x156 primCtxt=0 ctx0fbp=0 ctx1fbp=0
[gs:packed-xyz] idx=56 x=30128 y=33904 z=0xffffffff kick=1 prim=6
[gs:kick] idx=60 drawing=1 prim=6 vtxCount=1
[gs:packed-xyz] idx=57 x=30208 y=33984 z=0xffffffff kick=1 prim=6
[gs:kick] idx=61 drawing=1 prim=6 vtxCount=2
[gs:prim] idx=28 type=6 tme=1 abe=1 fst=1 ctxt=0 fbp=0 fbw=10 psm=0x2 tex0=(tbp0=5120 tbw=2 psm=0x13 tw=7 th=7 tcc=1 tfx=0 cbp=16352 cpsm=0x0 csm=0 csa=0) texclut=(cbw=0 cou=0 cov=0) ofx=1728 ofy=1936 scissor=(0,0)-(639,223) test=0x30000 alpha=0x44 v0=(1883,2119) uv0=(43,37) stq0=(0,0,1) v1=(1888,2124) uv1=(54,46) stq1=(0,0,1) v2=(0,0) uv2=(0,0) stq2=(0,0,1) rgba0=(127,127,127,127) rgba1=(127,127,127,127) rgba2=(0,0,0,0)
[gs:copy-reg] reg=0x0 value=0x156 primCtxt=0 ctx0fbp=0 ctx1fbp=0
[gs:packed-xyz] idx=58 x=30192 y=33920 z=0xffffffff kick=1 prim=6
[gs:kick] idx=62 drawing=1 prim=6 vtxCount=1
[gs:packed-xyz] idx=59 x=30256 y=33984 z=0xffffffff kick=1 prim=6
[gs:kick] idx=63 drawing=1 prim=6 vtxCount=2
[gs:prim] idx=29 type=6 tme=1 abe=1 fst=1 ctxt=0 fbp=0 fbw=10 psm=0x2 tex0=(tbp0=5120 tbw=2 psm=0x13 tw=7 th=7 tcc=1 tfx=0 cbp=16352 cpsm=0x0 csm=0 csa=0) texclut=(cbw=0 cou=0 cov=0) ofx=1728 ofy=1936 scissor=(0,0)-(639,223) test=0x30000 alpha=0x44 v0=(1887,2120) uv0=(94,87) stq0=(0,0,1) v1=(1891,2124) uv1=(102,94) stq1=(0,0,1) v2=(0,0) uv2=(0,0) stq2=(0,0,1) rgba0=(127,127,127,127) rgba1=(127,127,127,127) rgba2=(0,0,0,0)
[gs:copy-reg] reg=0x0 value=0x156 primCtxt=0 ctx0fbp=0 ctx1fbp=0
[gs:packed-xyz] idx=60 x=30240 y=33920 z=0xffffffff kick=1 prim=6
[gs:kick] idx=64 drawing=1 prim=6 vtxCount=1
[gs:packed-xyz] idx=61 x=30336 y=33984 z=0xffffffff kick=1 prim=6
[gs:kick] idx=65 drawing=1 prim=6 vtxCount=2
[gs:prim] idx=30 type=6 tme=1 abe=1 fst=1 ctxt=0 fbp=0 fbw=10 psm=0x2 tex0=(tbp0=5120 tbw=2 psm=0x13 tw=7 th=7 tcc=1 tfx=0 cbp=16352 cpsm=0x0 csm=0 csa=0) texclut=(cbw=0 cou=0 cov=0) ofx=1728 ofy=1936 scissor=(0,0)-(639,223) test=0x30000 alpha=0x44 v0=(1890,2120) uv0=(70,75) stq0=(0,0,1) v1=(1896,2124) uv1=(82,82) stq1=(0,0,1) v2=(0,0) uv2=(0,0) stq2=(0,0,1) rgba0=(127,127,127,127) rgba1=(127,127,127,127) rgba2=(0,0,0,0)
[gs:copy-reg] reg=0x0 value=0x156 primCtxt=0 ctx0fbp=0 ctx1fbp=0
[gs:packed-xyz] idx=62 x=30320 y=33920 z=0xffffffff kick=1 prim=6
[gs:kick] idx=66 drawing=1 prim=6 vtxCount=1
[gs:packed-xyz] idx=63 x=30416 y=33984 z=0xffffffff kick=1 prim=6
[gs:kick] idx=67 drawing=1 prim=6 vtxCount=2
[gs:prim] idx=31 type=6 tme=1 abe=1 fst=1 ctxt=0 fbp=0 fbw=10 psm=0x2 tex0=(tbp0=5120 tbw=2 psm=0x13 tw=7 th=7 tcc=1 tfx=0 cbp=16352 cpsm=0x0 csm=0 csa=0) texclut=(cbw=0 cou=0 cov=0) ofx=1728 ofy=1936 scissor=(0,0)-(639,223) test=0x30000 alpha=0x44 v0=(1895,2120) uv0=(70,75) stq0=(0,0,1) v1=(1901,2124) uv1=(82,82) stq1=(0,0,1) v2=(0,0) uv2=(0,0) stq2=(0,0,1) rgba0=(127,127,127,127) rgba1=(127,127,127,127) rgba2=(0,0,0,0)
[gs:copy-reg] reg=0x0 value=0x156 primCtxt=0 ctx0fbp=0 ctx1fbp=0
[gs:kick] idx=68 drawing=1 prim=6 vtxCount=1
[gs:kick] idx=69 drawing=1 prim=6 vtxCount=2
[gs:prim] idx=32 type=6 tme=1 abe=1 fst=1 ctxt=0 fbp=0 fbw=10 psm=0x2 tex0=(tbp0=5120 tbw=2 psm=0x13 tw=7 th=7 tcc=1 tfx=0 cbp=16352 cpsm=0x0 csm=0 csa=0) texclut=(cbw=0 cou=0 cov=0) ofx=1728 ofy=1936 scissor=(0,0)-(639,223) test=0x30000 alpha=0x44 v0=(1904,2119) uv0=(77,49) stq0=(0,0,1) v1=(1911,2124) uv1=(91,58) stq1=(0,0,1) v2=(0,0) uv2=(0,0) stq2=(0,0,1) rgba0=(127,127,127,127) rgba1=(127,127,127,127) rgba2=(0,0,0,0)
[gs:copy-reg] reg=0x0 value=0x156 primCtxt=0 ctx0fbp=0 ctx1fbp=0
[gs:kick] idx=70 drawing=1 prim=6 vtxCount=1
[gs:kick] idx=71 drawing=1 prim=6 vtxCount=2
[gs:prim] idx=33 type=6 tme=1 abe=1 fst=1 ctxt=0 fbp=0 fbw=10 psm=0x2 tex0=(tbp0=5120 tbw=2 psm=0x13 tw=7 th=7 tcc=1 tfx=0 cbp=16352 cpsm=0x0 csm=0 csa=0) texclut=(cbw=0 cou=0 cov=0) ofx=1728 ofy=1936 scissor=(0,0)-(639,223) test=0x30000 alpha=0x44 v0=(1910,2120) uv0=(19,75) stq0=(0,0,1) v1=(1916,2124) uv1=(32,82) stq1=(0,0,1) v2=(0,0) uv2=(0,0) stq2=(0,0,1) rgba0=(127,127,127,127) rgba1=(127,127,127,127) rgba2=(0,0,0,0)
[gs:copy-reg] reg=0x0 value=0x156 primCtxt=0 ctx0fbp=0 ctx1fbp=0
[gs:kick] idx=72 drawing=1 prim=6 vtxCount=1
[gs:kick] idx=73 drawing=1 prim=6 vtxCount=2
[gs:prim] idx=34 type=6 tme=1 abe=1 fst=1 ctxt=0 fbp=0 fbw=10 psm=0x2 tex0=(tbp0=5120 tbw=2 psm=0x13 tw=7 th=7 tcc=1 tfx=0 cbp=16352 cpsm=0x0 csm=0 csa=0) texclut=(cbw=0 cou=0 cov=0) ofx=1728 ofy=1936 scissor=(0,0)-(639,223) test=0x30000 alpha=0x44 v0=(1916,2119) uv0=(57,72) stq0=(0,0,1) v1=(1922,2124) uv1=(70,82) stq1=(0,0,1) v2=(0,0) uv2=(0,0) stq2=(0,0,1) rgba0=(127,127,127,127) rgba1=(127,127,127,127) rgba2=(0,0,0,0)
[gs:copy-reg] reg=0x0 value=0x156 primCtxt=0 ctx0fbp=0 ctx1fbp=0
[gs:kick] idx=74 drawing=1 prim=6 vtxCount=1
[gs:kick] idx=75 drawing=1 prim=6 vtxCount=2
[gs:prim] idx=35 type=6 tme=1 abe=1 fst=1 ctxt=0 fbp=0 fbw=10 psm=0x2 tex0=(tbp0=5120 tbw=2 psm=0x13 tw=7 th=7 tcc=1 tfx=0 cbp=16352 cpsm=0x0 csm=0 csa=0) texclut=(cbw=0 cou=0 cov=0) ofx=1728 ofy=1936 scissor=(0,0)-(639,223) test=0x30000 alpha=0x44 v0=(1922,2119) uv0=(116,73) stq0=(0,0,1) v1=(1924,2124) uv1=(121,82) stq1=(0,0,1) v2=(0,0) uv2=(0,0) stq2=(0,0,1) rgba0=(127,127,127,127) rgba1=(127,127,127,127) rgba2=(0,0,0,0)
[gs:copy-reg] reg=0x0 value=0x156 primCtxt=0 ctx0fbp=0 ctx1fbp=0
[gs:kick] idx=76 drawing=1 prim=6 vtxCount=1
[gs:kick] idx=77 drawing=1 prim=6 vtxCount=2
[gs:prim] idx=36 type=6 tme=1 abe=1 fst=1 ctxt=0 fbp=0 fbw=10 psm=0x2 tex0=(tbp0=5120 tbw=2 psm=0x13 tw=7 th=7 tcc=1 tfx=0 cbp=16352 cpsm=0x0 csm=0 csa=0) texclut=(cbw=0 cou=0 cov=0) ofx=1728 ofy=1936 scissor=(0,0)-(639,223) test=0x30000 alpha=0x44 v0=(1924,2120) uv0=(45,75) stq0=(0,0,1) v1=(1930,2124) uv1=(57,82) stq1=(0,0,1) v2=(0,0) uv2=(0,0) stq2=(0,0,1) rgba0=(127,127,127,127) rgba1=(127,127,127,127) rgba2=(0,0,0,0)
[gs:copy-reg] reg=0x0 value=0x156 primCtxt=0 ctx0fbp=0 ctx1fbp=0
[gs:kick] idx=78 drawing=1 prim=6 vtxCount=1
[gs:kick] idx=79 drawing=1 prim=6 vtxCount=2
[gs:prim] idx=37 type=6 tme=1 abe=1 fst=1 ctxt=0 fbp=0 fbw=10 psm=0x2 tex0=(tbp0=5120 tbw=2 psm=0x13 tw=7 th=7 tcc=1 tfx=0 cbp=16352 cpsm=0x0 csm=0 csa=0) texclut=(cbw=0 cou=0 cov=0) ofx=1728 ofy=1936 scissor=(0,0)-(639,223) test=0x30000 alpha=0x44 v0=(1929,2120) uv0=(19,75) stq0=(0,0,1) v1=(1935,2124) uv1=(32,82) stq1=(0,0,1) v2=(0,0) uv2=(0,0) stq2=(0,0,1) rgba0=(127,127,127,127) rgba1=(127,127,127,127) rgba2=(0,0,0,0)
[gs:copy-reg] reg=0x0 value=0x156 primCtxt=0 ctx0fbp=0 ctx1fbp=0
[gs:kick] idx=80 drawing=1 prim=6 vtxCount=1
[gs:kick] idx=81 drawing=1 prim=6 vtxCount=2
[gs:prim] idx=38 type=6 tme=1 abe=1 fst=1 ctxt=0 fbp=0 fbw=10 psm=0x2 tex0=(tbp0=5120 tbw=2 psm=0x13 tw=7 th=7 tcc=1 tfx=0 cbp=16352 cpsm=0x0 csm=0 csa=0) texclut=(cbw=0 cou=0 cov=0) ofx=1728 ofy=1936 scissor=(0,0)-(639,223) test=0x30000 alpha=0x44 v0=(1935,2119) uv0=(20,84) stq0=(0,0,1) v1=(1937,2124) uv1=(25,94) stq1=(0,0,1) v2=(0,0) uv2=(0,0) stq2=(0,0,1) rgba0=(127,127,127,127) rgba1=(127,127,127,127) rgba2=(0,0,0,0)
[gs:copy-reg] reg=0x0 value=0x156 primCtxt=0 ctx0fbp=0 ctx1fbp=0
[gs:kick] idx=82 drawing=1 prim=6 vtxCount=1
[gs:kick] idx=83 drawing=1 prim=6 vtxCount=2
[gs:prim] idx=39 type=6 tme=1 abe=1 fst=1 ctxt=0 fbp=0 fbw=10 psm=0x2 tex0=(tbp0=5120 tbw=2 psm=0x13 tw=7 th=7 tcc=1 tfx=0 cbp=16352 cpsm=0x0 csm=0 csa=0) texclut=(cbw=0 cou=0 cov=0) ofx=1728 ofy=1936 scissor=(0,0)-(639,223) test=0x30000 alpha=0x44 v0=(1941,2119) uv0=(15,37) stq0=(0,0,1) v1=(1949,2124) uv1=(31,46) stq1=(0,0,1) v2=(0,0) uv2=(0,0) stq2=(0,0,1) rgba0=(127,127,127,127) rgba1=(127,127,127,127) rgba2=(0,0,0,0)
[gs:copy-reg] reg=0x0 value=0x156 primCtxt=0 ctx0fbp=0 ctx1fbp=0
[gs:kick] idx=84 drawing=1 prim=6 vtxCount=1
[gs:kick] idx=85 drawing=1 prim=6 vtxCount=2
[gs:prim] idx=40 type=6 tme=1 abe=1 fst=1 ctxt=0 fbp=0 fbw=10 psm=0x2 tex0=(tbp0=5120 tbw=2 psm=0x13 tw=7 th=7 tcc=1 tfx=0 cbp=16352 cpsm=0x0 csm=0 csa=0) texclut=(cbw=0 cou=0 cov=0) ofx=1728 ofy=1936 scissor=(0,0)-(639,223) test=0x30000 alpha=0x44 v0=(1948,2120) uv0=(70,75) stq0=(0,0,1) v1=(1954,2124) uv1=(82,82) stq1=(0,0,1) v2=(0,0) uv2=(0,0) stq2=(0,0,1) rgba0=(127,127,127,127) rgba1=(127,127,127,127) rgba2=(0,0,0,0)
[gs:copy-reg] reg=0x0 value=0x156 primCtxt=0 ctx0fbp=0 ctx1fbp=0
[gs:kick] idx=86 drawing=1 prim=6 vtxCount=1
[gs:kick] idx=87 drawing=1 prim=6 vtxCount=2
[gs:prim] idx=41 type=6 tme=1 abe=1 fst=1 ctxt=0 fbp=0 fbw=10 psm=0x2 tex0=(tbp0=5120 tbw=2 psm=0x13 tw=7 th=7 tcc=1 tfx=0 cbp=16352 cpsm=0x0 csm=0 csa=0) texclut=(cbw=0 cou=0 cov=0) ofx=1728 ofy=1936 scissor=(0,0)-(639,223) test=0x30000 alpha=0x44 v0=(1953,2120) uv0=(102,87) stq0=(0,0,1) v1=(1958,2124) uv1=(113,94) stq1=(0,0,1) v2=(0,0) uv2=(0,0) stq2=(0,0,1) rgba0=(127,127,127,127) rgba1=(127,127,127,127) rgba2=(0,0,0,0)
[gs:copy-reg] reg=0x0 value=0x156 primCtxt=0 ctx0fbp=0 ctx1fbp=0
[gs:kick] idx=88 drawing=1 prim=6 vtxCount=1
[gs:kick] idx=89 drawing=1 prim=6 vtxCount=2
[gs:prim] idx=42 type=6 tme=1 abe=1 fst=1 ctxt=0 fbp=0 fbw=10 psm=0x2 tex0=(tbp0=5120 tbw=2 psm=0x13 tw=7 th=7 tcc=1 tfx=0 cbp=16352 cpsm=0x0 csm=0 csa=0) texclut=(cbw=0 cou=0 cov=0) ofx=1728 ofy=1936 scissor=(0,0)-(639,223) test=0x30000 alpha=0x44 v0=(1958,2119) uv0=(116,73) stq0=(0,0,1) v1=(1960,2124) uv1=(121,82) stq1=(0,0,1) v2=(0,0) uv2=(0,0) stq2=(0,0,1) rgba0=(127,127,127,127) rgba1=(127,127,127,127) rgba2=(0,0,0,0)
[gs:copy-reg] reg=0x0 value=0x156 primCtxt=0 ctx0fbp=0 ctx1fbp=0
[gs:kick] idx=90 drawing=1 prim=6 vtxCount=1
[gs:kick] idx=91 drawing=1 prim=6 vtxCount=2
[gs:prim] idx=43 type=6 tme=1 abe=1 fst=1 ctxt=0 fbp=0 fbw=10 psm=0x2 tex0=(tbp0=5120 tbw=2 psm=0x13 tw=7 th=7 tcc=1 tfx=0 cbp=16352 cpsm=0x0 csm=0 csa=0) texclut=(cbw=0 cou=0 cov=0) ofx=1728 ofy=1936 scissor=(0,0)-(639,223) test=0x30000 alpha=0x44 v0=(1960,2120) uv0=(92,75) stq0=(0,0,1) v1=(1966,2125) uv1=(105,83) stq1=(0,0,1) v2=(0,0) uv2=(0,0) stq2=(0,0,1) rgba0=(127,127,127,127) rgba1=(127,127,127,127) rgba2=(0,0,0,0)
[gs:copy-reg] reg=0x0 value=0x156 primCtxt=0 ctx0fbp=0 ctx1fbp=0
[gs:kick] idx=92 drawing=1 prim=6 vtxCount=1
[gs:kick] idx=93 drawing=1 prim=6 vtxCount=2
[gs:prim] idx=44 type=6 tme=1 abe=1 fst=1 ctxt=0 fbp=0 fbw=10 psm=0x2 tex0=(tbp0=5120 tbw=2 psm=0x13 tw=7 th=7 tcc=1 tfx=0 cbp=16352 cpsm=0x0 csm=0 csa=0) texclut=(cbw=0 cou=0 cov=0) ofx=1728 ofy=1936 scissor=(0,0)-(639,223) test=0x30000 alpha=0x44 v0=(1965,2120) uv0=(44,87) stq0=(0,0,1) v1=(1970,2124) uv1=(55,94) stq1=(0,0,1) v2=(0,0) uv2=(0,0) stq2=(0,0,1) rgba0=(127,127,127,127) rgba1=(127,127,127,127) rgba2=(0,0,0,0)
[gs:copy-reg] reg=0x0 value=0x156 primCtxt=0 ctx0fbp=0 ctx1fbp=0
[gs:kick] idx=94 drawing=1 prim=6 vtxCount=1
[gs:kick] idx=95 drawing=1 prim=6 vtxCount=2
[gs:prim] idx=45 type=6 tme=1 abe=1 fst=1 ctxt=0 fbp=0 fbw=10 psm=0x2 tex0=(tbp0=5120 tbw=2 psm=0x13 tw=7 th=7 tcc=1 tfx=0 cbp=16352 cpsm=0x0 csm=0 csa=0) texclut=(cbw=0 cou=0 cov=0) ofx=1728 ofy=1936 scissor=(0,0)-(639,223) test=0x30000 alpha=0x44 v0=(1971,2119) uv0=(5,0) stq0=(0,0,1) v1=(1975,2121) uv1=(14,4) stq1=(0,0,1) v2=(0,0) uv2=(0,0) stq2=(0,0,1) rgba0=(127,127,127,127) rgba1=(127,127,127,127) rgba2=(0,0,0,0)
[gs:copy-reg] reg=0x0 value=0x156 primCtxt=0 ctx0fbp=0 ctx1fbp=0
[gs:prim] idx=46 type=6 tme=1 abe=1 fst=1 ctxt=0 fbp=0 fbw=10 psm=0x2 tex0=(tbp0=5120 tbw=2 psm=0x13 tw=7 th=7 tcc=1 tfx=0 cbp=16352 cpsm=0x0 csm=0 csa=0) texclut=(cbw=0 cou=0 cov=0) ofx=1728 ofy=1936 scissor=(0,0)-(639,223) test=0x30000 alpha=0x44 v0=(1979,2120) uv0=(19,75) stq0=(0,0,1) v1=(1985,2124) uv1=(32,82) stq1=(0,0,1) v2=(0,0) uv2=(0,0) stq2=(0,0,1) rgba0=(127,127,127,127) rgba1=(127,127,127,127) rgba2=(0,0,0,0)
[gs:copy-reg] reg=0x0 value=0x156 primCtxt=0 ctx0fbp=0 ctx1fbp=0
[gs:prim] idx=47 type=6 tme=1 abe=1 fst=1 ctxt=0 fbp=0 fbw=10 psm=0x2 tex0=(tbp0=5120 tbw=2 psm=0x13 tw=7 th=7 tcc=1 tfx=0 cbp=16352 cpsm=0x0 csm=0 csa=0) texclut=(cbw=0 cou=0 cov=0) ofx=1728 ofy=1936 scissor=(0,0)-(639,223) test=0x30000 alpha=0x44 v0=(1985,2120) uv0=(44,87) stq0=(0,0,1) v1=(1990,2124) uv1=(55,94) stq1=(0,0,1) v2=(0,0) uv2=(0,0) stq2=(0,0,1) rgba0=(127,127,127,127) rgba1=(127,127,127,127) rgba2=(0,0,0,0)
[gs:copy-reg] reg=0x0 value=0x156 primCtxt=0 ctx0fbp=0 ctx1fbp=0
[gs:prim] idx=48 type=6 tme=1 abe=1 fst=1 ctxt=0 fbp=0 fbw=10 psm=0x2 tex0=(tbp0=5120 tbw=2 psm=0x13 tw=7 th=7 tcc=1 tfx=0 cbp=16352 cpsm=0x0 csm=0 csa=0) texclut=(cbw=0 cou=0 cov=0) ofx=1728 ofy=1936 scissor=(0,0)-(639,223) test=0x30000 alpha=0x44 v0=(1990,2119) uv0=(57,72) stq0=(0,0,1) v1=(1996,2124) uv1=(70,82) stq1=(0,0,1) v2=(0,0) uv2=(0,0) stq2=(0,0,1) rgba0=(127,127,127,127) rgba1=(127,127,127,127) rgba2=(0,0,0,0)
[gs:copy-reg] reg=0x0 value=0x156 primCtxt=0 ctx0fbp=0 ctx1fbp=0
[gs:prim] idx=49 type=6 tme=1 abe=1 fst=1 ctxt=0 fbp=0 fbw=10 psm=0x2 tex0=(tbp0=5120 tbw=2 psm=0x13 tw=7 th=7 tcc=1 tfx=0 cbp=16352 cpsm=0x0 csm=0 csa=0) texclut=(cbw=0 cou=0 cov=0) ofx=1728 ofy=1936 scissor=(0,0)-(639,223) test=0x30000 alpha=0x44 v0=(2000,2120) uv0=(19,75) stq0=(0,0,1) v1=(2006,2124) uv1=(32,82) stq1=(0,0,1) v2=(0,0) uv2=(0,0) stq2=(0,0,1) rgba0=(127,127,127,127) rgba1=(127,127,127,127) rgba2=(0,0,0,0)
[gs:copy-reg] reg=0x0 value=0x156 primCtxt=0 ctx0fbp=0 ctx1fbp=0
[gs:prim] idx=50 type=6 tme=1 abe=1 fst=1 ctxt=0 fbp=0 fbw=10 psm=0x2 tex0=(tbp0=5120 tbw=2 psm=0x13 tw=7 th=7 tcc=1 tfx=0 cbp=16352 cpsm=0x0 csm=0 csa=0) texclut=(cbw=0 cou=0 cov=0) ofx=1728 ofy=1936 scissor=(0,0)-(639,223) test=0x30000 alpha=0x44 v0=(2006,2119) uv0=(20,84) stq0=(0,0,1) v1=(2008,2124) uv1=(25,94) stq1=(0,0,1) v2=(0,0) uv2=(0,0) stq2=(0,0,1) rgba0=(127,127,127,127) rgba1=(127,127,127,127) rgba2=(0,0,0,0)
[gs:copy-reg] reg=0x0 value=0x156 primCtxt=0 ctx0fbp=0 ctx1fbp=0
[gs:prim] idx=51 type=6 tme=1 abe=1 fst=1 ctxt=0 fbp=0 fbw=10 psm=0x2 tex0=(tbp0=5120 tbw=2 psm=0x13 tw=7 th=7 tcc=1 tfx=0 cbp=16352 cpsm=0x0 csm=0 csa=0) texclut=(cbw=0 cou=0 cov=0) ofx=1728 ofy=1936 scissor=(0,0)-(639,223) test=0x30000 alpha=0x44 v0=(2008,2119) uv0=(20,84) stq0=(0,0,1) v1=(2010,2124) uv1=(25,94) stq1=(0,0,1) v2=(0,0) uv2=(0,0) stq2=(0,0,1) rgba0=(127,127,127,127) rgba1=(127,127,127,127) rgba2=(0,0,0,0)
[gs:copy-reg] reg=0x0 value=0x156 primCtxt=0 ctx0fbp=0 ctx1fbp=0
[gs:prim] idx=52 type=6 tme=1 abe=1 fst=1 ctxt=0 fbp=0 fbw=10 psm=0x2 tex0=(tbp0=5120 tbw=2 psm=0x13 tw=7 th=7 tcc=1 tfx=0 cbp=16352 cpsm=0x0 csm=0 csa=0) texclut=(cbw=0 cou=0 cov=0) ofx=1728 ofy=1936 scissor=(0,0)-(639,223) test=0x30000 alpha=0x44 v0=(2014,2120) uv0=(19,75) stq0=(0,0,1) v1=(2020,2124) uv1=(32,82) stq1=(0,0,1) v2=(0,0) uv2=(0,0) stq2=(0,0,1) rgba0=(127,127,127,127) rgba1=(127,127,127,127) rgba2=(0,0,0,0)
[gs:copy-reg] reg=0x0 value=0x156 primCtxt=0 ctx0fbp=0 ctx1fbp=0
[gs:prim] idx=53 type=6 tme=1 abe=1 fst=1 ctxt=0 fbp=0 fbw=10 psm=0x2 tex0=(tbp0=5120 tbw=2 psm=0x13 tw=7 th=7 tcc=1 tfx=0 cbp=16352 cpsm=0x0 csm=0 csa=0) texclut=(cbw=0 cou=0 cov=0) ofx=1728 ofy=1936 scissor=(0,0)-(639,223) test=0x30000 alpha=0x44 v0=(2020,2120) uv0=(102,87) stq0=(0,0,1) v1=(2025,2124) uv1=(113,94) stq1=(0,0,1) v2=(0,0) uv2=(0,0) stq2=(0,0,1) rgba0=(127,127,127,127) rgba1=(127,127,127,127) rgba2=(0,0,0,0)
[gs:copy-reg] reg=0x0 value=0x156 primCtxt=0 ctx0fbp=0 ctx1fbp=0
[gs:prim] idx=54 type=6 tme=1 abe=1 fst=1 ctxt=0 fbp=0 fbw=10 psm=0x2 tex0=(tbp0=5120 tbw=2 psm=0x13 tw=7 th=7 tcc=1 tfx=0 cbp=16352 cpsm=0x0 csm=0 csa=0) texclut=(cbw=0 cou=0 cov=0) ofx=1728 ofy=1936 scissor=(0,0)-(639,223) test=0x30000 alpha=0x44 v0=(2024,2120) uv0=(102,87) stq0=(0,0,1) v1=(2029,2124) uv1=(113,94) stq1=(0,0,1) v2=(0,0) uv2=(0,0) stq2=(0,0,1) rgba0=(127,127,127,127) rgba1=(127,127,127,127) rgba2=(0,0,0,0)
[gs:copy-reg] reg=0x0 value=0x156 primCtxt=0 ctx0fbp=0 ctx1fbp=0
[gs:prim] idx=55 type=6 tme=1 abe=1 fst=1 ctxt=0 fbp=0 fbw=10 psm=0x2 tex0=(tbp0=5120 tbw=2 psm=0x13 tw=7 th=7 tcc=1 tfx=0 cbp=16352 cpsm=0x0 csm=0 csa=0) texclut=(cbw=0 cou=0 cov=0) ofx=1728 ofy=1936 scissor=(0,0)-(639,223) test=0x30000 alpha=0x44 v0=(2029,2120) uv0=(55,87) stq0=(0,0,1) v1=(2035,2124) uv1=(68,94) stq1=(0,0,1) v2=(0,0) uv2=(0,0) stq2=(0,0,1) rgba0=(127,127,127,127) rgba1=(127,127,127,127) rgba2=(0,0,0,0)
[gs:copy-reg] reg=0x0 value=0x156 primCtxt=0 ctx0fbp=0 ctx1fbp=0
[gs:prim] idx=56 type=6 tme=1 abe=1 fst=1 ctxt=0 fbp=0 fbw=10 psm=0x2 tex0=(tbp0=5120 tbw=2 psm=0x13 tw=7 th=7 tcc=1 tfx=0 cbp=16352 cpsm=0x0 csm=0 csa=0) texclut=(cbw=0 cou=0 cov=0) ofx=1728 ofy=1936 scissor=(0,0)-(639,223) test=0x30000 alpha=0x44 v0=(2035,2120) uv0=(45,75) stq0=(0,0,1) v1=(2041,2124) uv1=(57,82) stq1=(0,0,1) v2=(0,0) uv2=(0,0) stq2=(0,0,1) rgba0=(127,127,127,127) rgba1=(127,127,127,127) rgba2=(0,0,0,0)
[gs:copy-reg] reg=0x0 value=0x156 primCtxt=0 ctx0fbp=0 ctx1fbp=0
[gs:prim] idx=57 type=6 tme=1 abe=1 fst=1 ctxt=0 fbp=0 fbw=10 psm=0x2 tex0=(tbp0=5120 tbw=2 psm=0x13 tw=7 th=7 tcc=1 tfx=0 cbp=16352 cpsm=0x0 csm=0 csa=0) texclut=(cbw=0 cou=0 cov=0) ofx=1728 ofy=1936 scissor=(0,0)-(639,223) test=0x30000 alpha=0x44 v0=(2040,2119) uv0=(116,73) stq0=(0,0,1) v1=(2042,2124) uv1=(121,82) stq1=(0,0,1) v2=(0,0) uv2=(0,0) stq2=(0,0,1) rgba0=(127,127,127,127) rgba1=(127,127,127,127) rgba2=(0,0,0,0)
[gs:copy-reg] reg=0x0 value=0x156 primCtxt=0 ctx0fbp=0 ctx1fbp=0
[gs:prim] idx=58 type=6 tme=1 abe=1 fst=1 ctxt=0 fbp=0 fbw=10 psm=0x2 tex0=(tbp0=5120 tbw=2 psm=0x13 tw=7 th=7 tcc=1 tfx=0 cbp=16352 cpsm=0x0 csm=0 csa=0) texclut=(cbw=0 cou=0 cov=0) ofx=1728 ofy=1936 scissor=(0,0)-(639,223) test=0x30000 alpha=0x44 v0=(2042,2120) uv0=(19,75) stq0=(0,0,1) v1=(2048,2124) uv1=(32,82) stq1=(0,0,1) v2=(0,0) uv2=(0,0) stq2=(0,0,1) rgba0=(127,127,127,127) rgba1=(127,127,127,127) rgba2=(0,0,0,0)
[gs:copy-reg] reg=0x0 value=0x156 primCtxt=0 ctx0fbp=0 ctx1fbp=0
[gs:prim] idx=59 type=6 tme=1 abe=1 fst=1 ctxt=0 fbp=0 fbw=10 psm=0x2 tex0=(tbp0=5120 tbw=2 psm=0x13 tw=7 th=7 tcc=1 tfx=0 cbp=16352 cpsm=0x0 csm=0 csa=0) texclut=(cbw=0 cou=0 cov=0) ofx=1728 ofy=1936 scissor=(0,0)-(639,223) test=0x30000 alpha=0x44 v0=(2048,2120) uv0=(113,86) stq0=(0,0,1) v1=(2052,2124) uv1=(122,94) stq1=(0,0,1) v2=(0,0) uv2=(0,0) stq2=(0,0,1) rgba0=(127,127,127,127) rgba1=(127,127,127,127) rgba2=(0,0,0,0)
[gs:copy-reg] reg=0x0 value=0x156 primCtxt=0 ctx0fbp=0 ctx1fbp=0
[gs:prim] idx=60 type=6 tme=1 abe=1 fst=1 ctxt=0 fbp=0 fbw=10 psm=0x2 tex0=(tbp0=5120 tbw=2 psm=0x13 tw=7 th=7 tcc=1 tfx=0 cbp=16352 cpsm=0x0 csm=0 csa=0) texclut=(cbw=0 cou=0 cov=0) ofx=1728 ofy=1936 scissor=(0,0)-(639,223) test=0x30000 alpha=0x44 v0=(2051,2120) uv0=(70,75) stq0=(0,0,1) v1=(2057,2124) uv1=(82,82) stq1=(0,0,1) v2=(0,0) uv2=(0,0) stq2=(0,0,1) rgba0=(127,127,127,127) rgba1=(127,127,127,127) rgba2=(0,0,0,0)
[gs:copy-reg] reg=0x0 value=0x156 primCtxt=0 ctx0fbp=0 ctx1fbp=0
[gs:prim] idx=61 type=6 tme=1 abe=1 fst=1 ctxt=0 fbp=0 fbw=10 psm=0x2 tex0=(tbp0=5120 tbw=2 psm=0x13 tw=7 th=7 tcc=1 tfx=0 cbp=16352 cpsm=0x0 csm=0 csa=0) texclut=(cbw=0 cou=0 cov=0) ofx=1728 ofy=1936 scissor=(0,0)-(639,223) test=0x30000 alpha=0x44 v0=(2056,2119) uv0=(57,72) stq0=(0,0,1) v1=(2062,2124) uv1=(70,82) stq1=(0,0,1) v2=(0,0) uv2=(0,0) stq2=(0,0,1) rgba0=(127,127,127,127) rgba1=(127,127,127,127) rgba2=(0,0,0,0)
[gs:prim] idx=62 type=6 tme=1 abe=1 fst=1 ctxt=0 fbp=0 fbw=10 psm=0x2 tex0=(tbp0=5120 tbw=2 psm=0x13 tw=7 th=7 tcc=1 tfx=0 cbp=16352 cpsm=0x0 csm=0 csa=0) texclut=(cbw=0 cou=0 cov=0) ofx=1728 ofy=1936 scissor=(0,0)-(639,223) test=0x30000 alpha=0x44 v0=(2066,2119) uv0=(20,84) stq0=(0,0,1) v1=(2068,2124) uv1=(25,94) stq1=(0,0,1) v2=(0,0) uv2=(0,0) stq2=(0,0,1) rgba0=(127,127,127,127) rgba1=(127,127,127,127) rgba2=(0,0,0,0)
[gs:prim] idx=63 type=6 tme=1 abe=1 fst=1 ctxt=0 fbp=0 fbw=10 psm=0x2 tex0=(tbp0=5120 tbw=2 psm=0x13 tw=7 th=7 tcc=1 tfx=0 cbp=16352 cpsm=0x0 csm=0 csa=0) texclut=(cbw=0 cou=0 cov=0) ofx=1728 ofy=1936 scissor=(0,0)-(639,223) test=0x30000 alpha=0x44 v0=(2068,2120) uv0=(55,87) stq0=(0,0,1) v1=(2074,2124) uv1=(68,94) stq1=(0,0,1) v2=(0,0) uv2=(0,0) stq2=(0,0,1) rgba0=(127,127,127,127) rgba1=(127,127,127,127) rgba2=(0,0,0,0)
[gs:texa] idx=1 value=0x0 ta0=0x0 aem=0 ta1=0x0
[sceDmaSend] ch=0x10009000 madr=0x0 qwc=0x0 tadr=0x100000 chcr=0x185
[sceDmaSend:head] ch=0x10009000 tagQwc=0x3bd id=0x3 irq=0x0 addr=0x2eeff0 w2=0x0 w3=0x0
[padread:trace] n=2 port=0 slot=0 data=0x01eb1de0 ok=1 buttons=0xffff rx=124 ry=125 lx=140 ly=126 mode=0x73 override=0 backend=1
[frame:upload] idx=1 tick=4 displayFbp=0 sourceFbp=0 size=640x224 preferred=0
[frame:upload] idx=2 tick=5 displayFbp=0 sourceFbp=0 size=640x224 preferred=0
[gs:texa] idx=2 value=0x0 ta0=0x0 aem=0 ta1=0x0
[gs:texa] idx=3 value=0x0 ta0=0x0 aem=0 ta1=0x0
[sceDmaSend] ch=0x10009000 madr=0x0 qwc=0x0 tadr=0x1ec1f80 chcr=0x185
[sceDmaSend:head] ch=0x10009000 tagQwc=0x3bd id=0x3 irq=0x0 addr=0x2eeff0 w2=0x0 w3=0x0
[padread:trace] n=3 port=0 slot=0 data=0x01eb1de0 ok=1 buttons=0xffff rx=124 ry=125 lx=140 ly=126 mode=0x73 override=0 backend=1
[frame:upload] idx=3 tick=6 displayFbp=0 sourceFbp=0 size=640x224 preferred=0
[frame:upload] idx=4 tick=7 displayFbp=0 sourceFbp=0 size=640x224 preferred=0
[gs:texa] idx=4 value=0x0 ta0=0x0 aem=0 ta1=0x0
[gs:texa] idx=5 value=0x0 ta0=0x0 aem=0 ta1=0x0
[sceDmaSend] ch=0x10009000 madr=0x0 qwc=0x0 tadr=0x100000 chcr=0x185
[sceDmaSend:head] ch=0x10009000 tagQwc=0x3bd id=0x3 irq=0x0 addr=0x2eeff0 w2=0x0 w3=0x0
[frame:upload] idx=5 tick=8 displayFbp=0 sourceFbp=0 size=640x224 preferred=0
[run:tick] tick=720 pc=0x201a88 ra=0x201c04 sp=0x1eb1ed0 gp=0x3b47f0 dispfb1=0x11400 display1=0xdf27f000202a4 activeThreads=3 dma=35 gif=26 gsw=0 vif=6
[run:tick] tick=840 pc=0x201a88 ra=0x201c04 sp=0x1eb1ed0 gp=0x3b47f0 dispfb1=0x11400 display1=0xdf27f000202a4 activeThreads=3 dma=35 gif=26 gsw=0 vif=6
[TS:state] tag=watch elapsed=20.0443 pc=0x2d0048 local_players=1 active_characters=0 player=0xc85d40 prop=0x5f6d656d prop_valid=0 health=0 mcseq_state=1 mcard_state=0 mcard_result=1 mcard_port=4294967295 mcard_slot=4294967295 checkcards={port=4294967295,slot=4294967295,type=4294967295,free=4294967295,format=4294967295} mkdir_overwriteok=0 menu_selection=0 mcseq_globals=[0x0,0x0,0x0,0x0,0x0] mc_last_cmd=0 mc_last_result=0 mc_last_port=0 mc_last_slot=0 mc_last_flags=0x0 mc_last_raw='' mc_last_guest='' mc_last_host='' mc_open_files=0 mc0={fmt=1,cwd='/'} mc1={fmt=1,cwd='/'} current_front=0x352da0 current_front_index=0 current_front_words=[0x0,0x1fc01d0,0x1fbd1d0,0x0,0x0,0x0,0x0,0x0,0x0,0x0,0x0] current_front_f14=0x0 current_front_f18=0x0 current_front_f1c=0x0 current_page=0x1fc01d0[0x0,0x0,0x0,0x0] current_page_boxbase=0x0 current_page_boxcount=0 current_front_boxbase=0x1fbd1d0 dma=35 gif=26 vif=6 front0={v0=0x0 f14=0x0 f18=0x0 f1c=0x0} front1={v0=0x1 f14=0x0 f18=0x0 f1c=0x0} front2={v0=0x2 f14=0x0 f18=0x0 f1c=0x0} front3={v0=0x3 f14=0x0 f18=0x0 f1c=0x0}
[run:tick] tick=960 pc=0x216d58 ra=0x216d58 sp=0x1eb1e30 gp=0x3b47f0 dispfb1=0x11400 display1=0xdf27f000202a4 activeThreads=3 dma=35 gif=26 gsw=0 vif=6
[run:tick] tick=1080 pc=0x217e98 ra=0x217e98 sp=0x1eb1e30 gp=0x3b47f0 dispfb1=0x11400 display1=0xdf27f000202a4 activeThreads=3 dma=35 gif=26 gsw=0 vif=6
[run:tick] tick=1200 pc=0x219988 ra=0x219988 sp=0x1eb1e30 gp=0x3b47f0 dispfb1=0x11400 display1=0xdf27f000202a4 activeThreads=3 dma=35 gif=26 gsw=0 vif=6
[sceSifSetDma:CALL] pc=0x2dd9c8 ra=0x2dd9c8 list=0x1ff2b00 count=1
[sceSifSetDma:DESC] i=0 src=0x2f2cc0 dst=0x12ab00 size=0x17c0 attr=0x0 pc=0x2dd9c8 ra=0x2dd9c8
[Audio:VoiceTrans] core=1 src=0x12ab00 dest=0x5010 size=0x17c0 mode=0x0 copied=1 physical=6080
[run:tick] tick=1320 pc=0x205314 ra=0x205314 sp=0x1eb1e10 gp=0x3b47f0 dispfb1=0x11400 display1=0xdf27f000202a4 activeThreads=3 dma=221 gif=212 gsw=0 vif=6
[sceSifSetDma:CALL] pc=0x2dd9c8 ra=0x2dd9c8 list=0x1ff2b00 count=1
[sceSifSetDma:DESC] i=0 src=0x2f2cc0 dst=0x12ab00 size=0x1880 attr=0x0 pc=0x2dd9c8 ra=0x2dd9c8
[Audio:VoiceTrans] core=1 src=0x12ab00 dest=0x67d0 size=0x1880 mode=0x0 copied=1 physical=6272
[run:tick] tick=1440 pc=0x205448 ra=0x204828 sp=0x1eb1e10 gp=0x3b47f0 dispfb1=0x11400 display1=0xdf27f000202a4 activeThreads=3 dma=221 gif=212 gsw=0 vif=6
[sceSifSetDma:CALL] pc=0x2dd9c8 ra=0x2dd9c8 list=0x1ff2b00 count=1
[sceSifSetDma:DESC] i=0 src=0x2f2cc0 dst=0x12ab00 size=0x1c80 attr=0x0 pc=0x2dd9c8 ra=0x2dd9c8
[Audio:VoiceTrans] core=1 src=0x12ab00 dest=0x8050 size=0x1c80 mode=0x0 copied=1 physical=7296
[sceSifSetDma:CALL] pc=0x2dd9c8 ra=0x2dd9c8 list=0x1ff2b00 count=1
[sceSifSetDma:DESC] i=0 src=0x2f2cc0 dst=0x12ab00 size=0x2e00 attr=0x0 pc=0x2dd9c8 ra=0x2dd9c8
[Audio:VoiceTrans] core=1 src=0x12ab00 dest=0x9cd0 size=0x2e00 mode=0x0 copied=1 physical=11776
[TS:state] tag=watch elapsed=30.0491 pc=0x2d0048 local_players=1 active_characters=0 player=0xc85d40 prop=0xbd946456 prop_valid=0 health=0 mcseq_state=1 mcard_state=0 mcard_result=1 mcard_port=4294967295 mcard_slot=4294967295 checkcards={port=4294967295,slot=4294967295,type=4294967295,free=4294967295,format=4294967295} mkdir_overwriteok=0 menu_selection=0 mcseq_globals=[0x0,0x0,0x0,0x0,0x0] mc_last_cmd=0 mc_last_result=0 mc_last_port=0 mc_last_slot=0 mc_last_flags=0x0 mc_last_raw='' mc_last_guest='' mc_last_host='' mc_open_files=0 mc0={fmt=1,cwd='/'} mc1={fmt=1,cwd='/'} current_front=0x352da0 current_front_index=0 current_front_words=[0x0,0x1fc01d0,0x1fbd1d0,0x0,0x0,0x0,0x0,0x0,0x0,0x0,0x0] current_front_f14=0x0 current_front_f18=0x0 current_front_f1c=0x0 current_page=0x1fc01d0[0x0,0x0,0x0,0x0] current_page_boxbase=0x0 current_page_boxcount=0 current_front_boxbase=0x1fbd1d0 dma=221 gif=212 vif=6 front0={v0=0x0 f14=0x0 f18=0x0 f1c=0x0} front1={v0=0x1 f14=0x0 f18=0x0 f1c=0x0} front2={v0=0x2 f14=0x0 f18=0x0 f1c=0x0} front3={v0=0x3 f14=0x0 f18=0x0 f1c=0x0}
[run:tick] tick=1560 pc=0x205448 ra=0x204828 sp=0x1eb1e10 gp=0x3b47f0 dispfb1=0x11400 display1=0xdf27f000202a4 activeThreads=3 dma=221 gif=212 gsw=0 vif=6
[sceSifSetDma:CALL] pc=0x2dd9c8 ra=0x2dd9c8 list=0x1ff2b00 count=1
[sceSifSetDma:DESC] i=0 src=0x2f2cc0 dst=0x12ab00 size=0xec0 attr=0x0 pc=0x2dd9c8 ra=0x2dd9c8
[Audio:VoiceTrans] core=1 src=0x12ab00 dest=0xcad0 size=0xec0 mode=0x0 copied=1 physical=3776
[sceSifSetDma:CALL] pc=0x2dd9c8 ra=0x2dd9c8 list=0x1ff2b00 count=1
[sceSifSetDma:DESC] i=0 src=0x2f2cc0 dst=0x12ab00 size=0x4540 attr=0x0 pc=0x2dd9c8 ra=0x2dd9c8
[Audio:VoiceTrans] core=1 src=0x12ab00 dest=0xd990 size=0x4540 mode=0x0 copied=1 physical=17728
[run:tick] tick=1680 pc=0x205448 ra=0x204828 sp=0x1eb1e10 gp=0x3b47f0 dispfb1=0x11400 display1=0xdf27f000202a4 activeThreads=3 dma=221 gif=212 gsw=0 vif=6
[sceSifSetDma:CALL] pc=0x2dd9c8 ra=0x2dd9c8 list=0x1ff2b00 count=1
[sceSifSetDma:DESC] i=0 src=0x2f2cc0 dst=0x12ab00 size=0x1340 attr=0x0 pc=0x2dd9c8 ra=0x2dd9c8
[Audio:VoiceTrans] core=1 src=0x12ab00 dest=0x11ed0 size=0x1340 mode=0x0 copied=1 physical=4928
[run:tick] tick=1800 pc=0x205448 ra=0x204828 sp=0x1eb1e10 gp=0x3b47f0 dispfb1=0x11400 display1=0xdf27f000202a4 activeThreads=3 dma=221 gif=212 gsw=0 vif=6
[padread:trace] n=4 port=0 slot=0 data=0x01eb1de0 ok=1 buttons=0xffff rx=124 ry=125 lx=140 ly=126 mode=0x73 override=0 backend=1
[padread:trace] n=5 port=0 slot=0 data=0x01eb1de0 ok=1 buttons=0xffff rx=124 ry=125 lx=140 ly=126 mode=0x73 override=0 backend=1
[padread:trace] n=6 port=0 slot=0 data=0x01eb1de0 ok=1 buttons=0xffff rx=124 ry=125 lx=140 ly=126 mode=0x73 override=0 backend=1
[padread:trace] n=7 port=0 slot=0 data=0x01eb1de0 ok=1 buttons=0xffff rx=124 ry=125 lx=140 ly=126 mode=0x73 override=0 backend=1
[padread:trace] n=8 port=0 slot=0 data=0x01eb1de0 ok=1 buttons=0xffff rx=124 ry=125 lx=140 ly=126 mode=0x73 override=0 backend=1
[padread:trace] n=9 port=0 slot=0 data=0x01eb1de0 ok=1 buttons=0xffff rx=124 ry=125 lx=140 ly=126 mode=0x73 override=0 backend=1
[padread:trace] n=10 port=0 slot=0 data=0x01eb1de0 ok=1 buttons=0xffff rx=124 ry=125 lx=140 ly=126 mode=0x73 override=0 backend=1
[frame:upload] idx=6 tick=9 displayFbp=0 sourceFbp=0 size=640x224 preferred=0
[gs:texa] idx=6 value=0x0 ta0=0x0 aem=0 ta1=0x0
[gs:texa] idx=7 value=0x0 ta0=0x0 aem=0 ta1=0x0
[gs:texa] idx=8 value=0x0 ta0=0x0 aem=0 ta1=0x0
[gs:texa] idx=9 value=0x0 ta0=0x0 aem=0 ta1=0x0
[gs:texa] idx=10 value=0x0 ta0=0x0 aem=0 ta1=0x0
[gs:texa] idx=11 value=0x0 ta0=0x0 aem=0 ta1=0x0
[gs:texa] idx=12 value=0x0 ta0=0x0 aem=0 ta1=0x0
[gs:texa] idx=13 value=0x0 ta0=0x0 aem=0 ta1=0x0
[sceDmaSend] ch=0x10009000 madr=0x0 qwc=0x0 tadr=0x100000 chcr=0x185
[sceDmaSend:head] ch=0x10009000 tagQwc=0x3bd id=0x3 irq=0x0 addr=0x2eeff0 w2=0x0 w3=0x0
[padread:trace] n=11 port=0 slot=0 data=0x01eb1de0 ok=1 buttons=0xffff rx=124 ry=125 lx=140 ly=126 mode=0x73 override=0 backend=1
[frame:upload] idx=7 tick=10 displayFbp=0 sourceFbp=0 size=640x224 preferred=0
[gs:texa] idx=14 value=0x0 ta0=0x0 aem=0 ta1=0x0
[run:tick] tick=1920 pc=0x200f64 ra=0x200f64 sp=0x1ec1f10 gp=0x3b47f0 dispfb1=0x11400 display1=0xdf27f000202a4 activeThreads=3 dma=605 gif=592 gsw=0 vif=8
[gs:texa] idx=15 value=0x0 ta0=0x0 aem=0 ta1=0x0
[gs:texa] idx=16 value=0x0 ta0=0x0 aem=0 ta1=0x0
[gs:texa] idx=17 value=0x0 ta0=0x0 aem=0 ta1=0x0
[gs:texa] idx=18 value=0x0 ta0=0x0 aem=0 ta1=0x0
[gs:texa] idx=19 value=0x0 ta0=0x0 aem=0 ta1=0x0
[gs:texa] idx=20 value=0x0 ta0=0x0 aem=0 ta1=0x0
[gs:texa] idx=21 value=0x0 ta0=0x0 aem=0 ta1=0x0
[sceDmaSend] ch=0x10009000 madr=0x0 qwc=0x0 tadr=0x100000 chcr=0x185
[sceDmaSend:head] ch=0x10009000 tagQwc=0x3bd id=0x3 irq=0x0 addr=0x2eeff0 w2=0x0 w3=0x0
[padread:trace] n=12 port=0 slot=0 data=0x01eb1de0 ok=1 buttons=0xffff rx=124 ry=125 lx=140 ly=126 mode=0x73 override=0 backend=1
[frame:upload] idx=8 tick=11 displayFbp=0 sourceFbp=0 size=640x224 preferred=0
[frame:upload] idx=9 tick=12 displayFbp=0 sourceFbp=0 size=640x224 preferred=0
[gs:texa] idx=22 value=0x0 ta0=0x0 aem=0 ta1=0x0
[gs:texa] idx=23 value=0x0 ta0=0x0 aem=0 ta1=0x0
[sceDmaSend] ch=0x10009000 madr=0x0 qwc=0x0 tadr=0x1ec1f80 chcr=0x185
[sceDmaSend:head] ch=0x10009000 tagQwc=0x3bd id=0x3 irq=0x0 addr=0x2eeff0 w2=0x0 w3=0x0
[padread:trace] n=13 port=0 slot=0 data=0x01eb1de0 ok=1 buttons=0xffff rx=124 ry=125 lx=140 ly=126 mode=0x73 override=0 backend=1
[frame:upload] idx=10 tick=13 displayFbp=0 sourceFbp=0 size=640x224 preferred=0
[frame:upload] idx=11 tick=14 displayFbp=0 sourceFbp=0 size=640x224 preferred=0
[sceDmaSend] ch=0x10009000 madr=0x0 qwc=0x0 tadr=0x100000 chcr=0x185
[sceDmaSend:head] ch=0x10009000 tagQwc=0x3bd id=0x3 irq=0x0 addr=0x2eeff0 w2=0x0 w3=0x0
[padread:trace] n=14 port=0 slot=0 data=0x01eb1de0 ok=1 buttons=0xffff rx=124 ry=125 lx=140 ly=126 mode=0x73 override=0 backend=1
[frame:upload] idx=12 tick=15 displayFbp=0 sourceFbp=0 size=640x224 preferred=0
[frame:upload] idx=13 tick=16 displayFbp=0 sourceFbp=0 size=640x224 preferred=0
[sceDmaSend] ch=0x10009000 madr=0x0 qwc=0x0 tadr=0x1ec1f80 chcr=0x185
[sceDmaSend:head] ch=0x10009000 tagQwc=0x3bd id=0x3 irq=0x0 addr=0x2eeff0 w2=0x0 w3=0x0
[padread:trace] n=15 port=0 slot=0 data=0x01eb1de0 ok=1 buttons=0xffff rx=124 ry=125 lx=140 ly=126 mode=0x73 override=0 backend=1
[frame:upload] idx=14 tick=17 displayFbp=0 sourceFbp=0 size=640x224 preferred=0
[frame:upload] idx=15 tick=18 displayFbp=0 sourceFbp=0 size=640x224 preferred=0
[run:tick] tick=2040 pc=0x201000 ra=0x201000 sp=0x1ec1f10 gp=0x3b47f0 dispfb1=0x11400 display1=0xdf27f000202a4 activeThreads=3 dma=617 gif=592 gsw=0 vif=16
[sceDmaSend] ch=0x10009000 madr=0x0 qwc=0x0 tadr=0x100000 chcr=0x185
[sceDmaSend:head] ch=0x10009000 tagQwc=0x3bd id=0x3 irq=0x0 addr=0x2eeff0 w2=0x0 w3=0x0
[padread:trace] n=16 port=0 slot=0 data=0x01eb1de0 ok=1 buttons=0xffff rx=124 ry=125 lx=140 ly=126 mode=0x73 override=0 backend=1
[frame:upload] idx=16 tick=19 displayFbp=0 sourceFbp=0 size=640x224 preferred=0
[frame:upload] idx=17 tick=20 displayFbp=0 sourceFbp=0 size=640x224 preferred=0
[sceDmaSend] ch=0x10009000 madr=0x0 qwc=0x0 tadr=0x1ec1f80 chcr=0x185
[sceDmaSend:head] ch=0x10009000 tagQwc=0x3bd id=0x3 irq=0x0 addr=0x2eeff0 w2=0x0 w3=0x0
[padread:trace] n=17 port=0 slot=0 data=0x01eb1de0 ok=1 buttons=0xffff rx=124 ry=125 lx=140 ly=126 mode=0x73 override=0 backend=1
[frame:upload] idx=18 tick=21 displayFbp=0 sourceFbp=0 size=640x224 preferred=0
[frame:upload] idx=19 tick=22 displayFbp=0 sourceFbp=0 size=640x224 preferred=0
[sceDmaSend] ch=0x10009000 madr=0x0 qwc=0x0 tadr=0x100000 chcr=0x185
[sceDmaSend:head] ch=0x10009000 tagQwc=0x3bd id=0x3 irq=0x0 addr=0x2eeff0 w2=0x0 w3=0x0
[padread:trace] n=18 port=0 slot=0 data=0x01eb1de0 ok=1 buttons=0xffff rx=124 ry=125 lx=140 ly=126 mode=0x73 override=0 backend=1
[frame:upload] idx=20 tick=23 displayFbp=0 sourceFbp=0 size=640x224 preferred=0
[frame:upload] idx=21 tick=24 displayFbp=0 sourceFbp=0 size=640x224 preferred=0
[TS:state] tag=watch elapsed=40.0689 pc=0x2d0048 local_players=1 active_characters=0 player=0x1de1850 prop=0x0 prop_valid=0 health=0 mcseq_state=1 mcard_state=0 mcard_result=1 mcard_port=4294967295 mcard_slot=4294967295 checkcards={port=4294967295,slot=4294967295,type=4294967295,free=4294967295,format=4294967295} mkdir_overwriteok=0 menu_selection=0 mcseq_globals=[0x0,0x0,0x0,0x0,0x0] mc_last_cmd=0 mc_last_result=0 mc_last_port=0 mc_last_slot=0 mc_last_flags=0x0 mc_last_raw='' mc_last_guest='' mc_last_host='' mc_open_files=0 mc0={fmt=1,cwd='/'} mc1={fmt=1,cwd='/'} current_front=0x352da0 current_front_index=0 current_front_words=[0x0,0x1fc01d0,0x1fbd1d0,0x0,0x0,0x1,0x0,0x0,0x0,0x0,0x0] current_front_f14=0x1 current_front_f18=0x0 current_front_f1c=0x0 current_page=0x1fc01e0[0x0,0x0,0x0,0x0] current_page_boxbase=0x0 current_page_boxcount=0 current_front_boxbase=0x1fbd1d0 dma=626 gif=592 vif=22 front0={v0=0x0 f14=0x1 f18=0x0 f1c=0x0} front1={v0=0x1 f14=0x0 f18=0x0 f1c=0x0} front2={v0=0x2 f14=0x0 f18=0x0 f1c=0x0} front3={v0=0x3 f14=0x0 f18=0x0 f1c=0x0}
[sceDmaSend] ch=0x10009000 madr=0x0 qwc=0x0 tadr=0x1ec1f80 chcr=0x185
[sceDmaSend:head] ch=0x10009000 tagQwc=0x3bd id=0x3 irq=0x0 addr=0x2eeff0 w2=0x0 w3=0x0
[padread:trace] n=19 port=0 slot=0 data=0x01eb1de0 ok=1 buttons=0xffff rx=124 ry=125 lx=140 ly=126 mode=0x73 override=0 backend=1
[frame:upload] idx=22 tick=25 displayFbp=0 sourceFbp=0 size=640x224 preferred=0
[frame:upload] idx=23 tick=26 displayFbp=0 sourceFbp=0 size=640x224 preferred=0
[run:tick] tick=2160 pc=0x201000 ra=0x201000 sp=0x1ec1f10 gp=0x3b47f0 dispfb1=0x11400 display1=0xdf27f000202a4 activeThreads=3 dma=629 gif=592 gsw=0 vif=24
[sceDmaSend] ch=0x10009000 madr=0x0 qwc=0x0 tadr=0x100000 chcr=0x185
[sceDmaSend:head] ch=0x10009000 tagQwc=0x3bd id=0x3 irq=0x0 addr=0x2eeff0 w2=0x0 w3=0x0
[padread:trace] n=20 port=0 slot=0 data=0x01eb1de0 ok=1 buttons=0xffff rx=124 ry=125 lx=140 ly=126 mode=0x73 override=0 backend=1
[frame:upload] idx=24 tick=27 displayFbp=0 sourceFbp=0 size=640x224 preferred=0
[frame:upload] idx=25 tick=28 displayFbp=0 sourceFbp=0 size=640x224 preferred=0
[sceDmaSend] ch=0x10009000 madr=0x0 qwc=0x0 tadr=0x1ec1f80 chcr=0x185
[sceDmaSend:head] ch=0x10009000 tagQwc=0x3bd id=0x3 irq=0x0 addr=0x2eeff0 w2=0x0 w3=0x0
[padread:trace] n=21 port=0 slot=0 data=0x01eb1de0 ok=1 buttons=0xffff rx=124 ry=125 lx=140 ly=126 mode=0x73 override=0 backend=1
[frame:upload] idx=26 tick=29 displayFbp=0 sourceFbp=0 size=640x224 preferred=0
[frame:upload] idx=27 tick=30 displayFbp=0 sourceFbp=0 size=640x224 preferred=0
[sceDmaSend] ch=0x10009000 madr=0x0 qwc=0x0 tadr=0x100000 chcr=0x185
[sceDmaSend:head] ch=0x10009000 tagQwc=0x3bd id=0x3 irq=0x0 addr=0x2eeff0 w2=0x0 w3=0x0
[padread:trace] n=22 port=0 slot=0 data=0x01eb1de0 ok=1 buttons=0xffff rx=124 ry=125 lx=140 ly=126 mode=0x73 override=0 backend=1
[frame:upload] idx=28 tick=31 displayFbp=0 sourceFbp=0 size=640x224 preferred=0
[frame:upload] idx=29 tick=32 displayFbp=0 sourceFbp=0 size=640x224 preferred=0
[sceDmaSend] ch=0x10009000 madr=0x0 qwc=0x0 tadr=0x1ec1f80 chcr=0x185
[sceDmaSend:head] ch=0x10009000 tagQwc=0x3bd id=0x3 irq=0x0 addr=0x2eeff0 w2=0x0 w3=0x0
[padread:trace] n=23 port=0 slot=0 data=0x01eb1de0 ok=1 buttons=0xffff rx=124 ry=125 lx=140 ly=126 mode=0x73 override=0 backend=1
[frame:upload] idx=30 tick=33 displayFbp=0 sourceFbp=0 size=640x224 preferred=0
[frame:upload] idx=31 tick=34 displayFbp=0 sourceFbp=0 size=640x224 preferred=0
[sceDmaSend] ch=0x10009000 madr=0x0 qwc=0x0 tadr=0x100000 chcr=0x185
[sceDmaSend:head] ch=0x10009000 tagQwc=0x3bd id=0x3 irq=0x0 addr=0x2eeff0 w2=0x0 w3=0x0
[padread:trace] n=24 port=0 slot=0 data=0x01eb1de0 ok=1 buttons=0xffff rx=124 ry=125 lx=140 ly=126 mode=0x73 override=0 backend=1
[frame:upload] idx=32 tick=35 displayFbp=0 sourceFbp=0 size=640x224 preferred=0
[frame:upload] idx=33 tick=36 displayFbp=0 sourceFbp=0 size=640x224 preferred=0
[run:tick] tick=2280 pc=0x201000 ra=0x201000 sp=0x1ec1f10 gp=0x3b47f0 dispfb1=0x11400 display1=0xdf27f000202a4 activeThreads=3 dma=644 gif=592 gsw=0 vif=34
[sceDmaSend] ch=0x10009000 madr=0x0 qwc=0x0 tadr=0x1ec1f80 chcr=0x185
[sceDmaSend:head] ch=0x10009000 tagQwc=0x3bd id=0x3 irq=0x0 addr=0x2eeff0 w2=0x0 w3=0x0
[padread:trace] n=25 port=0 slot=0 data=0x01eb1de0 ok=1 buttons=0xffff rx=124 ry=125 lx=140 ly=126 mode=0x73 override=0 backend=1
[frame:upload] idx=34 tick=37 displayFbp=0 sourceFbp=0 size=640x224 preferred=0
[frame:upload] idx=35 tick=38 displayFbp=0 sourceFbp=0 size=640x224 preferred=0
[sceDmaSend] ch=0x10009000 madr=0x0 qwc=0x0 tadr=0x100000 chcr=0x185
[sceDmaSend:head] ch=0x10009000 tagQwc=0x3bd id=0x3 irq=0x0 addr=0x2eeff0 w2=0x0 w3=0x0
[padread:trace] n=26 port=0 slot=0 data=0x01eb1de0 ok=1 buttons=0xffff rx=124 ry=125 lx=140 ly=126 mode=0x73 override=0 backend=1
[frame:upload] idx=36 tick=39 displayFbp=0 sourceFbp=0 size=640x224 preferred=0
[frame:upload] idx=37 tick=40 displayFbp=0 sourceFbp=0 size=640x224 preferred=0
[sceDmaSend] ch=0x10009000 madr=0x0 qwc=0x0 tadr=0x1ec1f80 chcr=0x185
[sceDmaSend:head] ch=0x10009000 tagQwc=0x3bd id=0x3 irq=0x0 addr=0x2eeff0 w2=0x0 w3=0x0
[padread:trace] n=27 port=0 slot=0 data=0x01eb1de0 ok=1 buttons=0xffff rx=124 ry=125 lx=140 ly=126 mode=0x73 override=0 backend=1
[frame:upload] idx=38 tick=41 displayFbp=0 sourceFbp=0 size=640x224 preferred=0
[frame:upload] idx=39 tick=42 displayFbp=0 sourceFbp=0 size=640x224 preferred=0
[run:tick] tick=2400 pc=0x201000 ra=0x201000 sp=0x1ec1f10 gp=0x3b47f0 dispfb1=0x11400 display1=0xdf27f000202a4 activeThreads=3 dma=653 gif=592 gsw=0 vif=40
[sceDmaSend] ch=0x10009000 madr=0x0 qwc=0x0 tadr=0x100000 chcr=0x185
[sceDmaSend:head] ch=0x10009000 tagQwc=0x3bd id=0x3 irq=0x0 addr=0x2eeff0 w2=0x0 w3=0x0
[padread:trace] n=28 port=0 slot=0 data=0x01eb1de0 ok=1 buttons=0xffff rx=124 ry=125 lx=140 ly=126 mode=0x73 override=0 backend=1
[frame:upload] idx=40 tick=43 displayFbp=0 sourceFbp=0 size=640x224 preferred=0
[frame:upload] idx=41 tick=44 displayFbp=0 sourceFbp=0 size=640x224 preferred=0
[sceDmaSend] ch=0x10009000 madr=0x0 qwc=0x0 tadr=0x1ec1f80 chcr=0x185
[sceDmaSend:head] ch=0x10009000 tagQwc=0x3bd id=0x3 irq=0x0 addr=0x2eeff0 w2=0x0 w3=0x0
[padread:trace] n=29 port=0 slot=0 data=0x01eb1de0 ok=1 buttons=0xffff rx=124 ry=125 lx=140 ly=126 mode=0x73 override=0 backend=1
[frame:upload] idx=42 tick=45 displayFbp=0 sourceFbp=0 size=640x224 preferred=0
[frame:upload] idx=43 tick=46 displayFbp=0 sourceFbp=0 size=640x224 preferred=0
[run:tick] tick=2520 pc=0x201000 ra=0x201000 sp=0x1ec1f10 gp=0x3b47f0 dispfb1=0x11400 display1=0xdf27f000202a4 activeThreads=3 dma=659 gif=592 gsw=0 vif=44
[sceDmaSend] ch=0x10009000 madr=0x0 qwc=0x0 tadr=0x100000 chcr=0x185
[sceDmaSend:head] ch=0x10009000 tagQwc=0x3bd id=0x3 irq=0x0 addr=0x2eeff0 w2=0x0 w3=0x0
[padread:trace] n=30 port=0 slot=0 data=0x01eb1de0 ok=1 buttons=0xffff rx=124 ry=125 lx=140 ly=126 mode=0x73 override=0 backend=1
[frame:upload] idx=44 tick=47 displayFbp=0 sourceFbp=0 size=640x224 preferred=0
[frame:upload] idx=45 tick=48 displayFbp=0 sourceFbp=0 size=640x224 preferred=0
[sceDmaSend] ch=0x10009000 madr=0x0 qwc=0x0 tadr=0x1ec1f80 chcr=0x185
[sceDmaSend:head] ch=0x10009000 tagQwc=0x3bd id=0x3 irq=0x0 addr=0x2eeff0 w2=0x0 w3=0x0
[padread:trace] n=31 port=0 slot=0 data=0x01eb1de0 ok=1 buttons=0xffff rx=124 ry=125 lx=140 ly=126 mode=0x73 override=0 backend=1
[frame:upload] idx=46 tick=49 displayFbp=0 sourceFbp=0 size=640x224 preferred=0
[frame:upload] idx=47 tick=50 displayFbp=0 sourceFbp=0 size=640x224 preferred=0
[sceDmaSend] ch=0x10009000 madr=0x0 qwc=0x0 tadr=0x100000 chcr=0x185
[sceDmaSend:head] ch=0x10009000 tagQwc=0x3bd id=0x3 irq=0x0 addr=0x2eeff0 w2=0x0 w3=0x0
[padread:trace] n=32 port=0 slot=0 data=0x01eb1de0 ok=1 buttons=0xffff rx=124 ry=125 lx=140 ly=126 mode=0x73 override=0 backend=1
[frame:upload] idx=48 tick=51 displayFbp=0 sourceFbp=0 size=640x224 preferred=0
[run:tick] tick=2640 pc=0x200f64 ra=0x200f64 sp=0x1ec1f10 gp=0x3b47f0 dispfb1=0x11400 display1=0xdf27f000202a4 activeThreads=3 dma=666 gif=592 gsw=0 vif=48
[frame:upload] idx=49 tick=52 displayFbp=0 sourceFbp=0 size=640x224 preferred=0
[sceDmaSend] ch=0x10009000 madr=0x0 qwc=0x0 tadr=0x1ec1f80 chcr=0x185
[sceDmaSend:head] ch=0x10009000 tagQwc=0x3bd id=0x3 irq=0x0 addr=0x2eeff0 w2=0x0 w3=0x0
[padread:trace] n=33 port=0 slot=0 data=0x01eb1de0 ok=1 buttons=0xffff rx=124 ry=125 lx=140 ly=126 mode=0x73 override=0 backend=1
[frame:upload] idx=50 tick=53 displayFbp=0 sourceFbp=0 size=640x224 preferred=0
[frame:upload] idx=51 tick=54 displayFbp=0 sourceFbp=0 size=640x224 preferred=0
[TS:state] tag=watch elapsed=50.089 pc=0x2d0048 local_players=1 active_characters=0 player=0x1de1850 prop=0x0 prop_valid=0 health=0 mcseq_state=1 mcard_state=0 mcard_result=1 mcard_port=4294967295 mcard_slot=4294967295 checkcards={port=4294967295,slot=4294967295,type=4294967295,free=4294967295,format=4294967295} mkdir_overwriteok=0 menu_selection=0 mcseq_globals=[0x0,0x0,0x0,0x0,0x0] mc_last_cmd=0 mc_last_result=0 mc_last_port=0 mc_last_slot=0 mc_last_flags=0x0 mc_last_raw='' mc_last_guest='' mc_last_host='' mc_open_files=0 mc0={fmt=1,cwd='/'} mc1={fmt=1,cwd='/'} current_front=0x352da0 current_front_index=0 current_front_words=[0x0,0x1fc01d0,0x1fbd1d0,0x0,0x0,0x1,0x0,0x0,0x0,0x0,0x0] current_front_f14=0x1 current_front_f18=0x0 current_front_f1c=0x0 current_page=0x1fc01e0[0x0,0x0,0x0,0x0] current_page_boxbase=0x0 current_page_boxcount=0 current_front_boxbase=0x1fbd1d0 dma=671 gif=592 vif=52 front0={v0=0x0 f14=0x1 f18=0x0 f1c=0x0} front1={v0=0x1 f14=0x0 f18=0x0 f1c=0x0} front2={v0=0x2 f14=0x0 f18=0x0 f1c=0x0} front3={v0=0x3 f14=0x0 f18=0x0 f1c=0x0}
[run:tick] tick=2760 pc=0x201000 ra=0x201000 sp=0x1ec1f10 gp=0x3b47f0 dispfb1=0x11400 display1=0xdf27f000202a4 activeThreads=3 dma=671 gif=592 gsw=0 vif=52
[sceDmaSend] ch=0x10009000 madr=0x0 qwc=0x0 tadr=0x100000 chcr=0x185
[sceDmaSend:head] ch=0x10009000 tagQwc=0x3bd id=0x3 irq=0x0 addr=0x2eeff0 w2=0x0 w3=0x0
[padread:trace] n=34 port=0 slot=0 data=0x01eb1de0 ok=1 buttons=0xffff rx=124 ry=125 lx=140 ly=126 mode=0x73 override=0 backend=1
[frame:upload] idx=52 tick=55 displayFbp=0 sourceFbp=0 size=640x224 preferred=0
[frame:upload] idx=53 tick=56 displayFbp=0 sourceFbp=0 size=640x224 preferred=0
[sceDmaSend] ch=0x10009000 madr=0x0 qwc=0x0 tadr=0x1ec1f80 chcr=0x185
[sceDmaSend:head] ch=0x10009000 tagQwc=0x3bd id=0x3 irq=0x0 addr=0x2eeff0 w2=0x0 w3=0x0
[padread:trace] n=35 port=0 slot=0 data=0x01eb1de0 ok=1 buttons=0xffff rx=124 ry=125 lx=140 ly=126 mode=0x73 override=0 backend=1
[frame:upload] idx=54 tick=57 displayFbp=0 sourceFbp=0 size=640x224 preferred=0
[frame:upload] idx=55 tick=58 displayFbp=0 sourceFbp=0 size=640x224 preferred=0
[run:tick] tick=2880 pc=0x201000 ra=0x201000 sp=0x1ec1f10 gp=0x3b47f0 dispfb1=0x11400 display1=0xdf27f000202a4 activeThreads=3 dma=677 gif=592 gsw=0 vif=56
[sceDmaSend] ch=0x10009000 madr=0x0 qwc=0x0 tadr=0x100000 chcr=0x185
[sceDmaSend:head] ch=0x10009000 tagQwc=0x3bd id=0x3 irq=0x0 addr=0x2eeff0 w2=0x0 w3=0x0
[padread:trace] n=36 port=0 slot=0 data=0x01eb1de0 ok=1 buttons=0xffff rx=124 ry=125 lx=140 ly=126 mode=0x73 override=0 backend=1
[frame:upload] idx=56 tick=59 displayFbp=0 sourceFbp=0 size=640x224 preferred=0
[frame:upload] idx=57 tick=60 displayFbp=0 sourceFbp=0 size=640x224 preferred=0
[sceDmaSend] ch=0x10009000 madr=0x0 qwc=0x0 tadr=0x1ec1f80 chcr=0x185
[sceDmaSend:head] ch=0x10009000 tagQwc=0x3bd id=0x3 irq=0x0 addr=0x2eeff0 w2=0x0 w3=0x0
[padread:trace] n=37 port=0 slot=0 data=0x01eb1de0 ok=1 buttons=0xffff rx=124 ry=125 lx=140 ly=126 mode=0x73 override=0 backend=1
[frame:upload] idx=58 tick=61 displayFbp=0 sourceFbp=0 size=640x224 preferred=0
[frame:upload] idx=59 tick=62 displayFbp=0 sourceFbp=0 size=640x224 preferred=0
[run:tick] tick=3000 pc=0x201000 ra=0x201000 sp=0x1ec1f10 gp=0x3b47f0 dispfb1=0x11400 display1=0xdf27f000202a4 activeThreads=3 dma=683 gif=592 gsw=0 vif=60
[sceDmaSend] ch=0x10009000 madr=0x0 qwc=0x0 tadr=0x100000 chcr=0x185
[sceDmaSend:head] ch=0x10009000 tagQwc=0x3bd id=0x3 irq=0x0 addr=0x2eeff0 w2=0x0 w3=0x0
[padread:trace] n=38 port=0 slot=0 data=0x01eb1de0 ok=1 buttons=0xffff rx=124 ry=125 lx=140 ly=126 mode=0x73 override=0 backend=1
[frame:upload] idx=60 tick=63 displayFbp=0 sourceFbp=0 size=640x224 preferred=0
[frame:upload] idx=61 tick=64 displayFbp=0 sourceFbp=0 size=640x224 preferred=0
[run:tick] tick=3120 pc=0x201000 ra=0x201000 sp=0x1ec1f10 gp=0x3b47f0 dispfb1=0x11400 display1=0xdf27f000202a4 activeThreads=3 dma=686 gif=592 gsw=0 vif=62
[sceDmaSend] ch=0x10009000 madr=0x0 qwc=0x0 tadr=0x1ec1f80 chcr=0x185
[sceDmaSend:head] ch=0x10009000 tagQwc=0x3bd id=0x3 irq=0x0 addr=0x2eeff0 w2=0x0 w3=0x0
[padread:trace] n=39 port=0 slot=0 data=0x01eb1de0 ok=1 buttons=0xffff rx=124 ry=125 lx=140 ly=126 mode=0x73 override=0 backend=1
[frame:upload] idx=62 tick=65 displayFbp=0 sourceFbp=0 size=640x224 preferred=0
[frame:upload] idx=63 tick=66 displayFbp=0 sourceFbp=0 size=640x224 preferred=0
[run:tick] tick=3240 pc=0x201000 ra=0x201000 sp=0x1ec1f10 gp=0x3b47f0 dispfb1=0x11400 display1=0xdf27f000202a4 activeThreads=3 dma=689 gif=592 gsw=0 vif=64
[sceDmaSend] ch=0x10009000 madr=0x0 qwc=0x0 tadr=0x100000 chcr=0x185
[sceDmaSend:head] ch=0x10009000 tagQwc=0x3bd id=0x3 irq=0x0 addr=0x2eeff0 w2=0x0 w3=0x0
[padread:trace] n=40 port=0 slot=0 data=0x01eb1de0 ok=1 buttons=0xffff rx=124 ry=125 lx=140 ly=126 mode=0x73 override=0 backend=1
[frame:upload] idx=64 tick=67 displayFbp=0 sourceFbp=0 size=640x224 preferred=0
[frame:upload] idx=65 tick=68 displayFbp=0 sourceFbp=0 size=640x224 preferred=0
[sceDmaSend] ch=0x10009000 madr=0x0 qwc=0x0 tadr=0x1ec1f80 chcr=0x185
[sceDmaSend:head] ch=0x10009000 tagQwc=0x3bd id=0x3 irq=0x0 addr=0x2eeff0 w2=0x0 w3=0x0
[padread:trace] n=41 port=0 slot=0 data=0x01eb1de0 ok=1 buttons=0xffff rx=124 ry=125 lx=140 ly=126 mode=0x73 override=0 backend=1
[frame:upload] idx=66 tick=69 displayFbp=0 sourceFbp=0 size=640x224 preferred=0
[frame:upload] idx=67 tick=70 displayFbp=0 sourceFbp=0 size=640x224 preferred=0
[TS:state] tag=watch elapsed=60.099 pc=0x2d0048 local_players=1 active_characters=0 player=0x1de1850 prop=0x0 prop_valid=0 health=0 mcseq_state=1 mcard_state=0 mcard_result=1 mcard_port=4294967295 mcard_slot=4294967295 checkcards={port=4294967295,slot=4294967295,type=4294967295,free=4294967295,format=4294967295} mkdir_overwriteok=0 menu_selection=0 mcseq_globals=[0x0,0x0,0x0,0x0,0x0] mc_last_cmd=0 mc_last_result=0 mc_last_port=0 mc_last_slot=0 mc_last_flags=0x0 mc_last_raw='' mc_last_guest='' mc_last_host='' mc_open_files=0 mc0={fmt=1,cwd='/'} mc1={fmt=1,cwd='/'} current_front=0x352da0 current_front_index=0 current_front_words=[0x0,0x1fc01d0,0x1fbd1d0,0x0,0x0,0x1,0x0,0x0,0x0,0x0,0x0] current_front_f14=0x1 current_front_f18=0x0 current_front_f1c=0x0 current_page=0x1fc01e0[0x0,0x0,0x0,0x0] current_page_boxbase=0x0 current_page_boxcount=0 current_front_boxbase=0x1fbd1d0 dma=695 gif=592 vif=68 front0={v0=0x0 f14=0x1 f18=0x0 f1c=0x0} front1={v0=0x1 f14=0x0 f18=0x0 f1c=0x0} front2={v0=0x2 f14=0x0 f18=0x0 f1c=0x0} front3={v0=0x3 f14=0x0 f18=0x0 f1c=0x0}
[run:tick] tick=3360 pc=0x201000 ra=0x201000 sp=0x1ec1f10 gp=0x3b47f0 dispfb1=0x11400 display1=0xdf27f000202a4 activeThreads=3 dma=695 gif=592 gsw=0 vif=68
[sceDmaSend] ch=0x10009000 madr=0x0 qwc=0x0 tadr=0x100000 chcr=0x185
[sceDmaSend:head] ch=0x10009000 tagQwc=0x3bd id=0x3 irq=0x0 addr=0x2eeff0 w2=0x0 w3=0x0
[padread:trace] n=42 port=0 slot=0 data=0x01eb1de0 ok=1 buttons=0xffff rx=124 ry=125 lx=140 ly=126 mode=0x73 override=0 backend=1
[frame:upload] idx=68 tick=71 displayFbp=0 sourceFbp=0 size=640x224 preferred=0
[frame:upload] idx=69 tick=72 displayFbp=0 sourceFbp=0 size=640x224 preferred=0
[sceDmaSend] ch=0x10009000 madr=0x0 qwc=0x0 tadr=0x1ec1f80 chcr=0x185
[sceDmaSend:head] ch=0x10009000 tagQwc=0x3bd id=0x3 irq=0x0 addr=0x2eeff0 w2=0x0 w3=0x0
[frame:upload] idx=70 tick=73 displayFbp=0 sourceFbp=0 size=640x224 preferred=0
[padread:trace] n=43 port=0 slot=0 data=0x01eb1de0 ok=1 buttons=0xffff rx=124 ry=125 lx=140 ly=126 mode=0x73 override=0 backend=1
[frame:upload] idx=71 tick=74 displayFbp=0 sourceFbp=0 size=640x224 preferred=0
[run:tick] tick=3480 pc=0x201000 ra=0x201000 sp=0x1ec1f10 gp=0x3b47f0 dispfb1=0x11400 display1=0xdf27f000202a4 activeThreads=3 dma=701 gif=592 gsw=0 vif=72
[sceDmaSend] ch=0x10009000 madr=0x0 qwc=0x0 tadr=0x100000 chcr=0x185
[sceDmaSend:head] ch=0x10009000 tagQwc=0x3bd id=0x3 irq=0x0 addr=0x2eeff0 w2=0x0 w3=0x0
[padread:trace] n=44 port=0 slot=0 data=0x01eb1de0 ok=1 buttons=0xffff rx=124 ry=125 lx=140 ly=126 mode=0x73 override=0 backend=1
[frame:upload] idx=72 tick=75 displayFbp=0 sourceFbp=0 size=640x224 preferred=0
[frame:upload] idx=73 tick=76 displayFbp=0 sourceFbp=0 size=640x224 preferred=0
[sceDmaSend] ch=0x10009000 madr=0x0 qwc=0x0 tadr=0x1ec1f80 chcr=0x185
[sceDmaSend:head] ch=0x10009000 tagQwc=0x3bd id=0x3 irq=0x0 addr=0x2eeff0 w2=0x0 w3=0x0
[padread:trace] n=45 port=0 slot=0 data=0x01eb1de0 ok=1 buttons=0xffff rx=124 ry=125 lx=140 ly=126 mode=0x73 override=0 backend=1
[run:tick] tick=3600 pc=0x200e7c ra=0x200e7c sp=0x1eb1ee0 gp=0x3b47f0 dispfb1=0x11400 display1=0xdf27f000202a4 activeThreads=3 dma=704 gif=592 gsw=0 vif=74
[frame:upload] idx=74 tick=77 displayFbp=0 sourceFbp=0 size=640x224 preferred=0
[frame:upload] idx=75 tick=78 displayFbp=0 sourceFbp=0 size=640x224 preferred=0
[sceDmaSend] ch=0x10009000 madr=0x0 qwc=0x0 tadr=0x100000 chcr=0x185
[sceDmaSend:head] ch=0x10009000 tagQwc=0x3bd id=0x3 irq=0x0 addr=0x2eeff0 w2=0x0 w3=0x0
[padread:trace] n=46 port=0 slot=0 data=0x01eb1de0 ok=1 buttons=0xffff rx=124 ry=125 lx=140 ly=126 mode=0x73 override=0 backend=1
[frame:upload] idx=76 tick=79 displayFbp=0 sourceFbp=0 size=640x224 preferred=0
[frame:upload] idx=77 tick=80 displayFbp=0 sourceFbp=0 size=640x224 preferred=0
[run:tick] tick=3720 pc=0x201000 ra=0x201000 sp=0x1ec1f10 gp=0x3b47f0 dispfb1=0x11400 display1=0xdf27f000202a4 activeThreads=3 dma=710 gif=592 gsw=0 vif=78
[sceDmaSend] ch=0x10009000 madr=0x0 qwc=0x0 tadr=0x1ec1f80 chcr=0x185
[sceDmaSend:head] ch=0x10009000 tagQwc=0x3bd id=0x3 irq=0x0 addr=0x2eeff0 w2=0x0 w3=0x0
[padread:trace] n=47 port=0 slot=0 data=0x01eb1de0 ok=1 buttons=0xffff rx=124 ry=125 lx=140 ly=126 mode=0x73 override=0 backend=1
[frame:upload] idx=78 tick=81 displayFbp=0 sourceFbp=0 size=640x224 preferred=0
[frame:upload] idx=79 tick=82 displayFbp=0 sourceFbp=0 size=640x224 preferred=0
[sceDmaSend] ch=0x10009000 madr=0x0 qwc=0x0 tadr=0x100000 chcr=0x185
[sceDmaSend:head] ch=0x10009000 tagQwc=0x3bd id=0x3 irq=0x0 addr=0x2eeff0 w2=0x0 w3=0x0
[padread:trace] n=48 port=0 slot=0 data=0x01eb1de0 ok=1 buttons=0xffff rx=124 ry=125 lx=140 ly=126 mode=0x73 override=0 backend=1
[frame:upload] idx=80 tick=83 displayFbp=0 sourceFbp=0 size=640x224 preferred=0
[frame:upload] idx=81 tick=84 displayFbp=0 sourceFbp=0 size=640x224 preferred=0
[run:tick] tick=3840 pc=0x201000 ra=0x201000 sp=0x1ec1f10 gp=0x3b47f0 dispfb1=0x11400 display1=0xdf27f000202a4 activeThreads=3 dma=716 gif=592 gsw=0 vif=82
[sceDmaSend] ch=0x10009000 madr=0x0 qwc=0x0 tadr=0x1ec1f80 chcr=0x185
[sceDmaSend:head] ch=0x10009000 tagQwc=0x3bd id=0x3 irq=0x0 addr=0x2eeff0 w2=0x0 w3=0x0
[padread:trace] n=49 port=0 slot=0 data=0x01eb1de0 ok=1 buttons=0xffff rx=124 ry=125 lx=140 ly=126 mode=0x73 override=0 backend=1
[frame:upload] idx=82 tick=85 displayFbp=0 sourceFbp=0 size=640x224 preferred=0
[frame:upload] idx=83 tick=86 displayFbp=0 sourceFbp=0 size=640x224 preferred=0
[TS:state] tag=watch elapsed=70.1 pc=0x2d0048 local_players=1 active_characters=0 player=0x1de1850 prop=0x0 prop_valid=0 health=0 mcseq_state=1 mcard_state=0 mcard_result=1 mcard_port=4294967295 mcard_slot=4294967295 checkcards={port=4294967295,slot=4294967295,type=4294967295,free=4294967295,format=4294967295} mkdir_overwriteok=0 menu_selection=0 mcseq_globals=[0x0,0x0,0x0,0x0,0x0] mc_last_cmd=0 mc_last_result=0 mc_last_port=0 mc_last_slot=0 mc_last_flags=0x0 mc_last_raw='' mc_last_guest='' mc_last_host='' mc_open_files=0 mc0={fmt=1,cwd='/'} mc1={fmt=1,cwd='/'} current_front=0x352da0 current_front_index=0 current_front_words=[0x0,0x1fc01d0,0x1fbd1d0,0x0,0x0,0x1,0x0,0x0,0x0,0x0,0x0] current_front_f14=0x1 current_front_f18=0x0 current_front_f1c=0x0 current_page=0x1fc01e0[0x0,0x0,0x0,0x0] current_page_boxbase=0x0 current_page_boxcount=0 current_front_boxbase=0x1fbd1d0 dma=719 gif=592 vif=84 front0={v0=0x0 f14=0x1 f18=0x0 f1c=0x0} front1={v0=0x1 f14=0x0 f18=0x0 f1c=0x0} front2={v0=0x2 f14=0x0 f18=0x0 f1c=0x0} front3={v0=0x3 f14=0x0 f18=0x0 f1c=0x0}
[sceDmaSend] ch=0x10009000 madr=0x0 qwc=0x0 tadr=0x100000 chcr=0x185
[sceDmaSend:head] ch=0x10009000 tagQwc=0x3bd id=0x3 irq=0x0 addr=0x2eeff0 w2=0x0 w3=0x0
[padread:trace] n=50 port=0 slot=0 data=0x01eb1de0 ok=1 buttons=0xfff7 rx=124 ry=125 lx=140 ly=126 mode=0x73 override=0 backend=1
[padread] port=0 slot=0 data2=0xf7 data3=0xff guestButtons=0x0800 enter=0 gamepadStart=0
[frame:upload] idx=84 tick=87 displayFbp=0 sourceFbp=0 size=640x224 preferred=0
[run:tick] tick=3960 pc=0x200f64 ra=0x200f64 sp=0x1ec1f10 gp=0x3b47f0 dispfb1=0x11400 display1=0xdf27f000202a4 activeThreads=3 dma=720 gif=592 gsw=0 vif=84
[frame:upload] idx=85 tick=88 displayFbp=0 sourceFbp=0 size=640x224 preferred=0
[sceDmaSend] ch=0x10009000 madr=0x0 qwc=0x0 tadr=0x1ec1f80 chcr=0x185
[sceDmaSend:head] ch=0x10009000 tagQwc=0x3bd id=0x3 irq=0x0 addr=0x2eeff0 w2=0x0 w3=0x0
[padread:trace] n=51 port=0 slot=0 data=0x01eb1de0 ok=1 buttons=0xffff rx=124 ry=125 lx=140 ly=126 mode=0x73 override=0 backend=1
[frame:upload] idx=86 tick=89 displayFbp=0 sourceFbp=0 size=640x224 preferred=0
[frame:upload] idx=87 tick=90 displayFbp=0 sourceFbp=0 size=640x224 preferred=0
[run:tick] tick=4080 pc=0x201000 ra=0x201000 sp=0x1ec1f10 gp=0x3b47f0 dispfb1=0x11400 display1=0xdf27f000202a4 activeThreads=3 dma=725 gif=592 gsw=0 vif=88
[sceDmaSend] ch=0x10009000 madr=0x0 qwc=0x0 tadr=0x100000 chcr=0x185
[sceDmaSend:head] ch=0x10009000 tagQwc=0x3bd id=0x3 irq=0x0 addr=0x2eeff0 w2=0x0 w3=0x0
[padread:trace] n=52 port=0 slot=0 data=0x01eb1de0 ok=1 buttons=0xffff rx=124 ry=125 lx=140 ly=126 mode=0x73 override=0 backend=1
[frame:upload] idx=88 tick=91 displayFbp=0 sourceFbp=0 size=640x224 preferred=0
[frame:upload] idx=89 tick=92 displayFbp=0 sourceFbp=0 size=640x224 preferred=0
[sceDmaSend] ch=0x10009000 madr=0x0 qwc=0x0 tadr=0x1ec1f80 chcr=0x185
[sceDmaSend:head] ch=0x10009000 tagQwc=0x3bd id=0x3 irq=0x0 addr=0x2eeff0 w2=0x0 w3=0x0
[padread:trace] n=53 port=0 slot=0 data=0x01eb1de0 ok=1 buttons=0xffff rx=124 ry=125 lx=140 ly=126 mode=0x73 override=0 backend=1
[frame:upload] idx=90 tick=93 displayFbp=0 sourceFbp=0 size=640x224 preferred=0
[frame:upload] idx=91 tick=94 displayFbp=0 sourceFbp=0 size=640x224 preferred=0
[run:tick] tick=4200 pc=0x201000 ra=0x201000 sp=0x1ec1f10 gp=0x3b47f0 dispfb1=0x11400 display1=0xdf27f000202a4 activeThreads=3 dma=731 gif=592 gsw=0 vif=92
[sceDmaSend] ch=0x10009000 madr=0x0 qwc=0x0 tadr=0x100000 chcr=0x185
[sceDmaSend:head] ch=0x10009000 tagQwc=0x3bd id=0x3 irq=0x0 addr=0x2eeff0 w2=0x0 w3=0x0
[padread:trace] n=54 port=0 slot=0 data=0x01eb1de0 ok=1 buttons=0xffff rx=124 ry=125 lx=140 ly=126 mode=0x73 override=0 backend=1
[frame:upload] idx=92 tick=95 displayFbp=0 sourceFbp=0 size=640x224 preferred=0
[frame:upload] idx=93 tick=96 displayFbp=0 sourceFbp=0 size=640x224 preferred=0
[sceDmaSend] ch=0x10009000 madr=0x0 qwc=0x0 tadr=0x1ec1f80 chcr=0x185
[sceDmaSend:head] ch=0x10009000 tagQwc=0x3bd id=0x3 irq=0x0 addr=0x2eeff0 w2=0x0 w3=0x0
[padread:trace] n=55 port=0 slot=0 data=0x01eb1de0 ok=1 buttons=0xffff rx=124 ry=125 lx=140 ly=126 mode=0x73 override=0 backend=1
[frame:upload] idx=94 tick=97 displayFbp=0 sourceFbp=0 size=640x224 preferred=0
[frame:upload] idx=95 tick=98 displayFbp=0 sourceFbp=0 size=640x224 preferred=0
[run:tick] tick=4320 pc=0x201000 ra=0x201000 sp=0x1ec1f10 gp=0x3b47f0 dispfb1=0x11400 display1=0xdf27f000202a4 activeThreads=3 dma=737 gif=592 gsw=0 vif=96
[sceDmaSend] ch=0x10009000 madr=0x0 qwc=0x0 tadr=0x100000 chcr=0x185
[sceDmaSend:head] ch=0x10009000 tagQwc=0x3bd id=0x3 irq=0x0 addr=0x2eeff0 w2=0x0 w3=0x0
[padread:trace] n=56 port=0 slot=0 data=0x01eb1de0 ok=1 buttons=0xffff rx=124 ry=125 lx=140 ly=126 mode=0x73 override=0 backend=1
[frame:upload] idx=96 tick=99 displayFbp=0 sourceFbp=0 size=640x224 preferred=0
[frame:upload] idx=97 tick=100 displayFbp=0 sourceFbp=0 size=640x224 preferred=0
[run:tick] tick=4440 pc=0x201000 ra=0x201000 sp=0x1ec1f10 gp=0x3b47f0 dispfb1=0x11400 display1=0xdf27f000202a4 activeThreads=3 dma=740 gif=592 gsw=0 vif=98
[sceDmaSend] ch=0x10009000 madr=0x0 qwc=0x0 tadr=0x1ec1f80 chcr=0x185
[sceDmaSend:head] ch=0x10009000 tagQwc=0x3bd id=0x3 irq=0x0 addr=0x2eeff0 w2=0x0 w3=0x0
[padread:trace] n=57 port=0 slot=0 data=0x01eb1de0 ok=1 buttons=0xffff rx=124 ry=125 lx=140 ly=126 mode=0x73 override=0 backend=1
[frame:upload] idx=98 tick=101 displayFbp=0 sourceFbp=0 size=640x224 preferred=0
[frame:upload] idx=99 tick=102 displayFbp=0 sourceFbp=0 size=640x224 preferred=0
[TS:state] tag=watch elapsed=80.1192 pc=0x2d0048 local_players=1 active_characters=0 player=0x1de1850 prop=0x0 prop_valid=0 health=0 mcseq_state=1 mcard_state=0 mcard_result=1 mcard_port=4294967295 mcard_slot=4294967295 checkcards={port=4294967295,slot=4294967295,type=4294967295,free=4294967295,format=4294967295} mkdir_overwriteok=0 menu_selection=0 mcseq_globals=[0x0,0x0,0x0,0x0,0x0] mc_last_cmd=0 mc_last_result=0 mc_last_port=0 mc_last_slot=0 mc_last_flags=0x0 mc_last_raw='' mc_last_guest='' mc_last_host='' mc_open_files=0 mc0={fmt=1,cwd='/'} mc1={fmt=1,cwd='/'} current_front=0x352da0 current_front_index=0 current_front_words=[0x0,0x1fc01d0,0x1fbd1d0,0x0,0x0,0x1,0x0,0x0,0x0,0x0,0x0] current_front_f14=0x1 current_front_f18=0x0 current_front_f1c=0x0 current_page=0x1fc01e0[0x0,0x0,0x0,0x0] current_page_boxbase=0x0 current_page_boxcount=0 current_front_boxbase=0x1fbd1d0 dma=743 gif=592 vif=100 front0={v0=0x0 f14=0x1 f18=0x0 f1c=0x0} front1={v0=0x1 f14=0x0 f18=0x0 f1c=0x0} front2={v0=0x2 f14=0x0 f18=0x0 f1c=0x0} front3={v0=0x3 f14=0x0 f18=0x0 f1c=0x0}
[sceDmaSend] ch=0x10009000 madr=0x0 qwc=0x0 tadr=0x100000 chcr=0x185
[sceDmaSend:head] ch=0x10009000 tagQwc=0x3bd id=0x3 irq=0x0 addr=0x2eeff0 w2=0x0 w3=0x0
[padread:trace] n=58 port=0 slot=0 data=0x01eb1de0 ok=1 buttons=0xffff rx=124 ry=125 lx=140 ly=126 mode=0x73 override=0 backend=1
[frame:upload] idx=100 tick=103 displayFbp=0 sourceFbp=0 size=640x224 preferred=0
[frame:upload] idx=101 tick=104 displayFbp=0 sourceFbp=0 size=640x224 preferred=0
[run:tick] tick=4560 pc=0x201000 ra=0x201000 sp=0x1ec1f10 gp=0x3b47f0 dispfb1=0x11400 display1=0xdf27f000202a4 activeThreads=3 dma=746 gif=592 gsw=0 vif=102
[sceDmaSend] ch=0x10009000 madr=0x0 qwc=0x0 tadr=0x1ec1f80 chcr=0x185
[sceDmaSend:head] ch=0x10009000 tagQwc=0x3bd id=0x3 irq=0x0 addr=0x2eeff0 w2=0x0 w3=0x0
[padread:trace] n=59 port=0 slot=0 data=0x01eb1de0 ok=1 buttons=0xffff rx=124 ry=125 lx=140 ly=126 mode=0x73 override=0 backend=1
[frame:upload] idx=102 tick=105 displayFbp=0 sourceFbp=0 size=640x224 preferred=0
[frame:upload] idx=103 tick=106 displayFbp=0 sourceFbp=0 size=640x224 preferred=0
[run:tick] tick=4680 pc=0x201000 ra=0x201000 sp=0x1ec1f10 gp=0x3b47f0 dispfb1=0x11400 display1=0xdf27f000202a4 activeThreads=3 dma=749 gif=592 gsw=0 vif=104
[sceDmaSend] ch=0x10009000 madr=0x0 qwc=0x0 tadr=0x100000 chcr=0x185
[sceDmaSend:head] ch=0x10009000 tagQwc=0x3bd id=0x3 irq=0x0 addr=0x2eeff0 w2=0x0 w3=0x0
[padread:trace] n=60 port=0 slot=0 data=0x01eb1de0 ok=1 buttons=0xffff rx=124 ry=125 lx=140 ly=126 mode=0x73 override=0 backend=1
[frame:upload] idx=104 tick=107 displayFbp=0 sourceFbp=0 size=640x224 preferred=0
[frame:upload] idx=105 tick=108 displayFbp=0 sourceFbp=0 size=640x224 preferred=0
[sceDmaSend] ch=0x10009000 madr=0x0 qwc=0x0 tadr=0x1ec1f80 chcr=0x185
[sceDmaSend:head] ch=0x10009000 tagQwc=0x3bd id=0x3 irq=0x0 addr=0x2eeff0 w2=0x0 w3=0x0
[padread:trace] n=61 port=0 slot=0 data=0x01eb1de0 ok=1 buttons=0xffff rx=124 ry=125 lx=140 ly=126 mode=0x73 override=0 backend=1
[frame:upload] idx=106 tick=109 displayFbp=0 sourceFbp=0 size=640x224 preferred=0
[frame:upload] idx=107 tick=110 displayFbp=0 sourceFbp=0 size=640x224 preferred=0
[run:tick] tick=4800 pc=0x201000 ra=0x201000 sp=0x1ec1f10 gp=0x3b47f0 dispfb1=0x11400 display1=0xdf27f000202a4 activeThreads=3 dma=755 gif=592 gsw=0 vif=108
[sceDmaSend] ch=0x10009000 madr=0x0 qwc=0x0 tadr=0x100000 chcr=0x185
[sceDmaSend:head] ch=0x10009000 tagQwc=0x3bd id=0x3 irq=0x0 addr=0x2eeff0 w2=0x0 w3=0x0
[padread:trace] n=62 port=0 slot=0 data=0x01eb1de0 ok=1 buttons=0xffff rx=124 ry=125 lx=140 ly=126 mode=0x73 override=0 backend=1
[frame:upload] idx=108 tick=111 displayFbp=0 sourceFbp=0 size=640x224 preferred=0
[frame:upload] idx=109 tick=112 displayFbp=0 sourceFbp=0 size=640x224 preferred=0
[run:tick] tick=4920 pc=0x201000 ra=0x201000 sp=0x1ec1f10 gp=0x3b47f0 dispfb1=0x11400 display1=0xdf27f000202a4 activeThreads=3 dma=758 gif=592 gsw=0 vif=110
[sceDmaSend] ch=0x10009000 madr=0x0 qwc=0x0 tadr=0x1ec1f80 chcr=0x185
[sceDmaSend:head] ch=0x10009000 tagQwc=0x3bd id=0x3 irq=0x0 addr=0x2eeff0 w2=0x0 w3=0x0
[padread:trace] n=63 port=0 slot=0 data=0x01eb1de0 ok=1 buttons=0xffff rx=124 ry=125 lx=140 ly=126 mode=0x73 override=0 backend=1
[frame:upload] idx=110 tick=113 displayFbp=0 sourceFbp=0 size=640x224 preferred=0
[frame:upload] idx=111 tick=114 displayFbp=0 sourceFbp=0 size=640x224 preferred=0
[sceDmaSend] ch=0x10009000 madr=0x0 qwc=0x0 tadr=0x100000 chcr=0x185
[sceDmaSend:head] ch=0x10009000 tagQwc=0x3bd id=0x3 irq=0x0 addr=0x2eeff0 w2=0x0 w3=0x0
[padread:trace] n=64 port=0 slot=0 data=0x01eb1de0 ok=1 buttons=0xbfff rx=124 ry=125 lx=140 ly=126 mode=0x73 override=0 backend=1
[padread] port=0 slot=0 data2=0xff data3=0xbf guestButtons=0x0040 enter=0 gamepadStart=0
[frame:upload] idx=112 tick=115 displayFbp=0 sourceFbp=0 size=640x224 preferred=0
[frame:upload] idx=113 tick=116 displayFbp=0 sourceFbp=0 size=640x224 preferred=0
[run:tick] tick=5040 pc=0x201000 ra=0x201000 sp=0x1ec1f10 gp=0x3b47f0 dispfb1=0x11400 display1=0xdf27f000202a4 activeThreads=3 dma=764 gif=592 gsw=0 vif=114
[sceDmaSend] ch=0x10009000 madr=0x0 qwc=0x0 tadr=0x1ec1f80 chcr=0x185
[sceDmaSend:head] ch=0x10009000 tagQwc=0x3bd id=0x3 irq=0x0 addr=0x2eeff0 w2=0x0 w3=0x0
[padread:trace] n=65 port=0 slot=0 data=0x01eb1de0 ok=1 buttons=0xffff rx=124 ry=125 lx=140 ly=126 mode=0x73 override=0 backend=1
[frame:upload] idx=114 tick=117 displayFbp=0 sourceFbp=0 size=640x224 preferred=0
[frame:upload] idx=115 tick=118 displayFbp=0 sourceFbp=0 size=640x224 preferred=0
[TS:state] tag=watch elapsed=90.1338 pc=0x2d0048 local_players=1 active_characters=0 player=0x1de1850 prop=0x0 prop_valid=0 health=0 mcseq_state=1 mcard_state=0 mcard_result=1 mcard_port=4294967295 mcard_slot=4294967295 checkcards={port=4294967295,slot=4294967295,type=4294967295,free=4294967295,format=4294967295} mkdir_overwriteok=0 menu_selection=0 mcseq_globals=[0x0,0x0,0x0,0x0,0x0] mc_last_cmd=0 mc_last_result=0 mc_last_port=0 mc_last_slot=0 mc_last_flags=0x0 mc_last_raw='' mc_last_guest='' mc_last_host='' mc_open_files=0 mc0={fmt=1,cwd='/'} mc1={fmt=1,cwd='/'} current_front=0x352da0 current_front_index=0 current_front_words=[0x0,0x1fc01d0,0x1fbd1d0,0x0,0x0,0x1,0x0,0x0,0x0,0x0,0x0] current_front_f14=0x1 current_front_f18=0x0 current_front_f1c=0x0 current_page=0x1fc01e0[0x0,0x0,0x0,0x0] current_page_boxbase=0x0 current_page_boxcount=0 current_front_boxbase=0x1fbd1d0 dma=767 gif=592 vif=116 front0={v0=0x0 f14=0x1 f18=0x0 f1c=0x0} front1={v0=0x1 f14=0x0 f18=0x0 f1c=0x0} front2={v0=0x2 f14=0x0 f18=0x0 f1c=0x0} front3={v0=0x3 f14=0x0 f18=0x0 f1c=0x0}
[sceDmaSend] ch=0x10009000 madr=0x0 qwc=0x0 tadr=0x100000 chcr=0x185
[sceDmaSend:head] ch=0x10009000 tagQwc=0x3bd id=0x3 irq=0x0 addr=0x2eeff0 w2=0x0 w3=0x0
[padread:trace] n=66 port=0 slot=0 data=0x01eb1de0 ok=1 buttons=0xffff rx=124 ry=125 lx=140 ly=126 mode=0x73 override=0 backend=1
[frame:upload] idx=116 tick=119 displayFbp=0 sourceFbp=0 size=640x224 preferred=0
[frame:upload] idx=117 tick=120 displayFbp=0 sourceFbp=0 size=640x224 preferred=0
[run:tick] tick=5160 pc=0x201000 ra=0x201000 sp=0x1ec1f10 gp=0x3b47f0 dispfb1=0x11400 display1=0xdf27f000202a4 activeThreads=3 dma=770 gif=592 gsw=0 vif=118
[sceDmaSend] ch=0x10009000 madr=0x0 qwc=0x0 tadr=0x1ec1f80 chcr=0x185
[sceDmaSend:head] ch=0x10009000 tagQwc=0x3bd id=0x3 irq=0x0 addr=0x2eeff0 w2=0x0 w3=0x0
[padread:trace] n=67 port=0 slot=0 data=0x01eb1de0 ok=1 buttons=0xffff rx=124 ry=125 lx=140 ly=126 mode=0x73 override=0 backend=1
[frame:upload] idx=118 tick=121 displayFbp=0 sourceFbp=0 size=640x224 preferred=0
[frame:upload] idx=119 tick=122 displayFbp=0 sourceFbp=0 size=640x224 preferred=0
[sceDmaSend] ch=0x10009000 madr=0x0 qwc=0x0 tadr=0x100000 chcr=0x185
[sceDmaSend:head] ch=0x10009000 tagQwc=0x3bd id=0x3 irq=0x0 addr=0x2eeff0 w2=0x0 w3=0x0
[padread:trace] n=68 port=0 slot=0 data=0x01eb1de0 ok=1 buttons=0xffff rx=124 ry=125 lx=140 ly=126 mode=0x73 override=0 backend=1
[frame:upload] idx=120 tick=123 displayFbp=0 sourceFbp=0 size=640x224 preferred=0
[frame:upload] idx=121 tick=124 displayFbp=0 sourceFbp=0 size=640x224 preferred=0
[run:tick] tick=5280 pc=0x201000 ra=0x201000 sp=0x1ec1f10 gp=0x3b47f0 dispfb1=0x11400 display1=0xdf27f000202a4 activeThreads=3 dma=776 gif=592 gsw=0 vif=122
[sceDmaSend] ch=0x10009000 madr=0x0 qwc=0x0 tadr=0x1ec1f80 chcr=0x185
[sceDmaSend:head] ch=0x10009000 tagQwc=0x3bd id=0x3 irq=0x0 addr=0x2eeff0 w2=0x0 w3=0x0
[padread:trace] n=69 port=0 slot=0 data=0x01eb1de0 ok=1 buttons=0xffff rx=124 ry=125 lx=140 ly=126 mode=0x73 override=0 backend=1
[frame:upload] idx=122 tick=125 displayFbp=0 sourceFbp=0 size=640x224 preferred=0
[frame:upload] idx=123 tick=126 displayFbp=0 sourceFbp=0 size=640x224 preferred=0
[sceDmaSend] ch=0x10009000 madr=0x0 qwc=0x0 tadr=0x100000 chcr=0x185
[sceDmaSend:head] ch=0x10009000 tagQwc=0x3bd id=0x3 irq=0x0 addr=0x2eeff0 w2=0x0 w3=0x0
[run:tick] tick=5400 pc=0x200e7c ra=0x200e7c sp=0x1eb1ee0 gp=0x3b47f0 dispfb1=0x11400 display1=0xdf27f000202a4 activeThreads=3 dma=779 gif=592 gsw=0 vif=124
[padread:trace] n=70 port=0 slot=0 data=0x01eb1de0 ok=1 buttons=0xffff rx=124 ry=125 lx=140 ly=126 mode=0x73 override=0 backend=1
[frame:upload] idx=124 tick=127 displayFbp=0 sourceFbp=0 size=640x224 preferred=0
[frame:upload] idx=125 tick=128 displayFbp=0 sourceFbp=0 size=640x224 preferred=0
[padread:trace] n=71 port=0 slot=0 data=0x01eb1de0 ok=1 buttons=0xffff rx=124 ry=125 lx=140 ly=126 mode=0x73 override=0 backend=1
[frame:upload] idx=126 tick=129 displayFbp=0 sourceFbp=0 size=640x224 preferred=0
[frame:upload] idx=127 tick=130 displayFbp=0 sourceFbp=0 size=640x224 preferred=0
[run:tick] tick=5520 pc=0x201000 ra=0x201000 sp=0x1ec1f10 gp=0x3b47f0 dispfb1=0x11400 display1=0xdf27f000202a4 activeThreads=3 dma=785 gif=592 gsw=0 vif=128
[padread:trace] n=72 port=0 slot=0 data=0x01eb1de0 ok=1 buttons=0xffff rx=124 ry=125 lx=140 ly=126 mode=0x73 override=0 backend=1
[padread:trace] n=73 port=0 slot=0 data=0x01eb1de0 ok=1 buttons=0xffff rx=124 ry=125 lx=140 ly=126 mode=0x73 override=0 backend=1
[run:tick] tick=5640 pc=0x201000 ra=0x201000 sp=0x1ec1f10 gp=0x3b47f0 dispfb1=0x11400 display1=0xdf27f000202a4 activeThreads=3 dma=791 gif=592 gsw=0 vif=132
[padread:trace] n=74 port=0 slot=0 data=0x01eb1de0 ok=1 buttons=0xffff rx=124 ry=125 lx=140 ly=126 mode=0x73 override=0 backend=1
[TS:state] tag=watch elapsed=100.15 pc=0x2d0048 local_players=1 active_characters=0 player=0x1de1850 prop=0x0 prop_valid=0 health=0 mcseq_state=1 mcard_state=0 mcard_result=1 mcard_port=4294967295 mcard_slot=4294967295 checkcards={port=4294967295,slot=4294967295,type=4294967295,free=4294967295,format=4294967295} mkdir_overwriteok=0 menu_selection=0 mcseq_globals=[0x0,0x0,0x0,0x0,0x0] mc_last_cmd=0 mc_last_result=0 mc_last_port=0 mc_last_slot=0 mc_last_flags=0x0 mc_last_raw='' mc_last_guest='' mc_last_host='' mc_open_files=0 mc0={fmt=1,cwd='/'} mc1={fmt=1,cwd='/'} current_front=0x352da0 current_front_index=0 current_front_words=[0x0,0x1fc01d0,0x1fbd1d0,0x0,0x0,0x1,0x0,0x0,0x0,0x0,0x0] current_front_f14=0x1 current_front_f18=0x0 current_front_f1c=0x0 current_page=0x1fc01e0[0x0,0x0,0x0,0x0] current_page_boxbase=0x0 current_page_boxcount=0 current_front_boxbase=0x1fbd1d0 dma=794 gif=592 vif=134 front0={v0=0x0 f14=0x1 f18=0x0 f1c=0x0} front1={v0=0x1 f14=0x0 f18=0x0 f1c=0x0} front2={v0=0x2 f14=0x0 f18=0x0 f1c=0x0} front3={v0=0x3 f14=0x0 f18=0x0 f1c=0x0}
[padread:trace] n=75 port=0 slot=0 data=0x01eb1de0 ok=1 buttons=0xffff rx=124 ry=125 lx=140 ly=126 mode=0x73 override=0 backend=1
[run:tick] tick=5760 pc=0x201000 ra=0x201000 sp=0x1ec1f10 gp=0x3b47f0 dispfb1=0x11400 display1=0xdf27f000202a4 activeThreads=3 dma=797 gif=592 gsw=0 vif=136
[padread:trace] n=76 port=0 slot=0 data=0x01eb1de0 ok=1 buttons=0xffff rx=124 ry=125 lx=140 ly=126 mode=0x73 override=0 backend=1
[padread:trace] n=77 port=0 slot=0 data=0x01eb1de0 ok=1 buttons=0xffff rx=124 ry=125 lx=140 ly=126 mode=0x73 override=0 backend=1
[run:tick] tick=5880 pc=0x201000 ra=0x201000 sp=0x1ec1f10 gp=0x3b47f0 dispfb1=0x11400 display1=0xdf27f000202a4 activeThreads=3 dma=803 gif=592 gsw=0 vif=140
[padread:trace] n=78 port=0 slot=0 data=0x01eb1de0 ok=1 buttons=0xffff rx=124 ry=125 lx=140 ly=126 mode=0x73 override=0 backend=1
[run:tick] tick=6000 pc=0x201000 ra=0x201000 sp=0x1ec1f10 gp=0x3b47f0 dispfb1=0x11400 display1=0xdf27f000202a4 activeThreads=3 dma=806 gif=592 gsw=0 vif=142
[padread:trace] n=79 port=0 slot=0 data=0x01eb1de0 ok=1 buttons=0xffff rx=124 ry=125 lx=140 ly=126 mode=0x73 override=0 backend=1
[padread:trace] n=80 port=0 slot=0 data=0x01eb1de0 ok=1 buttons=0xffff rx=124 ry=125 lx=140 ly=126 mode=0x73 override=0 backend=1
[run:tick] tick=6120 pc=0x201000 ra=0x201000 sp=0x1ec1f10 gp=0x3b47f0 dispfb1=0x11400 display1=0xdf27f000202a4 activeThreads=3 dma=812 gif=592 gsw=0 vif=146
[padread:trace] n=81 port=0 slot=0 data=0x01eb1de0 ok=1 buttons=0xffff rx=124 ry=125 lx=140 ly=126 mode=0x73 override=0 backend=1
[padread:trace] n=82 port=0 slot=0 data=0x01eb1de0 ok=1 buttons=0xffff rx=124 ry=125 lx=140 ly=126 mode=0x73 override=0 backend=1
[padread:trace] n=83 port=0 slot=0 data=0x01eb1de0 ok=1 buttons=0xffff rx=124 ry=125 lx=140 ly=126 mode=0x73 override=0 backend=1
[run:tick] tick=6240 pc=0x200f64 ra=0x200f64 sp=0x1ec1f10 gp=0x3b47f0 dispfb1=0x11400 display1=0xdf27f000202a4 activeThreads=3 dma=819 gif=592 gsw=0 vif=150
[padread:trace] n=84 port=0 slot=0 data=0x01eb1de0 ok=1 buttons=0xffff rx=124 ry=125 lx=140 ly=126 mode=0x73 override=0 backend=1
[TS:state] tag=watch elapsed=110.166 pc=0x2d0048 local_players=1 active_characters=0 player=0x1de1850 prop=0x0 prop_valid=0 health=0 mcseq_state=1 mcard_state=0 mcard_result=1 mcard_port=4294967295 mcard_slot=4294967295 checkcards={port=4294967295,slot=4294967295,type=4294967295,free=4294967295,format=4294967295} mkdir_overwriteok=0 menu_selection=0 mcseq_globals=[0x0,0x0,0x0,0x0,0x0] mc_last_cmd=0 mc_last_result=0 mc_last_port=0 mc_last_slot=0 mc_last_flags=0x0 mc_last_raw='' mc_last_guest='' mc_last_host='' mc_open_files=0 mc0={fmt=1,cwd='/'} mc1={fmt=1,cwd='/'} current_front=0x352da0 current_front_index=0 current_front_words=[0x0,0x1fc01d0,0x1fbd1d0,0x0,0x0,0x1,0x0,0x0,0x0,0x0,0x0] current_front_f14=0x1 current_front_f18=0x0 current_front_f1c=0x0 current_page=0x1fc01e0[0x0,0x0,0x0,0x0] current_page_boxbase=0x0 current_page_boxcount=0 current_front_boxbase=0x1fbd1d0 dma=824 gif=592 vif=154 front0={v0=0x0 f14=0x1 f18=0x0 f1c=0x0} front1={v0=0x1 f14=0x0 f18=0x0 f1c=0x0} front2={v0=0x2 f14=0x0 f18=0x0 f1c=0x0} front3={v0=0x3 f14=0x0 f18=0x0 f1c=0x0}
[padread:trace] n=85 port=0 slot=0 data=0x01eb1de0 ok=1 buttons=0xffff rx=124 ry=125 lx=140 ly=126 mode=0x73 override=0 backend=1
[run:tick] tick=6360 pc=0x201000 ra=0x201000 sp=0x1ec1f10 gp=0x3b47f0 dispfb1=0x11400 display1=0xdf27f000202a4 activeThreads=3 dma=827 gif=592 gsw=0 vif=156
[padread:trace] n=86 port=0 slot=0 data=0x01eb1de0 ok=1 buttons=0xffff rx=124 ry=125 lx=140 ly=126 mode=0x73 override=0 backend=1
[padread:trace] n=87 port=0 slot=0 data=0x01eb1de0 ok=1 buttons=0xffff rx=124 ry=125 lx=140 ly=126 mode=0x73 override=0 backend=1
[run:tick] tick=6480 pc=0x201000 ra=0x201000 sp=0x1ec1f10 gp=0x3b47f0 dispfb1=0x11400 display1=0xdf27f000202a4 activeThreads=3 dma=833 gif=592 gsw=0 vif=160
[padread:trace] n=88 port=0 slot=0 data=0x01eb1de0 ok=1 buttons=0xffff rx=124 ry=125 lx=140 ly=126 mode=0x73 override=0 backend=1
[padread:trace] n=89 port=0 slot=0 data=0x01eb1de0 ok=1 buttons=0xffff rx=124 ry=125 lx=140 ly=126 mode=0x73 override=0 backend=1
[run:tick] tick=6600 pc=0x201000 ra=0x201000 sp=0x1ec1f10 gp=0x3b47f0 dispfb1=0x11400 display1=0xdf27f000202a4 activeThreads=3 dma=839 gif=592 gsw=0 vif=164
[padread:trace] n=90 port=0 slot=0 data=0x01eb1de0 ok=1 buttons=0xffff rx=124 ry=125 lx=140 ly=126 mode=0x73 override=0 backend=1
[padread:trace] n=91 port=0 slot=0 data=0x01eb1de0 ok=1 buttons=0xffff rx=124 ry=125 lx=140 ly=126 mode=0x73 override=0 backend=1
[run:tick] tick=6720 pc=0x201000 ra=0x201000 sp=0x1ec1f10 gp=0x3b47f0 dispfb1=0x11400 display1=0xdf27f000202a4 activeThreads=3 dma=845 gif=592 gsw=0 vif=168
[padread:trace] n=92 port=0 slot=0 data=0x01eb1de0 ok=1 buttons=0xffff rx=124 ry=125 lx=140 ly=126 mode=0x73 override=0 backend=1
[padread:trace] n=93 port=0 slot=0 data=0x01eb1de0 ok=1 buttons=0xffff rx=124 ry=125 lx=140 ly=126 mode=0x73 override=0 backend=1
[run:tick] tick=6840 pc=0x201000 ra=0x201000 sp=0x1ec1f10 gp=0x3b47f0 dispfb1=0x11400 display1=0xdf27f000202a4 activeThreads=3 dma=851 gif=592 gsw=0 vif=172
[padread:trace] n=94 port=0 slot=0 data=0x01eb1de0 ok=1 buttons=0xffff rx=124 ry=125 lx=140 ly=126 mode=0x73 override=0 backend=1
[TS:state] tag=watch elapsed=120.169 pc=0x2d0048 local_players=1 active_characters=0 player=0x1de1850 prop=0x0 prop_valid=0 health=0 mcseq_state=1 mcard_state=0 mcard_result=1 mcard_port=4294967295 mcard_slot=4294967295 checkcards={port=4294967295,slot=4294967295,type=4294967295,free=4294967295,format=4294967295} mkdir_overwriteok=0 menu_selection=0 mcseq_globals=[0x0,0x0,0x0,0x0,0x0] mc_last_cmd=0 mc_last_result=0 mc_last_port=0 mc_last_slot=0 mc_last_flags=0x0 mc_last_raw='' mc_last_guest='' mc_last_host='' mc_open_files=0 mc0={fmt=1,cwd='/'} mc1={fmt=1,cwd='/'} current_front=0x352da0 current_front_index=0 current_front_words=[0x0,0x1fc01d0,0x1fbd1d0,0x0,0x0,0x1,0x0,0x0,0x0,0x0,0x0] current_front_f14=0x1 current_front_f18=0x0 current_front_f1c=0x0 current_page=0x1fc01e0[0x0,0x0,0x0,0x0] current_page_boxbase=0x0 current_page_boxcount=0 current_front_boxbase=0x1fbd1d0 dma=854 gif=592 vif=174 front0={v0=0x0 f14=0x1 f18=0x0 f1c=0x0} front1={v0=0x1 f14=0x0 f18=0x0 f1c=0x0} front2={v0=0x2 f14=0x0 f18=0x0 f1c=0x0} front3={v0=0x3 f14=0x0 f18=0x0 f1c=0x0}
[padread:trace] n=95 port=0 slot=0 data=0x01eb1de0 ok=1 buttons=0xffff rx=124 ry=125 lx=140 ly=126 mode=0x73 override=0 backend=1
[run:tick] tick=6960 pc=0x201000 ra=0x201000 sp=0x1ec1f10 gp=0x3b47f0 dispfb1=0x11400 display1=0xdf27f000202a4 activeThreads=3 dma=857 gif=592 gsw=0 vif=176
[padread:trace] n=96 port=0 slot=0 data=0x01eb1de0 ok=1 buttons=0xffff rx=124 ry=125 lx=140 ly=126 mode=0x73 override=0 backend=1
[padread:trace] n=97 port=0 slot=0 data=0x01eb1de0 ok=1 buttons=0xffff rx=124 ry=125 lx=140 ly=126 mode=0x73 override=0 backend=1
[run:tick] tick=7080 pc=0x200f64 ra=0x200f64 sp=0x1ec1f10 gp=0x3b47f0 dispfb1=0x11400 display1=0xdf27f000202a4 activeThreads=3 dma=861 gif=592 gsw=0 vif=178
[padread:trace] n=98 port=0 slot=0 data=0x01eb1de0 ok=1 buttons=0xffff rx=124 ry=125 lx=140 ly=126 mode=0x73 override=0 backend=1
[padread:trace] n=99 port=0 slot=0 data=0x01eb1de0 ok=1 buttons=0xffff rx=124 ry=125 lx=140 ly=126 mode=0x73 override=0 backend=1
[run:tick] tick=7200 pc=0x201000 ra=0x201000 sp=0x1ec1f10 gp=0x3b47f0 dispfb1=0x11400 display1=0xdf27f000202a4 activeThreads=3 dma=869 gif=592 gsw=0 vif=184
[padread:trace] n=100 port=0 slot=0 data=0x01eb1de0 ok=1 buttons=0xffff rx=124 ry=125 lx=140 ly=126 mode=0x73 override=0 backend=1
[padread:trace] n=101 port=0 slot=0 data=0x01eb1de0 ok=1 buttons=0xffff rx=124 ry=125 lx=140 ly=126 mode=0x73 override=0 backend=1
[run:tick] tick=7320 pc=0x201000 ra=0x201000 sp=0x1ec1f10 gp=0x3b47f0 dispfb1=0x11400 display1=0xdf27f000202a4 activeThreads=3 dma=875 gif=592 gsw=0 vif=188
[padread:trace] n=102 port=0 slot=0 data=0x01eb1de0 ok=1 buttons=0xffff rx=124 ry=125 lx=140 ly=126 mode=0x73 override=0 backend=1
[padread:trace] n=103 port=0 slot=0 data=0x01eb1de0 ok=1 buttons=0xffff rx=124 ry=125 lx=140 ly=126 mode=0x73 override=0 backend=1
[run:tick] tick=7440 pc=0x201000 ra=0x201000 sp=0x1ec1f10 gp=0x3b47f0 dispfb1=0x11400 display1=0xdf27f000202a4 activeThreads=3 dma=881 gif=592 gsw=0 vif=192
[padread:trace] n=104 port=0 slot=0 data=0x01eb1de0 ok=1 buttons=0xffff rx=124 ry=125 lx=140 ly=126 mode=0x73 override=0 backend=1
[TS:state] tag=watch elapsed=130.189 pc=0x2d0048 local_players=1 active_characters=0 player=0x1de1850 prop=0x0 prop_valid=0 health=0 mcseq_state=1 mcard_state=0 mcard_result=1 mcard_port=4294967295 mcard_slot=4294967295 checkcards={port=4294967295,slot=4294967295,type=4294967295,free=4294967295,format=4294967295} mkdir_overwriteok=0 menu_selection=0 mcseq_globals=[0x0,0x0,0x0,0x0,0x0] mc_last_cmd=0 mc_last_result=0 mc_last_port=0 mc_last_slot=0 mc_last_flags=0x0 mc_last_raw='' mc_last_guest='' mc_last_host='' mc_open_files=0 mc0={fmt=1,cwd='/'} mc1={fmt=1,cwd='/'} current_front=0x352da0 current_front_index=0 current_front_words=[0x0,0x1fc01d0,0x1fbd1d0,0x0,0x0,0x1,0x0,0x0,0x0,0x0,0x0] current_front_f14=0x1 current_front_f18=0x0 current_front_f1c=0x0 current_page=0x1fc01e0[0x0,0x0,0x0,0x0] current_page_boxbase=0x0 current_page_boxcount=0 current_front_boxbase=0x1fbd1d0 dma=884 gif=592 vif=194 front0={v0=0x0 f14=0x1 f18=0x0 f1c=0x0} front1={v0=0x1 f14=0x0 f18=0x0 f1c=0x0} front2={v0=0x2 f14=0x0 f18=0x0 f1c=0x0} front3={v0=0x3 f14=0x0 f18=0x0 f1c=0x0}
[padread:trace] n=105 port=0 slot=0 data=0x01eb1de0 ok=1 buttons=0xffff rx=124 ry=125 lx=140 ly=126 mode=0x73 override=0 backend=1
[run:tick] tick=7560 pc=0x201000 ra=0x201000 sp=0x1ec1f10 gp=0x3b47f0 dispfb1=0x11400 display1=0xdf27f000202a4 activeThreads=3 dma=887 gif=592 gsw=0 vif=196
[padread:trace] n=106 port=0 slot=0 data=0x01eb1de0 ok=1 buttons=0xffff rx=124 ry=125 lx=140 ly=126 mode=0x73 override=0 backend=1
[padread:trace] n=107 port=0 slot=0 data=0x01eb1de0 ok=1 buttons=0xffff rx=124 ry=125 lx=140 ly=126 mode=0x73 override=0 backend=1
[run:tick] tick=7680 pc=0x201000 ra=0x201000 sp=0x1ec1f10 gp=0x3b47f0 dispfb1=0x11400 display1=0xdf27f000202a4 activeThreads=3 dma=893 gif=592 gsw=0 vif=200
[padread:trace] n=108 port=0 slot=0 data=0x01eb1de0 ok=1 buttons=0xffff rx=124 ry=125 lx=140 ly=126 mode=0x73 override=0 backend=1
[padread:trace] n=109 port=0 slot=0 data=0x01eb1de0 ok=1 buttons=0xffff rx=124 ry=125 lx=140 ly=126 mode=0x73 override=0 backend=1
[run:tick] tick=7800 pc=0x201000 ra=0x201000 sp=0x1ec1f10 gp=0x3b47f0 dispfb1=0x11400 display1=0xdf27f000202a4 activeThreads=3 dma=899 gif=592 gsw=0 vif=204
[padread:trace] n=110 port=0 slot=0 data=0x01eb1de0 ok=1 buttons=0xffff rx=124 ry=125 lx=140 ly=126 mode=0x73 override=0 backend=1
[padread:trace] n=111 port=0 slot=0 data=0x01eb1de0 ok=1 buttons=0xffff rx=124 ry=125 lx=140 ly=126 mode=0x73 override=0 backend=1
[run:tick] tick=7920 pc=0x201000 ra=0x201000 sp=0x1ec1f10 gp=0x3b47f0 dispfb1=0x11400 display1=0xdf27f000202a4 activeThreads=3 dma=905 gif=592 gsw=0 vif=208
[padread:trace] n=112 port=0 slot=0 data=0x01eb1de0 ok=1 buttons=0xffff rx=124 ry=125 lx=140 ly=126 mode=0x73 override=0 backend=1
[padread:trace] n=113 port=0 slot=0 data=0x01eb1de0 ok=1 buttons=0xffff rx=124 ry=125 lx=140 ly=126 mode=0x73 override=0 backend=1
[run:tick] tick=8040 pc=0x201000 ra=0x201000 sp=0x1ec1f10 gp=0x3b47f0 dispfb1=0x11400 display1=0xdf27f000202a4 activeThreads=3 dma=911 gif=592 gsw=0 vif=212
[padread:trace] n=114 port=0 slot=0 data=0x01eb1de0 ok=1 buttons=0xffff rx=124 ry=125 lx=140 ly=126 mode=0x73 override=0 backend=1
[TS:state] tag=watch elapsed=140.189 pc=0x2d0048 local_players=1 active_characters=0 player=0x1de1850 prop=0x0 prop_valid=0 health=0 mcseq_state=1 mcard_state=0 mcard_result=1 mcard_port=4294967295 mcard_slot=4294967295 checkcards={port=4294967295,slot=4294967295,type=4294967295,free=4294967295,format=4294967295} mkdir_overwriteok=0 menu_selection=0 mcseq_globals=[0x0,0x0,0x0,0x0,0x0] mc_last_cmd=0 mc_last_result=0 mc_last_port=0 mc_last_slot=0 mc_last_flags=0x0 mc_last_raw='' mc_last_guest='' mc_last_host='' mc_open_files=0 mc0={fmt=1,cwd='/'} mc1={fmt=1,cwd='/'} current_front=0x352da0 current_front_index=0 current_front_words=[0x0,0x1fc01d0,0x1fbd1d0,0x0,0x0,0x1,0x0,0x0,0x0,0x0,0x0] current_front_f14=0x1 current_front_f18=0x0 current_front_f1c=0x0 current_page=0x1fc01e0[0x0,0x0,0x0,0x0] current_page_boxbase=0x0 current_page_boxcount=0 current_front_boxbase=0x1fbd1d0 dma=914 gif=592 vif=214 front0={v0=0x0 f14=0x1 f18=0x0 f1c=0x0} front1={v0=0x1 f14=0x0 f18=0x0 f1c=0x0} front2={v0=0x2 f14=0x0 f18=0x0 f1c=0x0} front3={v0=0x3 f14=0x0 f18=0x0 f1c=0x0}
[padread:trace] n=115 port=0 slot=0 data=0x01eb1de0 ok=1 buttons=0xbfff rx=124 ry=125 lx=140 ly=126 mode=0x73 override=0 backend=1
[padread] port=0 slot=0 data2=0xff data3=0xbf guestButtons=0x0040 enter=0 gamepadStart=0
[run:tick] tick=8160 pc=0x201000 ra=0x201000 sp=0x1ec1f10 gp=0x3b47f0 dispfb1=0x11400 display1=0xdf27f000202a4 activeThreads=3 dma=917 gif=592 gsw=0 vif=216
[padread:trace] n=116 port=0 slot=0 data=0x01eb1de0 ok=1 buttons=0xffff rx=124 ry=125 lx=140 ly=126 mode=0x73 override=0 backend=1
[padread:trace] n=117 port=0 slot=0 data=0x01eb1de0 ok=1 buttons=0xffff rx=124 ry=125 lx=140 ly=126 mode=0x73 override=0 backend=1
[run:tick] tick=8280 pc=0x201000 ra=0x201000 sp=0x1ec1f10 gp=0x3b47f0 dispfb1=0x11400 display1=0xdf27f000202a4 activeThreads=3 dma=923 gif=592 gsw=0 vif=220
[padread:trace] n=118 port=0 slot=0 data=0x01eb1de0 ok=1 buttons=0xffff rx=124 ry=125 lx=140 ly=126 mode=0x73 override=0 backend=1
[padread:trace] n=119 port=0 slot=0 data=0x01eb1de0 ok=1 buttons=0xffff rx=124 ry=125 lx=140 ly=126 mode=0x73 override=0 backend=1
[run:tick] tick=8400 pc=0x201000 ra=0x201000 sp=0x1ec1f10 gp=0x3b47f0 dispfb1=0x11400 display1=0xdf27f000202a4 activeThreads=3 dma=929 gif=592 gsw=0 vif=224
[padread:trace] n=120 port=0 slot=0 data=0x01eb1de0 ok=1 buttons=0xffff rx=124 ry=125 lx=140 ly=126 mode=0x73 override=0 backend=1
[padread:trace] n=121 port=0 slot=0 data=0x01eb1de0 ok=1 buttons=0xffff rx=124 ry=125 lx=140 ly=126 mode=0x73 override=0 backend=1
[padread:trace] n=122 port=0 slot=0 data=0x01eb1de0 ok=1 buttons=0xffff rx=124 ry=125 lx=140 ly=126 mode=0x73 override=0 backend=1
[run:tick] tick=8520 pc=0x201000 ra=0x201000 sp=0x1ec1f10 gp=0x3b47f0 dispfb1=0x11400 display1=0xdf27f000202a4 activeThreads=3 dma=938 gif=592 gsw=0 vif=230
[padread:trace] n=123 port=0 slot=0 data=0x01eb1de0 ok=1 buttons=0xffff rx=124 ry=125 lx=140 ly=126 mode=0x73 override=0 backend=1
[padread:trace] n=124 port=0 slot=0 data=0x01eb1de0 ok=1 buttons=0xffff rx=124 ry=125 lx=140 ly=126 mode=0x73 override=0 backend=1
[run:tick] tick=8640 pc=0x201000 ra=0x201000 sp=0x1ec1f10 gp=0x3b47f0 dispfb1=0x11400 display1=0xdf27f000202a4 activeThreads=3 dma=944 gif=592 gsw=0 vif=234
[padread:trace] n=125 port=0 slot=0 data=0x01eb1de0 ok=1 buttons=0xffff rx=124 ry=125 lx=140 ly=126 mode=0x73 override=0 backend=1
[TS:state] tag=watch elapsed=150.205 pc=0x2d0048 local_players=1 active_characters=0 player=0x1de1850 prop=0x0 prop_valid=0 health=0 mcseq_state=1 mcard_state=0 mcard_result=1 mcard_port=4294967295 mcard_slot=4294967295 checkcards={port=4294967295,slot=4294967295,type=4294967295,free=4294967295,format=4294967295} mkdir_overwriteok=0 menu_selection=0 mcseq_globals=[0x0,0x0,0x0,0x0,0x0] mc_last_cmd=0 mc_last_result=0 mc_last_port=0 mc_last_slot=0 mc_last_flags=0x0 mc_last_raw='' mc_last_guest='' mc_last_host='' mc_open_files=0 mc0={fmt=1,cwd='/'} mc1={fmt=1,cwd='/'} current_front=0x352da0 current_front_index=0 current_front_words=[0x0,0x1fc01d0,0x1fbd1d0,0x0,0x0,0x1,0x0,0x0,0x0,0x0,0x0] current_front_f14=0x1 current_front_f18=0x0 current_front_f1c=0x0 current_page=0x1fc01e0[0x0,0x0,0x0,0x0] current_page_boxbase=0x0 current_page_boxcount=0 current_front_boxbase=0x1fbd1d0 dma=947 gif=592 vif=236 front0={v0=0x0 f14=0x1 f18=0x0 f1c=0x0} front1={v0=0x1 f14=0x0 f18=0x0 f1c=0x0} front2={v0=0x2 f14=0x0 f18=0x0 f1c=0x0} front3={v0=0x3 f14=0x0 f18=0x0 f1c=0x0}
[padread:trace] n=126 port=0 slot=0 data=0x01eb1de0 ok=1 buttons=0xffff rx=124 ry=125 lx=140 ly=126 mode=0x73 override=0 backend=1
[run:tick] tick=8760 pc=0x201000 ra=0x201000 sp=0x1ec1f10 gp=0x3b47f0 dispfb1=0x11400 display1=0xdf27f000202a4 activeThreads=3 dma=950 gif=592 gsw=0 vif=238
[padread:trace] n=127 port=0 slot=0 data=0x01eb1de0 ok=1 buttons=0xffff rx=124 ry=125 lx=140 ly=126 mode=0x73 override=0 backend=1
[padread:trace] n=128 port=0 slot=0 data=0x01eb1de0 ok=1 buttons=0xffff rx=124 ry=125 lx=140 ly=126 mode=0x73 override=0 backend=1
[run:tick] tick=8880 pc=0x201000 ra=0x201000 sp=0x1ec1f10 gp=0x3b47f0 dispfb1=0x11400 display1=0xdf27f000202a4 activeThreads=3 dma=956 gif=592 gsw=0 vif=242
[padread:trace] n=129 port=0 slot=0 data=0x01eb1de0 ok=1 buttons=0xffff rx=124 ry=125 lx=140 ly=126 mode=0x73 override=0 backend=1
[padread:trace] n=130 port=0 slot=0 data=0x01eb1de0 ok=1 buttons=0xffff rx=124 ry=125 lx=140 ly=126 mode=0x73 override=0 backend=1
[run:tick] tick=9000 pc=0x201000 ra=0x201000 sp=0x1ec1f10 gp=0x3b47f0 dispfb1=0x11400 display1=0xdf27f000202a4 activeThreads=3 dma=962 gif=592 gsw=0 vif=246
[padread:trace] n=131 port=0 slot=0 data=0x01eb1de0 ok=1 buttons=0xffff rx=124 ry=125 lx=140 ly=126 mode=0x73 override=0 backend=1
[padread:trace] n=132 port=0 slot=0 data=0x01eb1de0 ok=1 buttons=0xbfff rx=124 ry=125 lx=140 ly=126 mode=0x73 override=0 backend=1
[padread] port=0 slot=0 data2=0xff data3=0xbf guestButtons=0x0040 enter=0 gamepadStart=0
[run:tick] tick=9120 pc=0x201000 ra=0x201000 sp=0x1ec1f10 gp=0x3b47f0 dispfb1=0x11400 display1=0xdf27f000202a4 activeThreads=3 dma=968 gif=592 gsw=0 vif=250
[padread:trace] n=133 port=0 slot=0 data=0x01eb1de0 ok=1 buttons=0xffff rx=124 ry=125 lx=140 ly=126 mode=0x73 override=0 backend=1
[padread:trace] n=134 port=0 slot=0 data=0x01eb1de0 ok=1 buttons=0xffff rx=124 ry=125 lx=140 ly=126 mode=0x73 override=0 backend=1
[run:tick] tick=9240 pc=0x201000 ra=0x201000 sp=0x1ec1f10 gp=0x3b47f0 dispfb1=0x11400 display1=0xdf27f000202a4 activeThreads=3 dma=974 gif=592 gsw=0 vif=254
[padread:trace] n=135 port=0 slot=0 data=0x01eb1de0 ok=1 buttons=0xffff rx=124 ry=125 lx=140 ly=126 mode=0x73 override=0 backend=1
[padread:trace] n=136 port=0 slot=0 data=0x01eb1de0 ok=1 buttons=0xffff rx=124 ry=125 lx=140 ly=126 mode=0x73 override=0 backend=1
[TS:state] tag=watch elapsed=160.22 pc=0x2d0048 local_players=1 active_characters=0 player=0x1de1850 prop=0x0 prop_valid=0 health=0 mcseq_state=1 mcard_state=0 mcard_result=1 mcard_port=4294967295 mcard_slot=4294967295 checkcards={port=4294967295,slot=4294967295,type=4294967295,free=4294967295,format=4294967295} mkdir_overwriteok=0 menu_selection=0 mcseq_globals=[0x0,0x0,0x0,0x0,0x0] mc_last_cmd=0 mc_last_result=0 mc_last_port=0 mc_last_slot=0 mc_last_flags=0x0 mc_last_raw='' mc_last_guest='' mc_last_host='' mc_open_files=0 mc0={fmt=1,cwd='/'} mc1={fmt=1,cwd='/'} current_front=0x352da0 current_front_index=0 current_front_words=[0x0,0x1fc01d0,0x1fbd1d0,0x0,0x0,0x1,0x0,0x0,0x0,0x0,0x0] current_front_f14=0x1 current_front_f18=0x0 current_front_f1c=0x0 current_page=0x1fc01e0[0x0,0x0,0x0,0x0] current_page_boxbase=0x0 current_page_boxcount=0 current_front_boxbase=0x1fbd1d0 dma=980 gif=592 vif=258 front0={v0=0x0 f14=0x1 f18=0x0 f1c=0x0} front1={v0=0x1 f14=0x0 f18=0x0 f1c=0x0} front2={v0=0x2 f14=0x0 f18=0x0 f1c=0x0} front3={v0=0x3 f14=0x0 f18=0x0 f1c=0x0}
[run:tick] tick=9360 pc=0x201000 ra=0x201000 sp=0x1ec1f10 gp=0x3b47f0 dispfb1=0x11400 display1=0xdf27f000202a4 activeThreads=3 dma=980 gif=592 gsw=0 vif=258
[padread:trace] n=137 port=0 slot=0 data=0x01eb1de0 ok=1 buttons=0xffff rx=124 ry=125 lx=140 ly=126 mode=0x73 override=0 backend=1
[padread:trace] n=138 port=0 slot=0 data=0x01eb1de0 ok=1 buttons=0xffff rx=124 ry=125 lx=140 ly=126 mode=0x73 override=0 backend=1
[padread:trace] n=139 port=0 slot=0 data=0x01eb1de0 ok=1 buttons=0xffff rx=124 ry=125 lx=140 ly=126 mode=0x73 override=0 backend=1
[run:tick] tick=9480 pc=0x200f64 ra=0x200f64 sp=0x1ec1f10 gp=0x3b47f0 dispfb1=0x11400 display1=0xdf27f000202a4 activeThreads=3 dma=987 gif=592 gsw=0 vif=262
[padread:trace] n=140 port=0 slot=0 data=0x01eb1de0 ok=1 buttons=0xffff rx=124 ry=125 lx=140 ly=126 mode=0x73 override=0 backend=1
[padread:trace] n=141 port=0 slot=0 data=0x01eb1de0 ok=1 buttons=0xffff rx=124 ry=125 lx=140 ly=126 mode=0x73 override=0 backend=1
[run:tick] tick=9600 pc=0x201000 ra=0x201000 sp=0x1ec1f10 gp=0x3b47f0 dispfb1=0x11400 display1=0xdf27f000202a4 activeThreads=3 dma=995 gif=592 gsw=0 vif=268
[padread:trace] n=142 port=0 slot=0 data=0x01eb1de0 ok=1 buttons=0xffff rx=124 ry=125 lx=140 ly=126 mode=0x73 override=0 backend=1
[padread:trace] n=143 port=0 slot=0 data=0x01eb1de0 ok=1 buttons=0xffff rx=124 ry=125 lx=140 ly=126 mode=0x73 override=0 backend=1
[run:tick] tick=9720 pc=0x201000 ra=0x201000 sp=0x1ec1f10 gp=0x3b47f0 dispfb1=0x11400 display1=0xdf27f000202a4 activeThreads=3 dma=1001 gif=592 gsw=0 vif=272
[padread:trace] n=144 port=0 slot=0 data=0x01eb1de0 ok=1 buttons=0xffff rx=124 ry=125 lx=140 ly=126 mode=0x73 override=0 backend=1
[padread:trace] n=145 port=0 slot=0 data=0x01eb1de0 ok=1 buttons=0xffef rx=124 ry=125 lx=140 ly=126 mode=0x73 override=0 backend=1
[padread] port=0 slot=0 data2=0xef data3=0xff guestButtons=0x1000 enter=0 gamepadStart=0
[run:tick] tick=9840 pc=0x201000 ra=0x201000 sp=0x1ec1f10 gp=0x3b47f0 dispfb1=0x11400 display1=0xdf27f000202a4 activeThreads=3 dma=1007 gif=592 gsw=0 vif=276
[padread:trace] n=146 port=0 slot=0 data=0x01eb1de0 ok=1 buttons=0xffff rx=124 ry=125 lx=140 ly=126 mode=0x73 override=0 backend=1
[TS:state] tag=watch elapsed=170.234 pc=0x2d0048 local_players=1 active_characters=0 player=0x1de1850 prop=0x0 prop_valid=0 health=0 mcseq_state=1 mcard_state=0 mcard_result=1 mcard_port=4294967295 mcard_slot=4294967295 checkcards={port=4294967295,slot=4294967295,type=4294967295,free=4294967295,format=4294967295} mkdir_overwriteok=0 menu_selection=0 mcseq_globals=[0x0,0x0,0x0,0x0,0x0] mc_last_cmd=0 mc_last_result=0 mc_last_port=0 mc_last_slot=0 mc_last_flags=0x0 mc_last_raw='' mc_last_guest='' mc_last_host='' mc_open_files=0 mc0={fmt=1,cwd='/'} mc1={fmt=1,cwd='/'} current_front=0x352da0 current_front_index=0 current_front_words=[0x0,0x1fc01d0,0x1fbd1d0,0x0,0x0,0x1,0x0,0x0,0x0,0x0,0x0] current_front_f14=0x1 current_front_f18=0x0 current_front_f1c=0x0 current_page=0x1fc01e0[0x0,0x0,0x0,0x0] current_page_boxbase=0x0 current_page_boxcount=0 current_front_boxbase=0x1fbd1d0 dma=1010 gif=592 vif=278 front0={v0=0x0 f14=0x1 f18=0x0 f1c=0x0} front1={v0=0x1 f14=0x0 f18=0x0 f1c=0x0} front2={v0=0x2 f14=0x0 f18=0x0 f1c=0x0} front3={v0=0x3 f14=0x0 f18=0x0 f1c=0x0}
[padread:trace] n=147 port=0 slot=0 data=0x01eb1de0 ok=1 buttons=0xffff rx=124 ry=125 lx=140 ly=126 mode=0x73 override=0 backend=1
[run:tick] tick=9960 pc=0x201000 ra=0x201000 sp=0x1ec1f10 gp=0x3b47f0 dispfb1=0x11400 display1=0xdf27f000202a4 activeThreads=3 dma=1013 gif=592 gsw=0 vif=280
[padread:trace] n=148 port=0 slot=0 data=0x01eb1de0 ok=1 buttons=0xffff rx=124 ry=125 lx=140 ly=126 mode=0x73 override=0 backend=1
[padread:trace] n=149 port=0 slot=0 data=0x01eb1de0 ok=1 buttons=0xffff rx=124 ry=125 lx=140 ly=126 mode=0x73 override=0 backend=1
[run:tick] tick=10080 pc=0x201000 ra=0x201000 sp=0x1ec1f10 gp=0x3b47f0 dispfb1=0x11400 display1=0xdf27f000202a4 activeThreads=3 dma=1019 gif=592 gsw=0 vif=284
[padread:trace] n=150 port=0 slot=0 data=0x01eb1de0 ok=1 buttons=0xffff rx=124 ry=125 lx=140 ly=126 mode=0x73 override=0 backend=1
[padread:trace] n=151 port=0 slot=0 data=0x01eb1de0 ok=1 buttons=0xffff rx=124 ry=125 lx=140 ly=126 mode=0x73 override=0 backend=1
[run:tick] tick=10200 pc=0x201000 ra=0x201000 sp=0x1ec1f10 gp=0x3b47f0 dispfb1=0x11400 display1=0xdf27f000202a4 activeThreads=3 dma=1025 gif=592 gsw=0 vif=288
[padread:trace] n=152 port=0 slot=0 data=0x01eb1de0 ok=1 buttons=0xbfff rx=124 ry=125 lx=140 ly=126 mode=0x73 override=0 backend=1
[padread] port=0 slot=0 data2=0xff data3=0xbf guestButtons=0x0040 enter=0 gamepadStart=0
[sceSifSetDma:CALL] pc=0x2dd9c8 ra=0x2dd9c8 list=0x1ff2b00 count=1
[sceSifSetDma:DESC] i=0 src=0x1fb19c0 dst=0x16ab00 size=0x40 attr=0x0 pc=0x2dd9c8 ra=0x2dd9c8
[run:tick] tick=10320 pc=0x201000 ra=0x201000 sp=0x1ec1f10 gp=0x3b47f0 dispfb1=0x11400 display1=0xdf27f000202a4 activeThreads=3 dma=1028 gif=592 gsw=0 vif=290
[padread:trace] n=153 port=0 slot=0 data=0x01eb1de0 ok=1 buttons=0xffff rx=124 ry=125 lx=140 ly=126 mode=0x73 override=0 backend=1
[padread:trace] n=154 port=0 slot=0 data=0x01eb1de0 ok=1 buttons=0xffff rx=124 ry=125 lx=140 ly=126 mode=0x73 override=0 backend=1
[run:tick] tick=10440 pc=0x201000 ra=0x201000 sp=0x1ec1f10 gp=0x3b47f0 dispfb1=0x11400 display1=0xdf27f000202a4 activeThreads=3 dma=1034 gif=592 gsw=0 vif=294
[padread:trace] n=155 port=0 slot=0 data=0x01eb1de0 ok=1 buttons=0xffff rx=124 ry=125 lx=140 ly=126 mode=0x73 override=0 backend=1
[padread:trace] n=156 port=0 slot=0 data=0x01eb1de0 ok=1 buttons=0xffff rx=124 ry=125 lx=140 ly=126 mode=0x73 override=0 backend=1
[TS:state] tag=watch elapsed=180.242 pc=0x2d0048 local_players=1 active_characters=0 player=0x1de1850 prop=0x0 prop_valid=0 health=0 mcseq_state=1 mcard_state=0 mcard_result=1 mcard_port=4294967295 mcard_slot=4294967295 checkcards={port=4294967295,slot=4294967295,type=4294967295,free=4294967295,format=4294967295} mkdir_overwriteok=0 menu_selection=0 mcseq_globals=[0x0,0x0,0x0,0x0,0x0] mc_last_cmd=0 mc_last_result=0 mc_last_port=0 mc_last_slot=0 mc_last_flags=0x0 mc_last_raw='' mc_last_guest='' mc_last_host='' mc_open_files=0 mc0={fmt=1,cwd='/'} mc1={fmt=1,cwd='/'} current_front=0x352da0 current_front_index=0 current_front_words=[0x0,0x1fc01d0,0x1fbd1d0,0x0,0x0,0x1,0x0,0x0,0x0,0x0,0x0] current_front_f14=0x1 current_front_f18=0x0 current_front_f1c=0x0 current_page=0x1fc01e0[0x0,0x0,0x0,0x0] current_page_boxbase=0x0 current_page_boxcount=0 current_front_boxbase=0x1fbd1d0 dma=1040 gif=592 vif=298 front0={v0=0x0 f14=0x1 f18=0x0 f1c=0x0} front1={v0=0x1 f14=0x0 f18=0x0 f1c=0x0} front2={v0=0x2 f14=0x0 f18=0x0 f1c=0x0} front3={v0=0x3 f14=0x0 f18=0x0 f1c=0x0}
[padread:trace] n=157 port=0 slot=0 data=0x01eb1de0 ok=1 buttons=0xffff rx=124 ry=125 lx=140 ly=126 mode=0x73 override=0 backend=1
[padread:trace] n=158 port=0 slot=0 data=0x01eb1de0 ok=1 buttons=0xffff rx=124 ry=125 lx=140 ly=126 mode=0x73 override=0 backend=1
[run:tick] tick=10560 pc=0x201000 ra=0x201000 sp=0x1ec1f10 gp=0x3b47f0 dispfb1=0x11400 display1=0xdf27f000202a4 activeThreads=3 dma=1046 gif=592 gsw=0 vif=302
[padread:trace] n=159 port=0 slot=0 data=0x01eb1de0 ok=1 buttons=0xffff rx=124 ry=125 lx=140 ly=126 mode=0x73 override=0 backend=1
[padread:trace] n=160 port=0 slot=0 data=0x01eb1de0 ok=1 buttons=0xffff rx=124 ry=125 lx=140 ly=126 mode=0x73 override=0 backend=1
[padread:trace] n=161 port=0 slot=0 data=0x01eb1de0 ok=1 buttons=0xffff rx=124 ry=125 lx=140 ly=126 mode=0x73 override=0 backend=1
[padread:trace] n=162 port=0 slot=0 data=0x01eb1de0 ok=1 buttons=0xffff rx=124 ry=125 lx=140 ly=126 mode=0x73 override=0 backend=1
[padread:trace] n=163 port=0 slot=0 data=0x01eb1de0 ok=1 buttons=0xffff rx=124 ry=125 lx=140 ly=126 mode=0x73 override=0 backend=1
[run:tick] tick=10680 pc=0x201000 ra=0x201000 sp=0x1ec1f10 gp=0x3b47f0 dispfb1=0x11400 display1=0xdf27f000202a4 activeThreads=3 dma=1061 gif=592 gsw=0 vif=312
[padread:trace] n=164 port=0 slot=0 data=0x01eb1de0 ok=1 buttons=0xffff rx=124 ry=125 lx=140 ly=126 mode=0x73 override=0 backend=1
[padread:trace] n=165 port=0 slot=0 data=0x01eb1de0 ok=1 buttons=0xffff rx=124 ry=125 lx=140 ly=126 mode=0x73 override=0 backend=1
[padread:trace] n=166 port=0 slot=0 data=0x01eb1de0 ok=1 buttons=0xbfff rx=124 ry=125 lx=140 ly=126 mode=0x73 override=0 backend=1
[padread] port=0 slot=0 data2=0xff data3=0xbf guestButtons=0x0040 enter=0 gamepadStart=0
[sceSifSetDma:CALL] pc=0x2dd9c8 ra=0x2dd9c8 list=0x1ff2b00 count=1
[sceSifSetDma:DESC] i=0 src=0x1fb19c0 dst=0x16ab00 size=0x40 attr=0x0 pc=0x2dd9c8 ra=0x2dd9c8
[padread:trace] n=167 port=0 slot=0 data=0x01eb1de0 ok=1 buttons=0xffff rx=124 ry=125 lx=140 ly=126 mode=0x73 override=0 backend=1
[run:tick] tick=10800 pc=0x201000 ra=0x201000 sp=0x1ec1f10 gp=0x3b47f0 dispfb1=0x11400 display1=0xdf27f000202a4 activeThreads=3 dma=1073 gif=592 gsw=0 vif=320
[padread:trace] n=168 port=0 slot=0 data=0x01eb1de0 ok=1 buttons=0xffff rx=124 ry=125 lx=140 ly=126 mode=0x73 override=0 backend=1
[padread:trace] n=169 port=0 slot=0 data=0x01eb1de0 ok=1 buttons=0xffff rx=124 ry=125 lx=140 ly=126 mode=0x73 override=0 backend=1
[padread:trace] n=170 port=0 slot=0 data=0x01eb1de0 ok=1 buttons=0xffff rx=124 ry=125 lx=140 ly=126 mode=0x73 override=0 backend=1
[padread:trace] n=171 port=0 slot=0 data=0x01eb1de0 ok=1 buttons=0xffff rx=124 ry=125 lx=140 ly=126 mode=0x73 override=0 backend=1
[run:tick] tick=10920 pc=0x201000 ra=0x201000 sp=0x1ec1f10 gp=0x3b47f0 dispfb1=0x11400 display1=0xdf27f000202a4 activeThreads=3 dma=1085 gif=592 gsw=0 vif=328
[padread:trace] n=172 port=0 slot=0 data=0x01eb1de0 ok=1 buttons=0xffff rx=124 ry=125 lx=140 ly=126 mode=0x73 override=0 backend=1
[padread:trace] n=173 port=0 slot=0 data=0x01eb1de0 ok=1 buttons=0xfff7 rx=124 ry=125 lx=140 ly=125 mode=0x73 override=0 backend=1
[padread] port=0 slot=0 data2=0xf7 data3=0xff guestButtons=0x0800 enter=0 gamepadStart=1
[padread:trace] n=174 port=0 slot=0 data=0x01eb1de0 ok=1 buttons=0xffbf rx=124 ry=125 lx=140 ly=126 mode=0x73 override=0 backend=1
[padread] port=0 slot=0 data2=0xbf data3=0xff guestButtons=0x4000 enter=0 gamepadStart=0
[padread:trace] n=175 port=0 slot=0 data=0x01eb1de0 ok=1 buttons=0xffff rx=124 ry=125 lx=140 ly=128 mode=0x73 override=0 backend=1
[padread:trace] n=176 port=0 slot=0 data=0x01eb1de0 ok=1 buttons=0xffff rx=124 ry=125 lx=140 ly=127 mode=0x73 override=0 backend=1
[run:tick] tick=11040 pc=0x200e7c ra=0x200e7c sp=0x1eb1ee0 gp=0x3b47f0 dispfb1=0x11400 display1=0xdf27f000202a4 activeThreads=3 dma=1097 gif=592 gsw=0 vif=336
[padread:trace] n=177 port=0 slot=0 data=0x01eb1de0 ok=1 buttons=0xffff rx=124 ry=125 lx=140 ly=127 mode=0x73 override=0 backend=1
[padread:trace] n=178 port=0 slot=0 data=0x01eb1de0 ok=1 buttons=0xffff rx=124 ry=125 lx=140 ly=126 mode=0x73 override=0 backend=1
[TS:state] tag=mcseq-change elapsed=189.931 pc=0x2d0048 local_players=1 active_characters=0 player=0x1de1850 prop=0x0 prop_valid=0 health=0 mcseq_state=4 mcard_state=0 mcard_result=1 mcard_port=4294967295 mcard_slot=4294967295 checkcards={port=4294967295,slot=4294967295,type=4294967295,free=4294967295,format=4294967295} mkdir_overwriteok=0 menu_selection=0 mcseq_globals=[0x1fc0a98,0x0,0x0,0x0,0x0] mc_last_cmd=0 mc_last_result=0 mc_last_port=0 mc_last_slot=0 mc_last_flags=0x0 mc_last_raw='' mc_last_guest='' mc_last_host='' mc_open_files=0 mc0={fmt=1,cwd='/'} mc1={fmt=1,cwd='/'} current_front=0x352da0 current_front_index=0 current_front_words=[0x0,0x1fc01d0,0x1fbd1d0,0x0,0x0,0x1,0x356578,0x1,0x0,0x0,0x0] current_front_f14=0x1 current_front_f18=0x356578 current_front_f1c=0x1 current_page=0x1fc01e0[0x0,0x0,0x0,0x0] current_page_boxbase=0x0 current_page_boxcount=0 current_front_boxbase=0x1fbd1d0 dma=1103 gif=592 vif=340 front0={v0=0x0 f14=0x1 f18=0x356578 f1c=0x1} front1={v0=0x1 f14=0x0 f18=0x0 f1c=0x0} front2={v0=0x2 f14=0x0 f18=0x0 f1c=0x0} front3={v0=0x3 f14=0x0 f18=0x0 f1c=0x0}
[TS:state] tag=watch elapsed=190.26 pc=0x2d0048 local_players=1 active_characters=0 player=0x1de1850 prop=0x0 prop_valid=0 health=0 mcseq_state=4 mcard_state=0 mcard_result=1 mcard_port=4294967295 mcard_slot=4294967295 checkcards={port=4294967295,slot=4294967295,type=4294967295,free=4294967295,format=4294967295} mkdir_overwriteok=0 menu_selection=0 mcseq_globals=[0x1fc0a98,0x0,0x0,0x0,0x0] mc_last_cmd=0 mc_last_result=0 mc_last_port=0 mc_last_slot=0 mc_last_flags=0x0 mc_last_raw='' mc_last_guest='' mc_last_host='' mc_open_files=0 mc0={fmt=1,cwd='/'} mc1={fmt=1,cwd='/'} current_front=0x352da0 current_front_index=0 current_front_words=[0x0,0x1fc01d0,0x1fbd1d0,0x0,0x0,0x1,0x356578,0x1,0x0,0x0,0x0] current_front_f14=0x1 current_front_f18=0x356578 current_front_f1c=0x1 current_page=0x1fc01e0[0x0,0x0,0x0,0x0] current_page_boxbase=0x0 current_page_boxcount=0 current_front_boxbase=0x1fbd1d0 dma=1106 gif=592 vif=342 front0={v0=0x0 f14=0x1 f18=0x356578 f1c=0x1} front1={v0=0x1 f14=0x0 f18=0x0 f1c=0x0} front2={v0=0x2 f14=0x0 f18=0x0 f1c=0x0} front3={v0=0x3 f14=0x0 f18=0x0 f1c=0x0}
[padread:trace] n=179 port=0 slot=0 data=0x01eb1de0 ok=1 buttons=0xffbf rx=124 ry=125 lx=140 ly=122 mode=0x73 override=0 backend=1
[padread] port=0 slot=0 data2=0xbf data3=0xff guestButtons=0x4000 enter=0 gamepadStart=0
[TS:state] tag=mcseq-change elapsed=190.422 pc=0x2d0048 local_players=1 active_characters=0 player=0x1de1850 prop=0x0 prop_valid=0 health=0 mcseq_state=0 mcard_state=3 mcard_result=0 mcard_port=4294967295 mcard_slot=4294967295 checkcards={port=0,slot=0,type=4294967295,free=4294967295,format=4294967295} mkdir_overwriteok=0 menu_selection=0 mcseq_globals=[0x1fc0a98,0x0,0x0,0x0,0x0] mc_last_cmd=0 mc_last_result=0 mc_last_port=0 mc_last_slot=0 mc_last_flags=0x0 mc_last_raw='' mc_last_guest='' mc_last_host='' mc_open_files=0 mc0={fmt=1,cwd='/'} mc1={fmt=1,cwd='/'} current_front=0x352da0 current_front_index=0 current_front_words=[0x0,0x1fc01d0,0x1fbd1d0,0x80,0x0,0x2,0x0,0x1,0x0,0x0,0x0] current_front_f14=0x2 current_front_f18=0x0 current_front_f1c=0x1 current_page=0x1fc01f0[0x0,0x0,0x0,0x0] current_page_boxbase=0x0 current_page_boxcount=0 current_front_boxbase=0x1fbd1d0 dma=1106 gif=592 vif=342 front0={v0=0x0 f14=0x2 f18=0x0 f1c=0x1} front1={v0=0x1 f14=0x0 f18=0x0 f1c=0x0} front2={v0=0x2 f14=0x0 f18=0x0 f1c=0x0} front3={v0=0x3 f14=0x0 f18=0x0 f1c=0x0}
[padread:trace] n=180 port=0 slot=0 data=0x01eb1de0 ok=1 buttons=0xffff rx=124 ry=125 lx=140 ly=122 mode=0x73 override=0 backend=1
[MC] GetInfo port=0 type=2 free=8192 format=1 result=0[TS:state] tag=mcseq-change elapsed=190.916 pc=0x2d0048 local_players=1 active_characters=0 player=0x1de1850 prop=0x0 prop_valid=0 health=0 mcseq_state=0 mcard_state=4 mcard_result=0 mcard_port=4294967295 mcard_slot=4294967295 checkcards={port=0,slot=0,type=2,free=8192,format=1} mkdir_overwriteok=0 menu_selection=0 mcseq_globals=[0x1fc0a98,0x0,0x0,0x0,0x0] mc_last_cmd=1 mc_last_result=0 mc_last_port=0 mc_last_slot=0 mc_last_flags=0x0 mc_last_raw='' mc_last_guest='' mc_last_host='' mc_open_files=0 mc0={fmt=1,cwd='/'} mc1={fmt=1,cwd='/'} current_front=0x352da0 current_front_index=0 current_front_words=[0x0,0x1fc01d0,0x1fbd1d0,0x0,0x0,0x2,0x0,0x1,0x0,0x0,0x0] current_front_f14=0x2 current_front_f18=0x0 current_front_f1c=0x1 current_page=0x1fc01f0[0x0,0x0,0x0,0x0] current_page_boxbase=0x0 current_page_boxcount=0 current_front_boxbase=0x1fbd1d0 dma=1109 gif=592 vif=344 front0={v0=0x0 f14=0x2 f18=0x0 f1c=0x1} front1={v0=0x1 f14=0x0 f18=0x0 f1c=0x0} front2={v0=0x2 f14=0x0 f18=0x0 f1c=0x0} front3={v0=0x3 f14=0x0 f18=0x0 f1c=0x0}
[run:tick] tick=11160 pc=0x201000 ra=0x201000 sp=0x1ec1f10 gp=0x3b47f0 dispfb1=0x11400 display1=0xdf27f000202a4 activeThreads=3 dma=1112 gif=592 gsw=0 vif=346
[padread:trace] n=181 port=0 slot=0 data=0x01eb1de0 ok=1 buttons=0xffff rx=124 ry=125 lx=140 ly=133 mode=0x73 override=0 backend=1
[MC] Sync cmd=1 result=0[TS:state] tag=mcseq-change elapsed=191.428 pc=0x2d0048 local_players=1 active_characters=0 player=0x1de1850 prop=0x0 prop_valid=0 health=0 mcseq_state=0 mcard_state=5 mcard_result=0 mcard_port=4294967295 mcard_slot=4294967295 checkcards={port=0,slot=0,type=2,free=8192,format=1} mkdir_overwriteok=0 menu_selection=0 mcseq_globals=[0x1fc0a98,0x0,0x0,0x0,0x0] mc_last_cmd=1 mc_last_result=0 mc_last_port=0 mc_last_slot=0 mc_last_flags=0x0 mc_last_raw='' mc_last_guest='' mc_last_host='' mc_open_files=0 mc0={fmt=1,cwd='/'} mc1={fmt=1,cwd='/'} current_front=0x352da0 current_front_index=0 current_front_words=[0x0,0x1fc01d0,0x1fbd1d0,0x0,0x0,0x2,0x0,0x1,0x0,0x0,0x0] current_front_f14=0x2 current_front_f18=0x0 current_front_f1c=0x1 current_page=0x1fc01f0[0x0,0x0,0x0,0x0] current_page_boxbase=0x0 current_page_boxcount=0 current_front_boxbase=0x1fbd1d0 dma=1112 gif=592 vif=346 front0={v0=0x0 f14=0x2 f18=0x0 f1c=0x1} front1={v0=0x1 f14=0x0 f18=0x0 f1c=0x0} front2={v0=0x2 f14=0x0 f18=0x0 f1c=0x0} front3={v0=0x3 f14=0x0 f18=0x0 f1c=0x0}
[padread:trace] n=182 port=0 slot=0 data=0x01eb1de0 ok=1 buttons=0xffff rx=124 ry=125 lx=140 ly=133 mode=0x73 override=0 backend=1
[TS:state] tag=mcseq-change elapsed=191.921 pc=0x2d0048 local_players=1 active_characters=0 player=0x1de1850 prop=0x0 prop_valid=0 health=0 mcseq_state=0 mcard_state=3 mcard_result=0 mcard_port=4294967295 mcard_slot=4294967295 checkcards={port=1,slot=0,type=2,free=8192,format=1} mkdir_overwriteok=0 menu_selection=0 mcseq_globals=[0x1fc0a98,0x0,0x0,0x0,0x0] mc_last_cmd=1 mc_last_result=0 mc_last_port=0 mc_last_slot=0 mc_last_flags=0x0 mc_last_raw='' mc_last_guest='' mc_last_host='' mc_open_files=0 mc0={fmt=1,cwd='/'} mc1={fmt=1,cwd='/'} current_front=0x352da0 current_front_index=0 current_front_words=[0x0,0x1fc01d0,0x1fbd1d0,0x0,0x0,0x2,0x0,0x1,0x0,0x0,0x0] current_front_f14=0x2 current_front_f18=0x0 current_front_f1c=0x1 current_page=0x1fc01f0[0x0,0x0,0x0,0x0] current_page_boxbase=0x0 current_page_boxcount=0 current_front_boxbase=0x1fbd1d0 dma=1115 gif=592 vif=348 front0={v0=0x0 f14=0x2 f18=0x0 f1c=0x1} front1={v0=0x1 f14=0x0 f18=0x0 f1c=0x0} front2={v0=0x2 f14=0x0 f18=0x0 f1c=0x0} front3={v0=0x3 f14=0x0 f18=0x0 f1c=0x0}
[padread:trace] n=183 port=0 slot=0 data=0x01eb1de0 ok=1 buttons=0xffbf rx=124 ry=125 lx=140 ly=133 mode=0x73 override=0 backend=1
[padread] port=0 slot=0 data2=0xbf data3=0xff guestButtons=0x4000 enter=0 gamepadStart=0
[MC] GetInfo port=1 type=2 free=8192 format=1 result=0[TS:state] tag=mcseq-change elapsed=192.414 pc=0x2d0048 local_players=1 active_characters=0 player=0x1de1850 prop=0x0 prop_valid=0 health=0 mcseq_state=0 mcard_state=4 mcard_result=0 mcard_port=4294967295 mcard_slot=4294967295 checkcards={port=1,slot=0,type=2,free=8192,format=1} mkdir_overwriteok=0 menu_selection=0 mcseq_globals=[0x1fc0a98,0x0,0x0,0x0,0x0] mc_last_cmd=1 mc_last_result=0 mc_last_port=0 mc_last_slot=0 mc_last_flags=0x0 mc_last_raw='' mc_last_guest='' mc_last_host='' mc_open_files=0 mc0={fmt=1,cwd='/'} mc1={fmt=1,cwd='/'} current_front=0x352da0 current_front_index=0 current_front_words=[0x0,0x1fc01d0,0x1fbd1d0,0x80,0x0,0x2,0x0,0x1,0x0,0x0,0x0] current_front_f14=0x2 current_front_f18=0x0 current_front_f1c=0x1 current_page=0x1fc01f0[0x0,0x0,0x0,0x0] current_page_boxbase=0x0 current_page_boxcount=0 current_front_boxbase=0x1fbd1d0 dma=1118 gif=592 vif=350 front0={v0=0x0 f14=0x2 f18=0x0 f1c=0x1} front1={v0=0x1 f14=0x0 f18=0x0 f1c=0x0} front2={v0=0x2 f14=0x0 f18=0x0 f1c=0x0} front3={v0=0x3 f14=0x0 f18=0x0 f1c=0x0}
[padread:trace] n=184 port=0 slot=0 data=0x01eb1de0 ok=1 buttons=0xffff rx=124 ry=125 lx=140 ly=133 mode=0x73 override=0 backend=1
[MC] Sync cmd=1 result=0[TS:state] tag=mcseq-change elapsed=192.922 pc=0x2d0048 local_players=1 active_characters=0 player=0x1de1850 prop=0x0 prop_valid=0 health=0 mcseq_state=0 mcard_state=5 mcard_result=0 mcard_port=4294967295 mcard_slot=4294967295 checkcards={port=1,slot=0,type=2,free=8192,format=1} mkdir_overwriteok=0 menu_selection=0 mcseq_globals=[0x1fc0a98,0x0,0x0,0x0,0x0] mc_last_cmd=1 mc_last_result=0 mc_last_port=0 mc_last_slot=0 mc_last_flags=0x0 mc_last_raw='' mc_last_guest='' mc_last_host='' mc_open_files=0 mc0={fmt=1,cwd='/'} mc1={fmt=1,cwd='/'} current_front=0x352da0 current_front_index=0 current_front_words=[0x0,0x1fc01d0,0x1fbd1d0,0x0,0x0,0x2,0x0,0x1,0x0,0x0,0x0] current_front_f14=0x2 current_front_f18=0x0 current_front_f1c=0x1 current_page=0x1fc01f0[0x0,0x0,0x0,0x0] current_page_boxbase=0x0 current_page_boxcount=0 current_front_boxbase=0x1fbd1d0 dma=1121 gif=592 vif=352 front0={v0=0x0 f14=0x2 f18=0x0 f1c=0x1} front1={v0=0x1 f14=0x0 f18=0x0 f1c=0x0} front2={v0=0x2 f14=0x0 f18=0x0 f1c=0x0} front3={v0=0x3 f14=0x0 f18=0x0 f1c=0x0}
[run:tick] tick=11280 pc=0x201000 ra=0x201000 sp=0x1ec1f10 gp=0x3b47f0 dispfb1=0x11400 display1=0xdf27f000202a4 activeThreads=3 dma=1124 gif=592 gsw=0 vif=354
[padread:trace] n=185 port=0 slot=0 data=0x01eb1de0 ok=1 buttons=0xffff rx=124 ry=125 lx=140 ly=130 mode=0x73 override=0 backend=1
[TS:state] tag=mcseq-change elapsed=193.432 pc=0x2d0048 local_players=1 active_characters=0 player=0x1de1850 prop=0x0 prop_valid=0 health=0 mcseq_state=0 mcard_state=0 mcard_result=1 mcard_port=4294967295 mcard_slot=4294967295 checkcards={port=2,slot=0,type=2,free=8192,format=1} mkdir_overwriteok=0 menu_selection=0 mcseq_globals=[0x1fc0a98,0x0,0x0,0x0,0x0] mc_last_cmd=1 mc_last_result=0 mc_last_port=0 mc_last_slot=0 mc_last_flags=0x0 mc_last_raw='' mc_last_guest='' mc_last_host='' mc_open_files=0 mc0={fmt=1,cwd='/'} mc1={fmt=1,cwd='/'} current_front=0x352da0 current_front_index=0 current_front_words=[0x0,0x1fc01d0,0x1fbd1d0,0x0,0x0,0x2,0x0,0x1,0x0,0x0,0x0] current_front_f14=0x2 current_front_f18=0x0 current_front_f1c=0x1 current_page=0x1fc01f0[0x0,0x0,0x0,0x0] current_page_boxbase=0x0 current_page_boxcount=0 current_front_boxbase=0x1fbd1d0 dma=1124 gif=592 vif=354 front0={v0=0x0 f14=0x2 f18=0x0 f1c=0x1} front1={v0=0x1 f14=0x0 f18=0x0 f1c=0x0} front2={v0=0x2 f14=0x0 f18=0x0 f1c=0x0} front3={v0=0x3 f14=0x0 f18=0x0 f1c=0x0}
[padread:trace] n=186 port=0 slot=0 data=0x01eb1de0 ok=1 buttons=0xffff rx=124 ry=125 lx=140 ly=126 mode=0x73 override=0 backend=1
[TS:state] tag=mcseq-change elapsed=193.904 pc=0x2d0048 local_players=1 active_characters=0 player=0x1de1850 prop=0x0 prop_valid=0 health=0 mcseq_state=5 mcard_state=0 mcard_result=1 mcard_port=4294967295 mcard_slot=4294967295 checkcards={port=2,slot=0,type=2,free=8192,format=1} mkdir_overwriteok=0 menu_selection=0 mcseq_globals=[0x1fc0a98,0x0,0x0,0x0,0x0] mc_last_cmd=1 mc_last_result=0 mc_last_port=0 mc_last_slot=0 mc_last_flags=0x0 mc_last_raw='' mc_last_guest='' mc_last_host='' mc_open_files=0 mc0={fmt=1,cwd='/'} mc1={fmt=1,cwd='/'} current_front=0x352da0 current_front_index=0 current_front_words=[0x0,0x1fc01d0,0x1fbd1d0,0x0,0x0,0x2,0x0,0x1,0x0,0x0,0x0] current_front_f14=0x2 current_front_f18=0x0 current_front_f1c=0x1 current_page=0x1fc01f0[0x0,0x0,0x0,0x0] current_page_boxbase=0x0 current_page_boxcount=0 current_front_boxbase=0x1fbd1d0 dma=1127 gif=592 vif=356 front0={v0=0x0 f14=0x2 f18=0x0 f1c=0x1} front1={v0=0x1 f14=0x0 f18=0x0 f1c=0x0} front2={v0=0x2 f14=0x0 f18=0x0 f1c=0x0} front3={v0=0x3 f14=0x0 f18=0x0 f1c=0x0}
[padread:trace] n=187 port=0 slot=0 data=0x01eb1de0 ok=1 buttons=0xffbf rx=124 ry=126 lx=140 ly=126 mode=0x73 override=0 backend=1
[padread] port=0 slot=0 data2=0xbf data3=0xff guestButtons=0x4000 enter=0 gamepadStart=0
[TS:state] tag=mcseq-change elapsed=194.416 pc=0x2d0048 local_players=1 active_characters=0 player=0x1de1850 prop=0x0 prop_valid=0 health=0 mcseq_state=6 mcard_state=0 mcard_result=1 mcard_port=4294967295 mcard_slot=4294967295 checkcards={port=2,slot=0,type=2,free=8192,format=1} mkdir_overwriteok=0 menu_selection=0 mcseq_globals=[0x1fc0a98,0x0,0x0,0x0,0x0] mc_last_cmd=1 mc_last_result=0 mc_last_port=0 mc_last_slot=0 mc_last_flags=0x0 mc_last_raw='' mc_last_guest='' mc_last_host='' mc_open_files=0 mc0={fmt=1,cwd='/'} mc1={fmt=1,cwd='/'} current_front=0x352da0 current_front_index=0 current_front_words=[0x0,0x1fc01d0,0x1fbd1d0,0x80,0x0,0x2,0x0,0x1,0x0,0x0,0x0] current_front_f14=0x2 current_front_f18=0x0 current_front_f1c=0x1 current_page=0x1fc01f0[0x0,0x0,0x0,0x0] current_page_boxbase=0x0 current_page_boxcount=0 current_front_boxbase=0x1fbd1d0 dma=1130 gif=592 vif=358 front0={v0=0x0 f14=0x2 f18=0x0 f1c=0x1} front1={v0=0x1 f14=0x0 f18=0x0 f1c=0x0} front2={v0=0x2 f14=0x0 f18=0x0 f1c=0x0} front3={v0=0x3 f14=0x0 f18=0x0 f1c=0x0}
[padread:trace] n=188 port=0 slot=0 data=0x01eb1de0 ok=1 buttons=0xfff7 rx=124 ry=125 lx=140 ly=126 mode=0x73 override=0 backend=1
[padread] port=0 slot=0 data2=0xf7 data3=0xff guestButtons=0x0800 enter=0 gamepadStart=1
[TS:state] tag=mcseq-change elapsed=194.888 pc=0x2d0048 local_players=1 active_characters=0 player=0x1de1850 prop=0x0 prop_valid=0 health=0 mcseq_state=7 mcard_state=1 mcard_result=0 mcard_port=4294967295 mcard_slot=4294967295 checkcards={port=2,slot=0,type=2,free=8192,format=1} mkdir_overwriteok=0 menu_selection=0 mcseq_globals=[0x1fc0a98,0x0,0x0,0x0,0x0] mc_last_cmd=1 mc_last_result=0 mc_last_port=0 mc_last_slot=0 mc_last_flags=0x0 mc_last_raw='' mc_last_guest='' mc_last_host='' mc_open_files=0 mc0={fmt=1,cwd='/'} mc1={fmt=1,cwd='/'} current_front=0x352da0 current_front_index=0 current_front_words=[0x0,0x1fc01d0,0x1fbd1d0,0x0,0x0,0x2,0x0,0x1,0x0,0x0,0x0] current_front_f14=0x2 current_front_f18=0x0 current_front_f1c=0x1 current_page=0x1fc01f0[0x0,0x0,0x0,0x0] current_page_boxbase=0x0 current_page_boxcount=0 current_front_boxbase=0x1fbd1d0 dma=1133 gif=592 vif=360 front0={v0=0x0 f14=0x2 f18=0x0 f1c=0x1} front1={v0=0x1 f14=0x0 f18=0x0 f1c=0x0} front2={v0=0x2 f14=0x0 f18=0x0 f1c=0x0} front3={v0=0x3 f14=0x0 f18=0x0 f1c=0x0}
[TS:state] tag=mcseq-change elapsed=194.91 pc=0x2d0048 local_players=1 active_characters=0 player=0x1de1850 prop=0x0 prop_valid=0 health=0 mcseq_state=8 mcard_state=3 mcard_result=0 mcard_port=4294967295 mcard_slot=4294967295 checkcards={port=0,slot=0,type=2,free=8192,format=1} mkdir_overwriteok=0 menu_selection=0 mcseq_globals=[0x1fc0a98,0x0,0x0,0x0,0x0] mc_last_cmd=1 mc_last_result=0 mc_last_port=0 mc_last_slot=0 mc_last_flags=0x0 mc_last_raw='' mc_last_guest='' mc_last_host='' mc_open_files=0 mc0={fmt=1,cwd='/'} mc1={fmt=1,cwd='/'} current_front=0x352da0 current_front_index=0 current_front_words=[0x0,0x1fc01d0,0x1fbd1d0,0x0,0x0,0x2,0x0,0x1,0x0,0x0,0x0] current_front_f14=0x2 current_front_f18=0x0 current_front_f1c=0x1 current_page=0x1fc01f0[0x0,0x0,0x0,0x0] current_page_boxbase=0x0 current_page_boxcount=0 current_front_boxbase=0x1fbd1d0 dma=1133 gif=592 vif=360 front0={v0=0x0 f14=0x2 f18=0x0 f1c=0x1} front1={v0=0x1 f14=0x0 f18=0x0 f1c=0x0} front2={v0=0x2 f14=0x0 f18=0x0 f1c=0x0} front3={v0=0x3 f14=0x0 f18=0x0 f1c=0x0}
[run:tick] tick=11400 pc=0x201000 ra=0x201000 sp=0x1ec1f10 gp=0x3b47f0 dispfb1=0x11400 display1=0xdf27f000202a4 activeThreads=3 dma=1136 gif=592 gsw=0 vif=362
[padread:trace] n=189 port=0 slot=0 data=0x01eb1de0 ok=1 buttons=0xfffe rx=124 ry=130 lx=144 ly=123 mode=0x73 override=0 backend=1
[padread] port=0 slot=0 data2=0xfe data3=0xff guestButtons=0x0100 enter=0 gamepadStart=0
[MC] GetInfo port=0 type=2 free=8192 format=1 result=0[TS:state] tag=mcseq-change elapsed=195.382 pc=0x2d0048 local_players=1 active_characters=0 player=0x1de1850 prop=0x0 prop_valid=0 health=0 mcseq_state=8 mcard_state=4 mcard_result=0 mcard_port=4294967295 mcard_slot=4294967295 checkcards={port=0,slot=0,type=2,free=8192,format=1} mkdir_overwriteok=0 menu_selection=0 mcseq_globals=[0x1fc0a98,0x0,0x0,0x0,0x0] mc_last_cmd=1 mc_last_result=0 mc_last_port=0 mc_last_slot=0 mc_last_flags=0x0 mc_last_raw='' mc_last_guest='' mc_last_host='' mc_open_files=0 mc0={fmt=1,cwd='/'} mc1={fmt=1,cwd='/'} current_front=0x352da0 current_front_index=0 current_front_words=[0x0,0x1fc01d0,0x1fbd1d0,0x0,0x0,0x2,0x0,0x1,0x0,0x0,0x0] current_front_f14=0x2 current_front_f18=0x0 current_front_f1c=0x1 current_page=0x1fc01f0[0x0,0x0,0x0,0x0] current_page_boxbase=0x0 current_page_boxcount=0 current_front_boxbase=0x1fbd1d0 dma=1136 gif=592 vif=362 front0={v0=0x0 f14=0x2 f18=0x0 f1c=0x1} front1={v0=0x1 f14=0x0 f18=0x0 f1c=0x0} front2={v0=0x2 f14=0x0 f18=0x0 f1c=0x0} front3={v0=0x3 f14=0x0 f18=0x0 f1c=0x0}
[padread:trace] n=190 port=0 slot=0 data=0x01eb1de0 ok=1 buttons=0xfffe rx=124 ry=130 lx=144 ly=125 mode=0x73 override=0 backend=1
[padread] port=0 slot=0 data2=0xfe data3=0xff guestButtons=0x0100 enter=0 gamepadStart=0
[MC] Sync cmd=1 result=0[TS:state] tag=mcseq-change elapsed=195.917 pc=0x2d0048 local_players=1 active_characters=0 player=0x1de1850 prop=0x0 prop_valid=0 health=0 mcseq_state=8 mcard_state=5 mcard_result=0 mcard_port=4294967295 mcard_slot=4294967295 checkcards={port=0,slot=0,type=2,free=8192,format=1} mkdir_overwriteok=0 menu_selection=0 mcseq_globals=[0x1fc0a98,0x0,0x0,0x0,0x0] mc_last_cmd=1 mc_last_result=0 mc_last_port=0 mc_last_slot=0 mc_last_flags=0x0 mc_last_raw='' mc_last_guest='' mc_last_host='' mc_open_files=0 mc0={fmt=1,cwd='/'} mc1={fmt=1,cwd='/'} current_front=0x352da0 current_front_index=0 current_front_words=[0x0,0x1fc01d0,0x1fbd1d0,0x0,0x0,0x2,0x0,0x1,0x0,0x0,0x0] current_front_f14=0x2 current_front_f18=0x0 current_front_f1c=0x1 current_page=0x1fc01f0[0x0,0x0,0x0,0x0] current_page_boxbase=0x0 current_page_boxcount=0 current_front_boxbase=0x1fbd1d0 dma=1139 gif=592 vif=364 front0={v0=0x0 f14=0x2 f18=0x0 f1c=0x1} front1={v0=0x1 f14=0x0 f18=0x0 f1c=0x0} front2={v0=0x2 f14=0x0 f18=0x0 f1c=0x0} front3={v0=0x3 f14=0x0 f18=0x0 f1c=0x0}
[padread:trace] n=191 port=0 slot=0 data=0x01eb1de0 ok=1 buttons=0xffdf rx=124 ry=130 lx=144 ly=125 mode=0x73 override=0 backend=1
[padread] port=0 slot=0 data2=0xdf data3=0xff guestButtons=0x2000 enter=0 gamepadStart=0
[TS:state] tag=mcseq-change elapsed=196.412 pc=0x2d0048 local_players=1 active_characters=0 player=0x1de1850 prop=0x0 prop_valid=0 health=0 mcseq_state=8 mcard_state=0 mcard_result=1 mcard_port=4294967295 mcard_slot=4294967295 checkcards={port=2,slot=0,type=2,free=8192,format=1} mkdir_overwriteok=0 menu_selection=0 mcseq_globals=[0x1fc0a98,0x0,0x0,0x0,0x0] mc_last_cmd=1 mc_last_result=0 mc_last_port=0 mc_last_slot=0 mc_last_flags=0x0 mc_last_raw='' mc_last_guest='' mc_last_host='' mc_open_files=0 mc0={fmt=1,cwd='/'} mc1={fmt=1,cwd='/'} current_front=0x352da0 current_front_index=0 current_front_words=[0x0,0x1fc01d0,0x1fbd1d0,0x200,0x20,0x2,0x0,0x1,0x0,0x0,0x0] current_front_f14=0x2 current_front_f18=0x0 current_front_f1c=0x1 current_page=0x1fc01f0[0x0,0x0,0x0,0x0] current_page_boxbase=0x0 current_page_boxcount=0 current_front_boxbase=0x1fbd1d0 dma=1142 gif=592 vif=366 front0={v0=0x0 f14=0x2 f18=0x0 f1c=0x1} front1={v0=0x1 f14=0x0 f18=0x0 f1c=0x0} front2={v0=0x2 f14=0x0 f18=0x0 f1c=0x0} front3={v0=0x3 f14=0x0 f18=0x0 f1c=0x0}
[padread:trace] n=192 port=0 slot=0 data=0x01eb1de0 ok=1 buttons=0xffff rx=124 ry=130 lx=144 ly=125 mode=0x73 override=0 backend=1
[run:tick] tick=11520 pc=0x200e7c ra=0x200e7c sp=0x1eb1ee0 gp=0x3b47f0 dispfb1=0x11400 display1=0xdf27f000202a4 activeThreads=3 dma=1145 gif=592 gsw=0 vif=368
[TS:state] tag=mcseq-change elapsed=197.004 pc=0x2d0048 local_players=1 active_characters=0 player=0x1de1850 prop=0x0 prop_valid=0 health=0 mcseq_state=7 mcard_state=0 mcard_result=1 mcard_port=4294967295 mcard_slot=4294967295 checkcards={port=2,slot=0,type=2,free=8192,format=1} mkdir_overwriteok=0 menu_selection=0 mcseq_globals=[0x1fc0a98,0x0,0x0,0x0,0x0] mc_last_cmd=1 mc_last_result=0 mc_last_port=0 mc_last_slot=0 mc_last_flags=0x0 mc_last_raw='' mc_last_guest='' mc_last_host='' mc_open_files=0 mc0={fmt=1,cwd='/'} mc1={fmt=1,cwd='/'} current_front=0x352da0 current_front_index=0 current_front_words=[0x0,0x1fc01d0,0x1fbd1d0,0x0,0x0,0x2,0x0,0x1,0x0,0x0,0x0] current_front_f14=0x2 current_front_f18=0x0 current_front_f1c=0x1 current_page=0x1fc01f0[0x0,0x0,0x0,0x0] current_page_boxbase=0x0 current_page_boxcount=0 current_front_boxbase=0x1fbd1d0 dma=1145 gif=592 vif=368 front0={v0=0x0 f14=0x2 f18=0x0 f1c=0x1} front1={v0=0x1 f14=0x0 f18=0x0 f1c=0x0} front2={v0=0x2 f14=0x0 f18=0x0 f1c=0x0} front3={v0=0x3 f14=0x0 f18=0x0 f1c=0x0}
[padread:trace] n=193 port=0 slot=0 data=0x01eb1de0 ok=1 buttons=0xffff rx=124 ry=130 lx=144 ly=125 mode=0x73 override=0 backend=1
[TS:state] tag=mcseq-change elapsed=197.534 pc=0x2d0048 local_players=1 active_characters=0 player=0x1de1850 prop=0x0 prop_valid=0 health=0 mcseq_state=8 mcard_state=1 mcard_result=0 mcard_port=4294967295 mcard_slot=4294967295 checkcards={port=2,slot=0,type=2,free=8192,format=1} mkdir_overwriteok=0 menu_selection=0 mcseq_globals=[0x1fc0a98,0x0,0x0,0x0,0x0] mc_last_cmd=1 mc_last_result=0 mc_last_port=0 mc_last_slot=0 mc_last_flags=0x0 mc_last_raw='' mc_last_guest='' mc_last_host='' mc_open_files=0 mc0={fmt=1,cwd='/'} mc1={fmt=1,cwd='/'} current_front=0x352da0 current_front_index=0 current_front_words=[0x0,0x1fc01d0,0x1fbd1d0,0x0,0x0,0x2,0x0,0x1,0x0,0x0,0x0] current_front_f14=0x2 current_front_f18=0x0 current_front_f1c=0x1 current_page=0x1fc01f0[0x0,0x0,0x0,0x0] current_page_boxbase=0x0 current_page_boxcount=0 current_front_boxbase=0x1fbd1d0 dma=1148 gif=592 vif=370 front0={v0=0x0 f14=0x2 f18=0x0 f1c=0x1} front1={v0=0x1 f14=0x0 f18=0x0 f1c=0x0} front2={v0=0x2 f14=0x0 f18=0x0 f1c=0x0} front3={v0=0x3 f14=0x0 f18=0x0 f1c=0x0}
[TS:state] tag=mcseq-change elapsed=197.555 pc=0x2d0048 local_players=1 active_characters=0 player=0x1de1850 prop=0x0 prop_valid=0 health=0 mcseq_state=8 mcard_state=3 mcard_result=0 mcard_port=4294967295 mcard_slot=4294967295 checkcards={port=1,slot=0,type=2,free=8192,format=1} mkdir_overwriteok=0 menu_selection=0 mcseq_globals=[0x1fc0a98,0x0,0x0,0x0,0x0] mc_last_cmd=1 mc_last_result=0 mc_last_port=0 mc_last_slot=0 mc_last_flags=0x0 mc_last_raw='' mc_last_guest='' mc_last_host='' mc_open_files=0 mc0={fmt=1,cwd='/'} mc1={fmt=1,cwd='/'} current_front=0x352da0 current_front_index=0 current_front_words=[0x0,0x1fc01d0,0x1fbd1d0,0x0,0x0,0x2,0x0,0x1,0x0,0x0,0x0] current_front_f14=0x2 current_front_f18=0x0 current_front_f1c=0x1 current_page=0x1fc01f0[0x0,0x0,0x0,0x0] current_page_boxbase=0x0 current_page_boxcount=0 current_front_boxbase=0x1fbd1d0 dma=1148 gif=592 vif=370 front0={v0=0x0 f14=0x2 f18=0x0 f1c=0x1} front1={v0=0x1 f14=0x0 f18=0x0 f1c=0x0} front2={v0=0x2 f14=0x0 f18=0x0 f1c=0x0} front3={v0=0x3 f14=0x0 f18=0x0 f1c=0x0}
[padread:trace] n=194 port=0 slot=0 data=0x01eb1de0 ok=1 buttons=0xffdf rx=124 ry=130 lx=144 ly=125 mode=0x73 override=0 backend=1
[padread] port=0 slot=0 data2=0xdf data3=0xff guestButtons=0x2000 enter=0 gamepadStart=0
[MC] GetInfo port=1 type=2 free=8192 format=1 result=0[TS:state] tag=mcseq-change elapsed=198.053 pc=0x2d0048 local_players=1 active_characters=0 player=0x1de1850 prop=0x0 prop_valid=0 health=0 mcseq_state=8 mcard_state=4 mcard_result=0 mcard_port=4294967295 mcard_slot=4294967295 checkcards={port=1,slot=0,type=2,free=8192,format=1} mkdir_overwriteok=0 menu_selection=0 mcseq_globals=[0x1fc0a98,0x0,0x0,0x0,0x0] mc_last_cmd=1 mc_last_result=0 mc_last_port=0 mc_last_slot=0 mc_last_flags=0x0 mc_last_raw='' mc_last_guest='' mc_last_host='' mc_open_files=0 mc0={fmt=1,cwd='/'} mc1={fmt=1,cwd='/'} current_front=0x352da0 current_front_index=0 current_front_words=[0x0,0x1fc01d0,0x1fbd1d0,0x200,0x20,0x2,0x0,0x1,0x0,0x0,0x0] current_front_f14=0x2 current_front_f18=0x0 current_front_f1c=0x1 current_page=0x1fc01f0[0x0,0x0,0x0,0x0] current_page_boxbase=0x0 current_page_boxcount=0 current_front_boxbase=0x1fbd1d0 dma=1151 gif=592 vif=372 front0={v0=0x0 f14=0x2 f18=0x0 f1c=0x1} front1={v0=0x1 f14=0x0 f18=0x0 f1c=0x0} front2={v0=0x2 f14=0x0 f18=0x0 f1c=0x0} front3={v0=0x3 f14=0x0 f18=0x0 f1c=0x0}
[padread:trace] n=195 port=0 slot=0 data=0x01eb1de0 ok=1 buttons=0xffff rx=124 ry=130 lx=144 ly=125 mode=0x73 override=0 backend=1
[MC] Sync cmd=1 result=0[TS:state] tag=mcseq-change elapsed=198.544 pc=0x2d0048 local_players=1 active_characters=0 player=0x1de1850 prop=0x0 prop_valid=0 health=0 mcseq_state=8 mcard_state=5 mcard_result=0 mcard_port=4294967295 mcard_slot=4294967295 checkcards={port=1,slot=0,type=2,free=8192,format=1} mkdir_overwriteok=0 menu_selection=0 mcseq_globals=[0x1fc0a98,0x0,0x0,0x0,0x0] mc_last_cmd=1 mc_last_result=0 mc_last_port=0 mc_last_slot=0 mc_last_flags=0x0 mc_last_raw='' mc_last_guest='' mc_last_host='' mc_open_files=0 mc0={fmt=1,cwd='/'} mc1={fmt=1,cwd='/'} current_front=0x352da0 current_front_index=0 current_front_words=[0x0,0x1fc01d0,0x1fbd1d0,0x0,0x0,0x2,0x0,0x1,0x0,0x0,0x0] current_front_f14=0x2 current_front_f18=0x0 current_front_f1c=0x1 current_page=0x1fc01f0[0x0,0x0,0x0,0x0] current_page_boxbase=0x0 current_page_boxcount=0 current_front_boxbase=0x1fbd1d0 dma=1154 gif=592 vif=374 front0={v0=0x0 f14=0x2 f18=0x0 f1c=0x1} front1={v0=0x1 f14=0x0 f18=0x0 f1c=0x0} front2={v0=0x2 f14=0x0 f18=0x0 f1c=0x0} front3={v0=0x3 f14=0x0 f18=0x0 f1c=0x0}
[run:tick] tick=11640 pc=0x201000 ra=0x201000 sp=0x1ec1f10 gp=0x3b47f0 dispfb1=0x11400 display1=0xdf27f000202a4 activeThreads=3 dma=1157 gif=592 gsw=0 vif=376
[padread:trace] n=196 port=0 slot=0 data=0x01eb1de0 ok=1 buttons=0xffff rx=124 ry=130 lx=144 ly=125 mode=0x73 override=0 backend=1
[TS:state] tag=mcseq-change elapsed=199.058 pc=0x2d0048 local_players=1 active_characters=0 player=0x1de1850 prop=0x0 prop_valid=0 health=0 mcseq_state=8 mcard_state=0 mcard_result=1 mcard_port=4294967295 mcard_slot=4294967295 checkcards={port=2,slot=0,type=2,free=8192,format=1} mkdir_overwriteok=0 menu_selection=0 mcseq_globals=[0x1fc0a98,0x0,0x0,0x0,0x0] mc_last_cmd=1 mc_last_result=0 mc_last_port=0 mc_last_slot=0 mc_last_flags=0x0 mc_last_raw='' mc_last_guest='' mc_last_host='' mc_open_files=0 mc0={fmt=1,cwd='/'} mc1={fmt=1,cwd='/'} current_front=0x352da0 current_front_index=0 current_front_words=[0x0,0x1fc01d0,0x1fbd1d0,0x0,0x0,0x2,0x0,0x1,0x0,0x0,0x0] current_front_f14=0x2 current_front_f18=0x0 current_front_f1c=0x1 current_page=0x1fc01f0[0x0,0x0,0x0,0x0] current_page_boxbase=0x0 current_page_boxcount=0 current_front_boxbase=0x1fbd1d0 dma=1157 gif=592 vif=376 front0={v0=0x0 f14=0x2 f18=0x0 f1c=0x1} front1={v0=0x1 f14=0x0 f18=0x0 f1c=0x0} front2={v0=0x2 f14=0x0 f18=0x0 f1c=0x0} front3={v0=0x3 f14=0x0 f18=0x0 f1c=0x0}
[padread:trace] n=197 port=0 slot=0 data=0x01eb1de0 ok=1 buttons=0xffff rx=124 ry=130 lx=143 ly=125 mode=0x73 override=0 backend=1
[TS:state] tag=mcseq-change elapsed=199.571 pc=0x2d0048 local_players=1 active_characters=0 player=0x1de1850 prop=0x0 prop_valid=0 health=0 mcseq_state=7 mcard_state=0 mcard_result=1 mcard_port=4294967295 mcard_slot=4294967295 checkcards={port=2,slot=0,type=2,free=8192,format=1} mkdir_overwriteok=0 menu_selection=0 mcseq_globals=[0x1fc0a98,0x0,0x0,0x0,0x0] mc_last_cmd=1 mc_last_result=0 mc_last_port=0 mc_last_slot=0 mc_last_flags=0x0 mc_last_raw='' mc_last_guest='' mc_last_host='' mc_open_files=0 mc0={fmt=1,cwd='/'} mc1={fmt=1,cwd='/'} current_front=0x352da0 current_front_index=0 current_front_words=[0x0,0x1fc01d0,0x1fbd1d0,0x0,0x0,0x2,0x0,0x1,0x0,0x0,0x0] current_front_f14=0x2 current_front_f18=0x0 current_front_f1c=0x1 current_page=0x1fc01f0[0x0,0x0,0x0,0x0] current_page_boxbase=0x0 current_page_boxcount=0 current_front_boxbase=0x1fbd1d0 dma=1160 gif=592 vif=378 front0={v0=0x0 f14=0x2 f18=0x0 f1c=0x1} front1={v0=0x1 f14=0x0 f18=0x0 f1c=0x0} front2={v0=0x2 f14=0x0 f18=0x0 f1c=0x0} front3={v0=0x3 f14=0x0 f18=0x0 f1c=0x0}
[padread:trace] n=198 port=0 slot=0 data=0x01eb1de0 ok=1 buttons=0xffdf rx=124 ry=130 lx=143 ly=125 mode=0x73 override=0 backend=1
[padread] port=0 slot=0 data2=0xdf data3=0xff guestButtons=0x2000 enter=0 gamepadStart=0
[TS:state] tag=mcseq-change elapsed=200.063 pc=0x2d0048 local_players=1 active_characters=0 player=0x1de1850 prop=0x0 prop_valid=0 health=0 mcseq_state=8 mcard_state=3 mcard_result=0 mcard_port=4294967295 mcard_slot=4294967295 checkcards={port=0,slot=0,type=2,free=8192,format=1} mkdir_overwriteok=0 menu_selection=0 mcseq_globals=[0x1fc0a98,0x0,0x0,0x0,0x0] mc_last_cmd=1 mc_last_result=0 mc_last_port=0 mc_last_slot=0 mc_last_flags=0x0 mc_last_raw='' mc_last_guest='' mc_last_host='' mc_open_files=0 mc0={fmt=1,cwd='/'} mc1={fmt=1,cwd='/'} current_front=0x352da0 current_front_index=0 current_front_words=[0x0,0x1fc01d0,0x1fbd1d0,0x200,0x20,0x2,0x0,0x1,0x0,0x0,0x0] current_front_f14=0x2 current_front_f18=0x0 current_front_f1c=0x1 current_page=0x1fc01f0[0x0,0x0,0x0,0x0] current_page_boxbase=0x0 current_page_boxcount=0 current_front_boxbase=0x1fbd1d0 dma=1163 gif=592 vif=380 front0={v0=0x0 f14=0x2 f18=0x0 f1c=0x1} front1={v0=0x1 f14=0x0 f18=0x0 f1c=0x0} front2={v0=0x2 f14=0x0 f18=0x0 f1c=0x0} front3={v0=0x3 f14=0x0 f18=0x0 f1c=0x0}
[TS:state] tag=watch elapsed=200.269 pc=0x2d0048 local_players=1 active_characters=0 player=0x1de1850 prop=0x0 prop_valid=0 health=0 mcseq_state=8 mcard_state=3 mcard_result=0 mcard_port=4294967295 mcard_slot=4294967295 checkcards={port=0,slot=0,type=2,free=8192,format=1} mkdir_overwriteok=0 menu_selection=0 mcseq_globals=[0x1fc0a98,0x0,0x0,0x0,0x0] mc_last_cmd=1 mc_last_result=0 mc_last_port=0 mc_last_slot=0 mc_last_flags=0x0 mc_last_raw='' mc_last_guest='' mc_last_host='' mc_open_files=0 mc0={fmt=1,cwd='/'} mc1={fmt=1,cwd='/'} current_front=0x352da0 current_front_index=0 current_front_words=[0x0,0x1fc01d0,0x1fbd1d0,0x200,0x20,0x2,0x0,0x1,0x0,0x0,0x0] current_front_f14=0x2 current_front_f18=0x0 current_front_f1c=0x1 current_page=0x1fc01f0[0x0,0x0,0x0,0x0] current_page_boxbase=0x0 current_page_boxcount=0 current_front_boxbase=0x1fbd1d0 dma=1166 gif=592 vif=382 front0={v0=0x0 f14=0x2 f18=0x0 f1c=0x1} front1={v0=0x1 f14=0x0 f18=0x0 f1c=0x0} front2={v0=0x2 f14=0x0 f18=0x0 f1c=0x0} front3={v0=0x3 f14=0x0 f18=0x0 f1c=0x0}
[padread:trace] n=199 port=0 slot=0 data=0x01eb1de0 ok=1 buttons=0xffff rx=124 ry=130 lx=143 ly=125 mode=0x73 override=0 backend=1
[MC] GetInfo port=0 type=2 free=8192 format=1 result=0[TS:state] tag=mcseq-change elapsed=200.599 pc=0x2d0048 local_players=1 active_characters=0 player=0x1de1850 prop=0x0 prop_valid=0 health=0 mcseq_state=8 mcard_state=4 mcard_result=0 mcard_port=4294967295 mcard_slot=4294967295 checkcards={port=0,slot=0,type=2,free=8192,format=1} mkdir_overwriteok=0 menu_selection=0 mcseq_globals=[0x1fc0a98,0x0,0x0,0x0,0x0] mc_last_cmd=1 mc_last_result=0 mc_last_port=0 mc_last_slot=0 mc_last_flags=0x0 mc_last_raw='' mc_last_guest='' mc_last_host='' mc_open_files=0 mc0={fmt=1,cwd='/'} mc1={fmt=1,cwd='/'} current_front=0x352da0 current_front_index=0 current_front_words=[0x0,0x1fc01d0,0x1fbd1d0,0x0,0x0,0x2,0x0,0x1,0x0,0x0,0x0] current_front_f14=0x2 current_front_f18=0x0 current_front_f1c=0x1 current_page=0x1fc01f0[0x0,0x0,0x0,0x0] current_page_boxbase=0x0 current_page_boxcount=0 current_front_boxbase=0x1fbd1d0 dma=1166 gif=592 vif=382 front0={v0=0x0 f14=0x2 f18=0x0 f1c=0x1} front1={v0=0x1 f14=0x0 f18=0x0 f1c=0x0} front2={v0=0x2 f14=0x0 f18=0x0 f1c=0x0} front3={v0=0x3 f14=0x0 f18=0x0 f1c=0x0}
[run:tick] tick=11760 pc=0x201000 ra=0x201000 sp=0x1ec1f10 gp=0x3b47f0 dispfb1=0x11400 display1=0xdf27f000202a4 activeThreads=3 dma=1169 gif=592 gsw=0 vif=384
[padread:trace] n=200 port=0 slot=0 data=0x01eb1de0 ok=1 buttons=0xffff rx=124 ry=130 lx=143 ly=125 mode=0x73 override=0 backend=1
[MC] Sync cmd=1 result=0[TS:state] tag=mcseq-change elapsed=201.457 pc=0x2d0048 local_players=1 active_characters=0 player=0x1de1850 prop=0x0 prop_valid=0 health=0 mcseq_state=8 mcard_state=5 mcard_result=0 mcard_port=4294967295 mcard_slot=4294967295 checkcards={port=0,slot=0,type=2,free=8192,format=1} mkdir_overwriteok=0 menu_selection=0 mcseq_globals=[0x1fc0a98,0x0,0x0,0x0,0x0] mc_last_cmd=1 mc_last_result=0 mc_last_port=0 mc_last_slot=0 mc_last_flags=0x0 mc_last_raw='' mc_last_guest='' mc_last_host='' mc_open_files=0 mc0={fmt=1,cwd='/'} mc1={fmt=1,cwd='/'} current_front=0x352da0 current_front_index=0 current_front_words=[0x0,0x1fc01d0,0x1fbd1d0,0x0,0x0,0x2,0x0,0x1,0x0,0x0,0x0] current_front_f14=0x2 current_front_f18=0x0 current_front_f1c=0x1 current_page=0x1fc01f0[0x0,0x0,0x0,0x0] current_page_boxbase=0x0 current_page_boxcount=0 current_front_boxbase=0x1fbd1d0 dma=1169 gif=592 vif=384 front0={v0=0x0 f14=0x2 f18=0x0 f1c=0x1} front1={v0=0x1 f14=0x0 f18=0x0 f1c=0x0} front2={v0=0x2 f14=0x0 f18=0x0 f1c=0x0} front3={v0=0x3 f14=0x0 f18=0x0 f1c=0x0}
[padread:trace] n=201 port=0 slot=0 data=0x01eb1de0 ok=1 buttons=0xffff rx=124 ry=130 lx=143 ly=125 mode=0x73 override=0 backend=1
[TS:state] tag=mcseq-change elapsed=201.97 pc=0x2d0048 local_players=1 active_characters=0 player=0x1de1850 prop=0x0 prop_valid=0 health=0 mcseq_state=8 mcard_state=0 mcard_result=1 mcard_port=4294967295 mcard_slot=4294967295 checkcards={port=2,slot=0,type=2,free=8192,format=1} mkdir_overwriteok=0 menu_selection=0 mcseq_globals=[0x1fc0a98,0x0,0x0,0x0,0x0] mc_last_cmd=1 mc_last_result=0 mc_last_port=0 mc_last_slot=0 mc_last_flags=0x0 mc_last_raw='' mc_last_guest='' mc_last_host='' mc_open_files=0 mc0={fmt=1,cwd='/'} mc1={fmt=1,cwd='/'} current_front=0x352da0 current_front_index=0 current_front_words=[0x0,0x1fc01d0,0x1fbd1d0,0x0,0x0,0x2,0x0,0x1,0x0,0x0,0x0] current_front_f14=0x2 current_front_f18=0x0 current_front_f1c=0x1 current_page=0x1fc01f0[0x0,0x0,0x0,0x0] current_page_boxbase=0x0 current_page_boxcount=0 current_front_boxbase=0x1fbd1d0 dma=1172 gif=592 vif=386 front0={v0=0x0 f14=0x2 f18=0x0 f1c=0x1} front1={v0=0x1 f14=0x0 f18=0x0 f1c=0x0} front2={v0=0x2 f14=0x0 f18=0x0 f1c=0x0} front3={v0=0x3 f14=0x0 f18=0x0 f1c=0x0}
[padread:trace] n=202 port=0 slot=0 data=0x01eb1de0 ok=1 buttons=0xffdf rx=124 ry=130 lx=143 ly=125 mode=0x73 override=0 backend=1
[padread] port=0 slot=0 data2=0xdf data3=0xff guestButtons=0x2000 enter=0 gamepadStart=0
[TS:state] tag=mcseq-change elapsed=202.461 pc=0x2d0048 local_players=1 active_characters=0 player=0x1de1850 prop=0x0 prop_valid=0 health=0 mcseq_state=7 mcard_state=0 mcard_result=1 mcard_port=4294967295 mcard_slot=4294967295 checkcards={port=2,slot=0,type=2,free=8192,format=1} mkdir_overwriteok=0 menu_selection=0 mcseq_globals=[0x1fc0a98,0x0,0x0,0x0,0x0] mc_last_cmd=1 mc_last_result=0 mc_last_port=0 mc_last_slot=0 mc_last_flags=0x0 mc_last_raw='' mc_last_guest='' mc_last_host='' mc_open_files=0 mc0={fmt=1,cwd='/'} mc1={fmt=1,cwd='/'} current_front=0x352da0 current_front_index=0 current_front_words=[0x0,0x1fc01d0,0x1fbd1d0,0x200,0x20,0x2,0x0,0x1,0x0,0x0,0x0] current_front_f14=0x2 current_front_f18=0x0 current_front_f1c=0x1 current_page=0x1fc01f0[0x0,0x0,0x0,0x0] current_page_boxbase=0x0 current_page_boxcount=0 current_front_boxbase=0x1fbd1d0 dma=1175 gif=592 vif=388 front0={v0=0x0 f14=0x2 f18=0x0 f1c=0x1} front1={v0=0x1 f14=0x0 f18=0x0 f1c=0x0} front2={v0=0x2 f14=0x0 f18=0x0 f1c=0x0} front3={v0=0x3 f14=0x0 f18=0x0 f1c=0x0}
[padread:trace] n=203 port=0 slot=0 data=0x01eb1de0 ok=1 buttons=0xffff rx=124 ry=130 lx=143 ly=125 mode=0x73 override=0 backend=1
[TS:state] tag=mcseq-change elapsed=202.953 pc=0x2d0048 local_players=1 active_characters=0 player=0x1de1850 prop=0x0 prop_valid=0 health=0 mcseq_state=8 mcard_state=3 mcard_result=0 mcard_port=4294967295 mcard_slot=4294967295 checkcards={port=1,slot=0,type=2,free=8192,format=1} mkdir_overwriteok=0 menu_selection=0 mcseq_globals=[0x1fc0a98,0x0,0x0,0x0,0x0] mc_last_cmd=1 mc_last_result=0 mc_last_port=0 mc_last_slot=0 mc_last_flags=0x0 mc_last_raw='' mc_last_guest='' mc_last_host='' mc_open_files=0 mc0={fmt=1,cwd='/'} mc1={fmt=1,cwd='/'} current_front=0x352da0 current_front_index=0 current_front_words=[0x0,0x1fc01d0,0x1fbd1d0,0x0,0x0,0x2,0x0,0x1,0x0,0x0,0x0] current_front_f14=0x2 current_front_f18=0x0 current_front_f1c=0x1 current_page=0x1fc01f0[0x0,0x0,0x0,0x0] current_page_boxbase=0x0 current_page_boxcount=0 current_front_boxbase=0x1fbd1d0 dma=1178 gif=592 vif=390 front0={v0=0x0 f14=0x2 f18=0x0 f1c=0x1} front1={v0=0x1 f14=0x0 f18=0x0 f1c=0x0} front2={v0=0x2 f14=0x0 f18=0x0 f1c=0x0} front3={v0=0x3 f14=0x0 f18=0x0 f1c=0x0}
[run:tick] tick=11880 pc=0x200f64 ra=0x200f64 sp=0x1ec1f10 gp=0x3b47f0 dispfb1=0x11400 display1=0xdf27f000202a4 activeThreads=3 dma=1179 gif=592 gsw=0 vif=390
[padread:trace] n=204 port=0 slot=0 data=0x01eb1de0 ok=1 buttons=0xffff rx=124 ry=130 lx=143 ly=125 mode=0x73 override=0 backend=1
[MC] GetInfo port=1 type=2 free=8192 format=1 result=0[TS:state] tag=mcseq-change elapsed=203.428 pc=0x2d0048 local_players=1 active_characters=0 player=0x1de1850 prop=0x0 prop_valid=0 health=0 mcseq_state=8 mcard_state=4 mcard_result=0 mcard_port=4294967295 mcard_slot=4294967295 checkcards={port=1,slot=0,type=2,free=8192,format=1} mkdir_overwriteok=0 menu_selection=0 mcseq_globals=[0x1fc0a98,0x0,0x0,0x0,0x0] mc_last_cmd=1 mc_last_result=0 mc_last_port=0 mc_last_slot=0 mc_last_flags=0x0 mc_last_raw='' mc_last_guest='' mc_last_host='' mc_open_files=0 mc0={fmt=1,cwd='/'} mc1={fmt=1,cwd='/'} current_front=0x352da0 current_front_index=0 current_front_words=[0x0,0x1fc01d0,0x1fbd1d0,0x0,0x0,0x2,0x0,0x1,0x0,0x0,0x0] current_front_f14=0x2 current_front_f18=0x0 current_front_f1c=0x1 current_page=0x1fc01f0[0x0,0x0,0x0,0x0] current_page_boxbase=0x0 current_page_boxcount=0 current_front_boxbase=0x1fbd1d0 dma=1181 gif=592 vif=392 front0={v0=0x0 f14=0x2 f18=0x0 f1c=0x1} front1={v0=0x1 f14=0x0 f18=0x0 f1c=0x0} front2={v0=0x2 f14=0x0 f18=0x0 f1c=0x0} front3={v0=0x3 f14=0x0 f18=0x0 f1c=0x0}
[padread:trace] n=205 port=0 slot=0 data=0x01eb1de0 ok=1 buttons=0xffff rx=124 ry=130 lx=143 ly=125 mode=0x73 override=0 backend=1
[MC] Sync cmd=1 result=0[TS:state] tag=mcseq-change elapsed=203.901 pc=0x2d0048 local_players=1 active_characters=0 player=0x1de1850 prop=0x0 prop_valid=0 health=0 mcseq_state=8 mcard_state=5 mcard_result=0 mcard_port=4294967295 mcard_slot=4294967295 checkcards={port=1,slot=0,type=2,free=8192,format=1} mkdir_overwriteok=0 menu_selection=0 mcseq_globals=[0x1fc0a98,0x0,0x0,0x0,0x0] mc_last_cmd=1 mc_last_result=0 mc_last_port=0 mc_last_slot=0 mc_last_flags=0x0 mc_last_raw='' mc_last_guest='' mc_last_host='' mc_open_files=0 mc0={fmt=1,cwd='/'} mc1={fmt=1,cwd='/'} current_front=0x352da0 current_front_index=0 current_front_words=[0x0,0x1fc01d0,0x1fbd1d0,0x0,0x0,0x2,0x0,0x1,0x0,0x0,0x0] current_front_f14=0x2 current_front_f18=0x0 current_front_f1c=0x1 current_page=0x1fc01f0[0x0,0x0,0x0,0x0] current_page_boxbase=0x0 current_page_boxcount=0 current_front_boxbase=0x1fbd1d0 dma=1184 gif=592 vif=394 front0={v0=0x0 f14=0x2 f18=0x0 f1c=0x1} front1={v0=0x1 f14=0x0 f18=0x0 f1c=0x0} front2={v0=0x2 f14=0x0 f18=0x0 f1c=0x0} front3={v0=0x3 f14=0x0 f18=0x0 f1c=0x0}
[padread:trace] n=206 port=0 slot=0 data=0x01eb1de0 ok=1 buttons=0xbfff rx=124 ry=130 lx=143 ly=125 mode=0x73 override=0 backend=1
[padread] port=0 slot=0 data2=0xff data3=0xbf guestButtons=0x0040 enter=0 gamepadStart=0
[sceSifSetDma:CALL] pc=0x2dd9c8 ra=0x2dd9c8 list=0x1ff2b00 count=1
[sceSifSetDma:DESC] i=0 src=0x1fb19c0 dst=0x16ab00 size=0x40 attr=0x0 pc=0x2dd9c8 ra=0x2dd9c8
[TS:state] tag=mcseq-change elapsed=204.392 pc=0x2d0048 local_players=1 active_characters=0 player=0x1de1850 prop=0x0 prop_valid=0 health=0 mcseq_state=8 mcard_state=0 mcard_result=1 mcard_port=4294967295 mcard_slot=4294967295 checkcards={port=2,slot=0,type=2,free=8192,format=1} mkdir_overwriteok=0 menu_selection=0 mcseq_globals=[0x1fc0a98,0x0,0x0,0x0,0x0] mc_last_cmd=1 mc_last_result=0 mc_last_port=0 mc_last_slot=0 mc_last_flags=0x0 mc_last_raw='' mc_last_guest='' mc_last_host='' mc_open_files=0 mc0={fmt=1,cwd='/'} mc1={fmt=1,cwd='/'} current_front=0x352da0 current_front_index=0 current_front_words=[0x0,0x1fc01d0,0x1fbd1d0,0x0,0x0,0x2,0x0,0x1,0x0,0x0,0x0] current_front_f14=0x2 current_front_f18=0x0 current_front_f1c=0x1 current_page=0x1fc01f0[0x0,0x0,0x0,0x0] current_page_boxbase=0x0 current_page_boxcount=0 current_front_boxbase=0x1fbd1d0 dma=1187 gif=592 vif=396 front0={v0=0x0 f14=0x2 f18=0x0 f1c=0x1} front1={v0=0x1 f14=0x0 f18=0x0 f1c=0x0} front2={v0=0x2 f14=0x0 f18=0x0 f1c=0x0} front3={v0=0x3 f14=0x0 f18=0x0 f1c=0x0}
[padread:trace] n=207 port=0 slot=0 data=0x01eb1de0 ok=1 buttons=0xbfff rx=124 ry=130 lx=143 ly=125 mode=0x73 override=0 backend=1
[padread] port=0 slot=0 data2=0xff data3=0xbf guestButtons=0x0040 enter=0 gamepadStart=0
[TS:state] tag=mcseq-change elapsed=204.905 pc=0x2d0048 local_players=1 active_characters=0 player=0x1de1850 prop=0x0 prop_valid=0 health=0 mcseq_state=9 mcard_state=0 mcard_result=1 mcard_port=4294967295 mcard_slot=4294967295 checkcards={port=2,slot=0,type=2,free=8192,format=1} mkdir_overwriteok=0 menu_selection=0 mcseq_globals=[0x1fc0a98,0x0,0x0,0x0,0x0] mc_last_cmd=1 mc_last_result=0 mc_last_port=0 mc_last_slot=0 mc_last_flags=0x0 mc_last_raw='' mc_last_guest='' mc_last_host='' mc_open_files=0 mc0={fmt=1,cwd='/'} mc1={fmt=1,cwd='/'} current_front=0x352da0 current_front_index=0 current_front_words=[0x0,0x1fc01d0,0x1fbd1d0,0x0,0x0,0x2,0x0,0x1,0x0,0x0,0x0] current_front_f14=0x2 current_front_f18=0x0 current_front_f1c=0x1 current_page=0x1fc01f0[0x0,0x0,0x0,0x0] current_page_boxbase=0x0 current_page_boxcount=0 current_front_boxbase=0x1fbd1d0 dma=1190 gif=592 vif=398 front0={v0=0x0 f14=0x2 f18=0x0 f1c=0x1} front1={v0=0x1 f14=0x0 f18=0x0 f1c=0x0} front2={v0=0x2 f14=0x0 f18=0x0 f1c=0x0} front3={v0=0x3 f14=0x0 f18=0x0 f1c=0x0}
[run:tick] tick=12000 pc=0x201000 ra=0x201000 sp=0x1ec1f10 gp=0x3b47f0 dispfb1=0x11400 display1=0xdf27f000202a4 activeThreads=3 dma=1193 gif=592 gsw=0 vif=400
[padread:trace] n=208 port=0 slot=0 data=0x01eb1de0 ok=1 buttons=0xffff rx=124 ry=130 lx=143 ly=125 mode=0x73 override=0 backend=1
[TS:state] tag=mcseq-change elapsed=205.398 pc=0x2d0048 local_players=1 active_characters=0 player=0x1de1850 prop=0x0 prop_valid=0 health=0 mcseq_state=12 mcard_state=0 mcard_result=1 mcard_port=0 mcard_slot=0 checkcards={port=2,slot=0,type=2,free=8192,format=1} mkdir_overwriteok=0 menu_selection=0 mcseq_globals=[0x1fc0a98,0x0,0x0,0x0,0x0] mc_last_cmd=1 mc_last_result=0 mc_last_port=0 mc_last_slot=0 mc_last_flags=0x0 mc_last_raw='' mc_last_guest='' mc_last_host='' mc_open_files=0 mc0={fmt=1,cwd='/'} mc1={fmt=1,cwd='/'} current_front=0x352da0 current_front_index=0 current_front_words=[0x0,0x1fc01d0,0x1fbd1d0,0x0,0x0,0x2,0x0,0x1,0x0,0x0,0x0] current_front_f14=0x2 current_front_f18=0x0 current_front_f1c=0x1 current_page=0x1fc01f0[0x0,0x0,0x0,0x0] current_page_boxbase=0x0 current_page_boxcount=0 current_front_boxbase=0x1fbd1d0 dma=1193 gif=592 vif=400 front0={v0=0x0 f14=0x2 f18=0x0 f1c=0x1} front1={v0=0x1 f14=0x0 f18=0x0 f1c=0x0} front2={v0=0x2 f14=0x0 f18=0x0 f1c=0x0} front3={v0=0x3 f14=0x0 f18=0x0 f1c=0x0}
[padread:trace] n=209 port=0 slot=0 data=0x01eb1de0 ok=1 buttons=0xffff rx=124 ry=130 lx=143 ly=125 mode=0x73 override=0 backend=1
[MC] Open port=0 slot=0 flags=0x1 raw='/BASLUS-20090-TS1-OPT/BASLUS-20090-TS1-OPT' guest='/BASLUS-20090-TS1-OPT/BASLUS-20090-TS1-OPT' host='D:\Programming\GitHub\Timesplitters\project\game-data\mc0\BASLUS-20090-TS1-OPT\BASLUS-20090-TS1-OPT' exists=0 parent_exists=0 -> result=-4[TS:state] tag=mcseq-change elapsed=205.871 pc=0x2d0048 local_players=1 active_characters=0 player=0x1de1850 prop=0x0 prop_valid=0 health=0 mcseq_state=0 mcard_state=11 mcard_result=0 mcard_port=0 mcard_slot=0 checkcards={port=2,slot=0,type=2,free=8192,format=1} mkdir_overwriteok=0 menu_selection=0 mcseq_globals=[0x1fc0a98,0x0,0x0,0x0,0x0] mc_last_cmd=2 mc_last_result=-4 mc_last_port=0 mc_last_slot=0 mc_last_flags=0x1 mc_last_raw='/BASLUS-20090-TS1-OPT/BASLUS-20090-TS1-OPT' mc_last_guest='/BASLUS-20090-TS1-OPT/BASLUS-20090-TS1-OPT' mc_last_host='D:\Programming\GitHub\Timesplitters\project\game-data\mc0\BASLUS-20090-TS1-OPT\BASLUS-20090-TS1-OPT' mc_open_files=0 mc0={fmt=1,cwd='/'} mc1={fmt=1,cwd='/'} current_front=0x352da0 current_front_index=0 current_front_words=[0x0,0x1fc01d0,0x1fbd1d0,0x0,0x0,0x2,0x0,0x1,0x0,0x0,0x0] current_front_f14=0x2 current_front_f18=0x0 current_front_f1c=0x1 current_page=0x1fc01f0[0x0,0x0,0x0,0x0] current_page_boxbase=0x0 current_page_boxcount=0 current_front_boxbase=0x1fbd1d0 dma=1196 gif=592 vif=402 front0={v0=0x0 f14=0x2 f18=0x0 f1c=0x1} front1={v0=0x1 f14=0x0 f18=0x0 f1c=0x0} front2={v0=0x2 f14=0x0 f18=0x0 f1c=0x0} front3={v0=0x3 f14=0x0 f18=0x0 f1c=0x0}
[padread:trace] n=210 port=0 slot=0 data=0x01eb1de0 ok=1 buttons=0xffff rx=124 ry=130 lx=143 ly=125 mode=0x73 override=0 backend=1
[MC] Sync cmd=2 result=-4[TS:state] tag=mcseq-change elapsed=206.344 pc=0x2d0048 local_players=1 active_characters=0 player=0x1de1850 prop=0x0 prop_valid=0 health=0 mcseq_state=0 mcard_state=0 mcard_result=5 mcard_port=0 mcard_slot=0 checkcards={port=2,slot=0,type=2,free=8192,format=1} mkdir_overwriteok=0 menu_selection=0 mcseq_globals=[0x1fc0a98,0x0,0x0,0x0,0x0] mc_last_cmd=2 mc_last_result=-4 mc_last_port=0 mc_last_slot=0 mc_last_flags=0x1 mc_last_raw='/BASLUS-20090-TS1-OPT/BASLUS-20090-TS1-OPT' mc_last_guest='/BASLUS-20090-TS1-OPT/BASLUS-20090-TS1-OPT' mc_last_host='D:\Programming\GitHub\Timesplitters\project\game-data\mc0\BASLUS-20090-TS1-OPT\BASLUS-20090-TS1-OPT' mc_open_files=0 mc0={fmt=1,cwd='/'} mc1={fmt=1,cwd='/'} current_front=0x352da0 current_front_index=0 current_front_words=[0x0,0x1fc01d0,0x1fbd1d0,0x0,0x0,0x2,0x0,0x1,0x0,0x0,0x0] current_front_f14=0x2 current_front_f18=0x0 current_front_f1c=0x1 current_page=0x1fc01f0[0x0,0x0,0x0,0x0] current_page_boxbase=0x0 current_page_boxcount=0 current_front_boxbase=0x1fbd1d0 dma=1199 gif=592 vif=404 front0={v0=0x0 f14=0x2 f18=0x0 f1c=0x1} front1={v0=0x1 f14=0x0 f18=0x0 f1c=0x0} front2={v0=0x2 f14=0x0 f18=0x0 f1c=0x0} front3={v0=0x3 f14=0x0 f18=0x0 f1c=0x0}
[padread:trace] n=211 port=0 slot=0 data=0x01eb1de0 ok=1 buttons=0xffff rx=124 ry=130 lx=143 ly=125 mode=0x73 override=0 backend=1
[TS:state] tag=mcseq-change elapsed=206.815 pc=0x2d0048 local_players=1 active_characters=0 player=0x1de1850 prop=0x0 prop_valid=0 health=0 mcseq_state=13 mcard_state=0 mcard_result=5 mcard_port=0 mcard_slot=0 checkcards={port=2,slot=0,type=2,free=8192,format=1} mkdir_overwriteok=0 menu_selection=0 mcseq_globals=[0x1fc0a98,0x0,0x0,0x0,0x0] mc_last_cmd=2 mc_last_result=-4 mc_last_port=0 mc_last_slot=0 mc_last_flags=0x1 mc_last_raw='/BASLUS-20090-TS1-OPT/BASLUS-20090-TS1-OPT' mc_last_guest='/BASLUS-20090-TS1-OPT/BASLUS-20090-TS1-OPT' mc_last_host='D:\Programming\GitHub\Timesplitters\project\game-data\mc0\BASLUS-20090-TS1-OPT\BASLUS-20090-TS1-OPT' mc_open_files=0 mc0={fmt=1,cwd='/'} mc1={fmt=1,cwd='/'} current_front=0x352da0 current_front_index=0 current_front_words=[0x0,0x1fc01d0,0x1fbd1d0,0x0,0x0,0x2,0x0,0x1,0x0,0x0,0x0] current_front_f14=0x2 current_front_f18=0x0 current_front_f1c=0x1 current_page=0x1fc01f0[0x0,0x0,0x0,0x0] current_page_boxbase=0x0 current_page_boxcount=0 current_front_boxbase=0x1fbd1d0 dma=1202 gif=592 vif=406 front0={v0=0x0 f14=0x2 f18=0x0 f1c=0x1} front1={v0=0x1 f14=0x0 f18=0x0 f1c=0x0} front2={v0=0x2 f14=0x0 f18=0x0 f1c=0x0} front3={v0=0x3 f14=0x0 f18=0x0 f1c=0x0}
[run:tick] tick=12120 pc=0x201000 ra=0x201000 sp=0x1ec1f10 gp=0x3b47f0 dispfb1=0x11400 display1=0xdf27f000202a4 activeThreads=3 dma=1205 gif=592 gsw=0 vif=408
[padread:trace] n=212 port=0 slot=0 data=0x01eb1de0 ok=1 buttons=0xffff rx=124 ry=130 lx=143 ly=125 mode=0x73 override=0 backend=1
[TS:state] tag=mcseq-change elapsed=207.265 pc=0x2d0048 local_players=1 active_characters=0 player=0x1de1850 prop=0x0 prop_valid=0 health=0 mcseq_state=2 mcard_state=0 mcard_result=5 mcard_port=0 mcard_slot=0 checkcards={port=2,slot=0,type=2,free=8192,format=1} mkdir_overwriteok=0 menu_selection=0 mcseq_globals=[0x1fc0a98,0x0,0x0,0x0,0x0] mc_last_cmd=2 mc_last_result=-4 mc_last_port=0 mc_last_slot=0 mc_last_flags=0x1 mc_last_raw='/BASLUS-20090-TS1-OPT/BASLUS-20090-TS1-OPT' mc_last_guest='/BASLUS-20090-TS1-OPT/BASLUS-20090-TS1-OPT' mc_last_host='D:\Programming\GitHub\Timesplitters\project\game-data\mc0\BASLUS-20090-TS1-OPT\BASLUS-20090-TS1-OPT' mc_open_files=0 mc0={fmt=1,cwd='/'} mc1={fmt=1,cwd='/'} current_front=0x352da0 current_front_index=0 current_front_words=[0x0,0x1fc01d0,0x1fbd1d0,0x0,0x0,0x2,0x0,0x1,0x0,0x0,0x0] current_front_f14=0x2 current_front_f18=0x0 current_front_f1c=0x1 current_page=0x1fc01f0[0x0,0x0,0x0,0x0] current_page_boxbase=0x0 current_page_boxcount=0 current_front_boxbase=0x1fbd1d0 dma=1205 gif=592 vif=408 front0={v0=0x0 f14=0x2 f18=0x0 f1c=0x1} front1={v0=0x1 f14=0x0 f18=0x0 f1c=0x0} front2={v0=0x2 f14=0x0 f18=0x0 f1c=0x0} front3={v0=0x3 f14=0x0 f18=0x0 f1c=0x0}
[sceSifSetDma:CALL] pc=0x2dd9c8 ra=0x2dd9c8 list=0x1ff2b00 count=1
[sceSifSetDma:DESC] i=0 src=0x1fb19c0 dst=0x16ab00 size=0x40 attr=0x0 pc=0x2dd9c8 ra=0x2dd9c8
[TS:state] tag=mcseq-change elapsed=207.286 pc=0x2d0048 local_players=1 active_characters=0 player=0x1de1850 prop=0x0 prop_valid=0 health=0 mcseq_state=3 mcard_state=0 mcard_result=5 mcard_port=0 mcard_slot=0 checkcards={port=2,slot=0,type=2,free=8192,format=1} mkdir_overwriteok=0 menu_selection=0 mcseq_globals=[0x1fc0a98,0x1fc3470,0x1fc3570,0x0,0x0] mc_last_cmd=2 mc_last_result=-4 mc_last_port=0 mc_last_slot=0 mc_last_flags=0x1 mc_last_raw='/BASLUS-20090-TS1-OPT/BASLUS-20090-TS1-OPT' mc_last_guest='/BASLUS-20090-TS1-OPT/BASLUS-20090-TS1-OPT' mc_last_host='D:\Programming\GitHub\Timesplitters\project\game-data\mc0\BASLUS-20090-TS1-OPT\BASLUS-20090-TS1-OPT' mc_open_files=0 mc0={fmt=1,cwd='/'} mc1={fmt=1,cwd='/'} current_front=0x352da0 current_front_index=0 current_front_words=[0x0,0x1fc01d0,0x1fbd1d0,0x0,0x0,0x2,0x0,0x1,0x0,0x0,0x0] current_front_f14=0x2 current_front_f18=0x0 current_front_f1c=0x1 current_page=0x1fc01f0[0x0,0x0,0x0,0x0] current_page_boxbase=0x0 current_page_boxcount=0 current_front_boxbase=0x1fbd1d0 dma=1205 gif=592 vif=408 front0={v0=0x0 f14=0x2 f18=0x0 f1c=0x1} front1={v0=0x1 f14=0x0 f18=0x0 f1c=0x0} front2={v0=0x2 f14=0x0 f18=0x0 f1c=0x0} front3={v0=0x3 f14=0x0 f18=0x0 f1c=0x0}
[padread:trace] n=213 port=0 slot=0 data=0x01eb1de0 ok=1 buttons=0xffff rx=124 ry=130 lx=143 ly=125 mode=0x73 override=0 backend=1
[padread:trace] n=214 port=0 slot=0 data=0x01eb1de0 ok=1 buttons=0xffff rx=124 ry=130 lx=143 ly=125 mode=0x73 override=0 backend=1
[padread:trace] n=215 port=0 slot=0 data=0x01eb1de0 ok=1 buttons=0xffff rx=124 ry=130 lx=143 ly=125 mode=0x73 override=0 backend=1
[run:tick] tick=12240 pc=0x201000 ra=0x201000 sp=0x1ec1f10 gp=0x3b47f0 dispfb1=0x11400 display1=0xdf27f000202a4 activeThreads=3 dma=1217 gif=592 gsw=0 vif=416
[padread:trace] n=216 port=0 slot=0 data=0x01eb1de0 ok=1 buttons=0xffff rx=124 ry=130 lx=143 ly=125 mode=0x73 override=0 backend=1
[padread:trace] n=217 port=0 slot=0 data=0x01eb1de0 ok=1 buttons=0xffff rx=124 ry=130 lx=143 ly=125 mode=0x73 override=0 backend=1
[padread:trace] n=218 port=0 slot=0 data=0x01eb1de0 ok=1 buttons=0xffff rx=124 ry=130 lx=143 ly=125 mode=0x73 override=0 backend=1
[TS:state] tag=watch elapsed=210.274 pc=0x2d0048 local_players=1 active_characters=0 player=0x1de1850 prop=0x0 prop_valid=0 health=0 mcseq_state=3 mcard_state=0 mcard_result=5 mcard_port=0 mcard_slot=0 checkcards={port=2,slot=0,type=2,free=8192,format=1} mkdir_overwriteok=0 menu_selection=0 mcseq_globals=[0x1fc0a98,0x1fc3470,0x1fc3570,0x0,0x0] mc_last_cmd=2 mc_last_result=-4 mc_last_port=0 mc_last_slot=0 mc_last_flags=0x1 mc_last_raw='/BASLUS-20090-TS1-OPT/BASLUS-20090-TS1-OPT' mc_last_guest='/BASLUS-20090-TS1-OPT/BASLUS-20090-TS1-OPT' mc_last_host='D:\Programming\GitHub\Timesplitters\project\game-data\mc0\BASLUS-20090-TS1-OPT\BASLUS-20090-TS1-OPT' mc_open_files=0 mc0={fmt=1,cwd='/'} mc1={fmt=1,cwd='/'} current_front=0x352da0 current_front_index=0 current_front_words=[0x0,0x1fc01d0,0x1fbd1d0,0x0,0x0,0x2,0x0,0x1,0x0,0x0,0x0] current_front_f14=0x2 current_front_f18=0x0 current_front_f1c=0x1 current_page=0x1fc01f0[0x0,0x0,0x0,0x0] current_page_boxbase=0x0 current_page_boxcount=0 current_front_boxbase=0x1fbd1d0 dma=1226 gif=592 vif=422 front0={v0=0x0 f14=0x2 f18=0x0 f1c=0x1} front1={v0=0x1 f14=0x0 f18=0x0 f1c=0x0} front2={v0=0x2 f14=0x0 f18=0x0 f1c=0x0} front3={v0=0x3 f14=0x0 f18=0x0 f1c=0x0}
[padread:trace] n=219 port=0 slot=0 data=0x01eb1de0 ok=1 buttons=0xffff rx=124 ry=130 lx=143 ly=125 mode=0x73 override=0 backend=1
[run:tick] tick=12360 pc=0x201000 ra=0x201000 sp=0x1ec1f10 gp=0x3b47f0 dispfb1=0x11400 display1=0xdf27f000202a4 activeThreads=3 dma=1229 gif=592 gsw=0 vif=424
[padread:trace] n=220 port=0 slot=0 data=0x01eb1de0 ok=1 buttons=0xffff rx=124 ry=130 lx=143 ly=125 mode=0x73 override=0 backend=1
[padread:trace] n=221 port=0 slot=0 data=0x01eb1de0 ok=1 buttons=0xffff rx=124 ry=130 lx=143 ly=125 mode=0x73 override=0 backend=1
[padread:trace] n=222 port=0 slot=0 data=0x01eb1de0 ok=1 buttons=0xffff rx=124 ry=130 lx=143 ly=125 mode=0x73 override=0 backend=1
[padread:trace] n=223 port=0 slot=0 data=0x01eb1de0 ok=1 buttons=0xffff rx=124 ry=130 lx=143 ly=125 mode=0x73 override=0 backend=1
[run:tick] tick=12480 pc=0x201000 ra=0x201000 sp=0x1ec1f10 gp=0x3b47f0 dispfb1=0x11400 display1=0xdf27f000202a4 activeThreads=3 dma=1241 gif=592 gsw=0 vif=432
[padread:trace] n=224 port=0 slot=0 data=0x01eb1de0 ok=1 buttons=0xffff rx=124 ry=130 lx=143 ly=125 mode=0x73 override=0 backend=1
[padread:trace] n=225 port=0 slot=0 data=0x01eb1de0 ok=1 buttons=0xffff rx=124 ry=130 lx=143 ly=125 mode=0x73 override=0 backend=1
[padread:trace] n=226 port=0 slot=0 data=0x01eb1de0 ok=1 buttons=0xffff rx=124 ry=130 lx=143 ly=125 mode=0x73 override=0 backend=1
[padread:trace] n=227 port=0 slot=0 data=0x01eb1de0 ok=1 buttons=0xffff rx=124 ry=130 lx=143 ly=125 mode=0x73 override=0 backend=1
[run:tick] tick=12600 pc=0x201000 ra=0x201000 sp=0x1ec1f10 gp=0x3b47f0 dispfb1=0x11400 display1=0xdf27f000202a4 activeThreads=3 dma=1253 gif=592 gsw=0 vif=440
[padread:trace] n=228 port=0 slot=0 data=0x01eb1de0 ok=1 buttons=0xffff rx=124 ry=130 lx=143 ly=125 mode=0x73 override=0 backend=1
[padread:trace] n=229 port=0 slot=0 data=0x01eb1de0 ok=1 buttons=0xffff rx=124 ry=130 lx=143 ly=125 mode=0x73 override=0 backend=1
[padread:trace] n=230 port=0 slot=0 data=0x01eb1de0 ok=1 buttons=0xffff rx=124 ry=130 lx=143 ly=125 mode=0x73 override=0 backend=1
[padread:trace] n=231 port=0 slot=0 data=0x01eb1de0 ok=1 buttons=0xbfff rx=124 ry=130 lx=143 ly=125 mode=0x73 override=0 backend=1
[padread] port=0 slot=0 data2=0xff data3=0xbf guestButtons=0x0040 enter=0 gamepadStart=0
[sceSifSetDma:CALL] pc=0x2dd9c8 ra=0x2dd9c8 list=0x1ff2b00 count=1
[sceSifSetDma:DESC] i=0 src=0x1fb19c0 dst=0x16ab00 size=0x40 attr=0x0 pc=0x2dd9c8 ra=0x2dd9c8
[padread:trace] n=232 port=0 slot=0 data=0x01eb1de0 ok=1 buttons=0xffff rx=124 ry=130 lx=143 ly=125 mode=0x73 override=0 backend=1
[run:tick] tick=12720 pc=0x201000 ra=0x201000 sp=0x1ec1f10 gp=0x3b47f0 dispfb1=0x11400 display1=0xdf27f000202a4 activeThreads=3 dma=1268 gif=592 gsw=0 vif=450
[padread:trace] n=233 port=0 slot=0 data=0x01eb1de0 ok=1 buttons=0xffff rx=124 ry=130 lx=143 ly=125 mode=0x73 override=0 backend=1
[padread:trace] n=234 port=0 slot=0 data=0x01eb1de0 ok=1 buttons=0xffff rx=124 ry=130 lx=143 ly=125 mode=0x73 override=0 backend=1
[padread:trace] n=235 port=0 slot=0 data=0x01eb1de0 ok=1 buttons=0xffff rx=124 ry=130 lx=143 ly=125 mode=0x73 override=0 backend=1
[padread:trace] n=236 port=0 slot=0 data=0x01eb1de0 ok=1 buttons=0xffff rx=124 ry=130 lx=143 ly=125 mode=0x73 override=0 backend=1
[padread:trace] n=237 port=0 slot=0 data=0x01eb1de0 ok=1 buttons=0xffff rx=124 ry=130 lx=143 ly=125 mode=0x73 override=0 backend=1
[run:tick] tick=12840 pc=0x201000 ra=0x201000 sp=0x1ec1f10 gp=0x3b47f0 dispfb1=0x11400 display1=0xdf27f000202a4 activeThreads=3 dma=1283 gif=592 gsw=0 vif=460
[padread:trace] n=238 port=0 slot=0 data=0x01eb1de0 ok=1 buttons=0xffff rx=124 ry=130 lx=143 ly=125 mode=0x73 override=0 backend=1
[padread:trace] n=239 port=0 slot=0 data=0x01eb1de0 ok=1 buttons=0xffff rx=124 ry=130 lx=143 ly=125 mode=0x73 override=0 backend=1
Game thread returned. PC=0x201000 RA=0x20184c
INFO: TEXTURE: [ID 3] Unloaded texture data from VRAM (GPU)
INFO: TEXTURE: [ID 2] Unloaded texture data from VRAM (GPU)
INFO: SHADER: [ID 3] Default shader unloaded successfully
INFO: TEXTURE: [ID 1] Default texture unloaded successfully
INFO: Window closed successfully
[run] exiting loop[TS:state] tag=stopped elapsed=220 pc=0x2d0048 local_players=1 active_characters=0 player=0x1de1850 prop=0x0 prop_valid=0 health=0 mcseq_state=3 mcard_state=0 mcard_result=5 mcard_port=0 mcard_slot=0 checkcards={port=2,slot=0,type=2,free=8192,format=1} mkdir_overwriteok=0 menu_selection=0 mcseq_globals=[0x1fc0a98,0x1fc3470,0x1fc3570,0x0,0x0] mc_last_cmd=2 mc_last_result=-4 mc_last_port=0 mc_last_slot=0 mc_last_flags=0x1 mc_last_raw='/BASLUS-20090-TS1-OPT/BASLUS-20090-TS1-OPT' mc_last_guest='/BASLUS-20090-TS1-OPT/BASLUS-20090-TS1-OPT' mc_last_host='D:\Programming\GitHub\Timesplitters\project\game-data\mc0\BASLUS-20090-TS1-OPT\BASLUS-20090-TS1-OPT' mc_open_files=0 mc0={fmt=1,cwd='/'} mc1={fmt=1,cwd='/'} current_front=0x352da0 current_front_index=0 current_front_words=[0x0,0x1fc01d0,0x1fbd1d0,0x0,0x0,0x1,0x0,0x1,0x0,0x0,0x0] current_front_f14=0x1 current_front_f18=0x0 current_front_f1c=0x1 current_page=0x1fc01e0[0x356578,0x29a,0x1fbd1d0,0x0] current_page_boxbase=0x1fbd1d0 current_page_boxcount=0 dma=1289 gif=592 vif=464 front0={v0=0x0 f14=0x1 f18=0x0 f1c=0x1} front1={v0=0x1 f14=0x0 f18=0x0 f1c=0x0} front2={v0=0x2 f14=0x0 f18=0x0 f1c=0x0} front3={v0=0x3 f14=0x0 f18=0x0 f1c=0x0}
[TS:stopped] timeout=1 pc=0x2d0048 dma=1289 gif=592 gs=0 vif=464 threads=3
[TS:kernel] cycles=1867961308 running=3
[TS:thread] id=1 status=2 wait=1 waitid=0 depth=0 pc=0x2d0048 ra=0x20184c sp=0x1ffff20 entry=0x200008
[TS:thread] id=2 status=2 wait=2 waitid=4 depth=0 pc=0x2d0168 ra=0x200e7c sp=0x1eb1ee0 entry=0x200c48
[TS:thread] id=3 status=0 wait=0 waitid=0 depth=0 pc=0x201064 ra=0x201064 sp=0x1ec1f10 entry=0x200f20
[TS:semaphore] id=1 count=0 max=1 waiters=0
[TS:semaphore] id=2 count=0 max=1 waiters=0
[TS:semaphore] id=3 count=0 max=1 waiters=0
[TS:semaphore] id=4 count=0 max=1 waiters=1
[TS:registers] thread=1 pc=0x2d0048
[TS:reg] t=1 n=0 lo=0x0 hi=0x0 fbits=0x3e800000 f=0.25
[TS:reg] t=1 n=1 lo=0x3e800000 hi=0x0 fbits=0x0 f=0
[TS:reg] t=1 n=2 lo=0x0 hi=0x0 fbits=0x0 f=0
[TS:reg] t=1 n=3 lo=0x32 hi=0x0 fbits=0x0 f=0
[TS:reg] t=1 n=4 lo=0x0 hi=0x0 fbits=0x0 f=0
[TS:reg] t=1 n=5 lo=0x0 hi=0x0 fbits=0x0 f=0
[TS:reg] t=1 n=6 lo=0x10000 hi=0x0 fbits=0x0 f=0
[TS:reg] t=1 n=7 lo=0x1 hi=0x0 fbits=0x0 f=0
[TS:reg] t=1 n=8 lo=0x2 hi=0x0 fbits=0x0 f=0
[TS:reg] t=1 n=9 lo=0x0 hi=0x0 fbits=0x0 f=0
[TS:reg] t=1 n=10 lo=0x0 hi=0x0 fbits=0x0 f=0
[TS:reg] t=1 n=11 lo=0x7fffffff hi=0x0 fbits=0x0 f=0
[TS:reg] t=1 n=12 lo=0xfffffffff0000000 hi=0x0 fbits=0xbb491000 f=-0.00306797
[TS:reg] t=1 n=13 lo=0xccccccc hi=0x0 fbits=0x0 f=0
[TS:reg] t=1 n=14 lo=0xcccccccc hi=0x0 fbits=0x0 f=0
[TS:reg] t=1 n=15 lo=0x7 hi=0x0 fbits=0x0 f=0
[TS:reg] t=1 n=16 lo=0x1eb0000 hi=0x0 fbits=0x0 f=0
[TS:reg] t=1 n=17 lo=0x1ec0000 hi=0x0 fbits=0x0 f=0
[TS:reg] t=1 n=18 lo=0x1e90000 hi=0x0 fbits=0x0 f=0
[TS:reg] t=1 n=19 lo=0x200000 hi=0x0 fbits=0x0 f=0
[TS:reg] t=1 n=20 lo=0x1eb0000 hi=0x0 fbits=0x0 f=0
[TS:reg] t=1 n=21 lo=0x3b47f0 hi=0x0 fbits=0x0 f=0
[TS:reg] t=1 n=22 lo=0x1fb0000 hi=0x0 fbits=0x0 f=0
[TS:reg] t=1 n=23 lo=0x200000 hi=0x0 fbits=0x0 f=0
[TS:reg] t=1 n=24 lo=0x1fffe20 hi=0x0 fbits=0x0 f=0
[TS:reg] t=1 n=25 lo=0x0 hi=0x0 fbits=0x0 f=0
[TS:reg] t=1 n=26 lo=0x0 hi=0x0 fbits=0x0 f=0
[TS:reg] t=1 n=27 lo=0x0 hi=0x0 fbits=0x0 f=0
[TS:reg] t=1 n=28 lo=0x3b47f0 hi=0x0 fbits=0x0 f=0
[TS:reg] t=1 n=29 lo=0x1ffff20 hi=0x0 fbits=0x0 f=0
[TS:reg] t=1 n=30 lo=0x2f2c30 hi=0x0 fbits=0x0 f=0
[TS:reg] t=1 n=31 lo=0x20184c hi=0x0 fbits=0x0 f=0
[TS:registers] thread=2 pc=0x2d0168
[TS:reg] t=2 n=0 lo=0x0 hi=0x0 fbits=0x42ddce43 f=110.903
[TS:reg] t=2 n=1 lo=0x47000000 hi=0x0 fbits=0x46e37000 f=29112
[TS:reg] t=2 n=2 lo=0x0 hi=0x0 fbits=0x47000000 f=32768
[TS:reg] t=2 n=3 lo=0x44 hi=0x0 fbits=0x44f20000 f=1936
[TS:reg] t=2 n=4 lo=0x4 hi=0x0 fbits=0xc6fffe00 f=-32767
[TS:reg] t=2 n=5 lo=0x0 hi=0x0 fbits=0x42c00000 f=96
[TS:reg] t=2 n=6 lo=0x1ec6320 hi=0x0 fbits=0x43a00000 f=320
[TS:reg] t=2 n=7 lo=0x10000000 hi=0x0 fbits=0x3f7c71a6 f=0.986109
[TS:reg] t=2 n=8 lo=0xe hi=0x0 fbits=0x3f000000 f=0.5
[TS:reg] t=2 n=9 lo=0x11000000 hi=0x0 fbits=0x3f333333 f=0.7
[TS:reg] t=2 n=10 lo=0x60 hi=0x0 fbits=0x3f800000 f=1
[TS:reg] t=2 n=11 lo=0x168 hi=0x0 fbits=0x3f266666 f=0.65
[TS:reg] t=2 n=12 lo=0x1ec4780 hi=0x0 fbits=0x42200000 f=40
[TS:reg] t=2 n=13 lo=0x352a3c hi=0x0 fbits=0x42aa0000 f=85
[TS:reg] t=2 n=14 lo=0x1 hi=0x0 fbits=0x42900000 f=72
[TS:reg] t=2 n=15 lo=0x3525c8 hi=0x0 fbits=0x42ba0000 f=93
[TS:reg] t=2 n=16 lo=0xfffffff hi=0x0 fbits=0x0 f=0
[TS:reg] t=2 n=17 lo=0x1 hi=0x0 fbits=0x3f0ccccd f=0.55
[TS:reg] t=2 n=18 lo=0x2f2c00 hi=0x0 fbits=0x3ec9f485 f=0.394444
[TS:reg] t=2 n=19 lo=0xc hi=0x0 fbits=0x3f666666 f=0.9
[TS:reg] t=2 n=20 lo=0x2f0000 hi=0x0 fbits=0x0 f=0
[TS:reg] t=2 n=21 lo=0x1 hi=0x0 fbits=0x0 f=0
[TS:reg] t=2 n=22 lo=0x380000 hi=0x0 fbits=0x0 f=0
[TS:reg] t=2 n=23 lo=0x3adb00 hi=0x0 fbits=0x0 f=0
[TS:reg] t=2 n=24 lo=0x0 hi=0x0 fbits=0x0 f=0
[TS:reg] t=2 n=25 lo=0x71 hi=0x0 fbits=0x0 f=0
[TS:reg] t=2 n=26 lo=0x0 hi=0x0 fbits=0x0 f=0
[TS:reg] t=2 n=27 lo=0x0 hi=0x0 fbits=0x0 f=0
[TS:reg] t=2 n=28 lo=0x3b47f0 hi=0x0 fbits=0x0 f=0
[TS:reg] t=2 n=29 lo=0x1eb1ee0 hi=0x0 fbits=0x0 f=0
[TS:reg] t=2 n=30 lo=0x380000 hi=0x0 fbits=0x0 f=0
[TS:reg] t=2 n=31 lo=0x200e7c hi=0x0 fbits=0x0 f=0
[TS:registers] thread=3 pc=0x201064
[TS:reg] t=3 n=0 lo=0x0 hi=0x0 fbits=0x42dfc57c f=111.886
[TS:reg] t=3 n=1 lo=0x0 hi=0x0 fbits=0x46e57400 f=29370
[TS:reg] t=3 n=2 lo=0x0 hi=0x0 fbits=0x42ddc676 f=110.888
[TS:reg] t=3 n=3 lo=0x64 hi=0x0 fbits=0x0 f=0
[TS:reg] t=3 n=4 lo=0x10009000 hi=0x0 fbits=0x0 f=0
[TS:reg] t=3 n=5 lo=0x100000 hi=0x0 fbits=0x0 f=0
[TS:reg] t=3 n=6 lo=0x100000 hi=0x0 fbits=0x0 f=0
[TS:reg] t=3 n=7 lo=0x0 hi=0x0 fbits=0x0 f=0
[TS:reg] t=3 n=8 lo=0x2 hi=0x0 fbits=0x0 f=0
[TS:reg] t=3 n=9 lo=0x0 hi=0x0 fbits=0x0 f=0
[TS:reg] t=3 n=10 lo=0x50 hi=0x0 fbits=0x0 f=0
[TS:reg] t=3 n=11 lo=0x51 hi=0x0 fbits=0x0 f=0
[TS:reg] t=3 n=12 lo=0x60 hi=0x0 fbits=0x0 f=0
[TS:reg] t=3 n=13 lo=0x1 hi=0x0 fbits=0x0 f=0
[TS:reg] t=3 n=14 lo=0x53 hi=0x0 fbits=0x0 f=0
[TS:reg] t=3 n=15 lo=0x52 hi=0x0 fbits=0x0 f=0
[TS:reg] t=3 n=16 lo=0xe9 hi=0x0 fbits=0x0 f=0
[TS:reg] t=3 n=17 lo=0x1 hi=0x0 fbits=0x0 f=0
[TS:reg] t=3 n=18 lo=0x3adb00 hi=0x0 fbits=0x0 f=0
[TS:reg] t=3 n=19 lo=0x380000 hi=0x0 fbits=0x0 f=0
[TS:reg] t=3 n=20 lo=0x200000 hi=0x0 fbits=0x0 f=0
[TS:reg] t=3 n=21 lo=0x2f0000 hi=0x0 fbits=0x0 f=0
[TS:reg] t=3 n=22 lo=0x0 hi=0x0 fbits=0x0 f=0
[TS:reg] t=3 n=23 lo=0x0 hi=0x0 fbits=0x0 f=0
[TS:reg] t=3 n=24 lo=0x0 hi=0x0 fbits=0x0 f=0
[TS:reg] t=3 n=25 lo=0x0 hi=0x0 fbits=0x0 f=0
[TS:reg] t=3 n=26 lo=0x0 hi=0x0 fbits=0x0 f=0
[TS:reg] t=3 n=27 lo=0x0 hi=0x0 fbits=0x0 f=0
[TS:reg] t=3 n=28 lo=0x3b47f0 hi=0x0 fbits=0x0 f=0
[TS:reg] t=3 n=29 lo=0x1ec1f10 hi=0x0 fbits=0x0 f=0
[TS:reg] t=3 n=30 lo=0x0 hi=0x0 fbits=0x0 f=0
[TS:reg] t=3 n=31 lo=0x201064 hi=0x0 fbits=0x0 f=0
[TS:DMA] ch=0 chcr=0x0 madr=0x0 qwc=0x0 tadr=0x0 sadr=0x0
[TS:DMA] ch=1 chcr=0x70000085 madr=0x0 qwc=0x0 tadr=0x1043a0 sadr=0x0
[TS:DMA] ch=2 chcr=0x1 madr=0x1fedb00 qwc=0x0 tadr=0x3136b0 sadr=0x0
[TS:DMA] ch=3 chcr=0x0 madr=0x0 qwc=0x0 tadr=0x0 sadr=0x0
[TS:DMA] ch=4 chcr=0x0 madr=0x0 qwc=0x0 tadr=0x0 sadr=0x0
[TS:DMA] ch=5 chcr=0x0 madr=0x0 qwc=0x0 tadr=0x0 sadr=0x0
[TS:DMA] ch=6 chcr=0x0 madr=0x0 qwc=0x0 tadr=0x0 sadr=0x0
[TS:DMA] ch=7 chcr=0x0 madr=0x0 qwc=0x0 tadr=0x0 sadr=0x0
[TS:DMA] ch=8 chcr=0x0 madr=0x0 qwc=0x0 tadr=0x0 sadr=0x0
[TS:DMA] ch=9 chcr=0x0 madr=0x0 qwc=0x0 tadr=0x0 sadr=0x0
[TS:original] numdmafail=0
[TS:VIF] unit=0 stat=0x0 code=0x0 err=0x0 cycle=0x0 num=0x0 top=0x0 tops=0x0
[TS:VIF] unit=1 stat=0x80 code=0x0 err=0x0 cycle=0x404 num=0x0 top=0x8c tops=0x246
[TS:IOP] cycles=225991683 instructions=2209 modules=8 threads=12 rpcservers=10
[TS:IOP-service] MCSERV active=1 unknown_rpc_logs=0
[TS:IOP-service] dbcman active=0 reported_version=784 version_queries=0 failed_version_replies=0 unknown_rpc_logs=0
[TS:IOP-service] libsd active=1
[TS:sound-memory] writes=7 bytes_written=57856 reads=0 bytes_read=0 note=memory-transfers-not-mixed-audio
[TS:pad-script] reads=240 exhausted=0 timed=1 time_scale=2
INFO: AUDIO: Device closed successfully
