Warning: NMake does not support parallel builds. Ignoring parallel build command line option.
[ 14%] Built target rabbitizer
[ 14%] Built target fmt
[ 42%] Built target dwarf
[ 57%] Built target ps2_recomp_lib
[ 71%] Built target ps2_iop
[ 71%] Built target glfw
[ 71%] Built target raylib
[ 71%] Building CXX object ps2xRuntime/CMakeFiles/ps2_runtime.dir/src/lib/game_overrides.cpp.obj
game_overrides.cpp
[ 71%] Building CXX object ps2xRuntime/CMakeFiles/ps2_runtime.dir/src/lib/ps2_iop_host.cpp.obj
ps2_iop_host.cpp
[ 71%] Building CXX object ps2xRuntime/CMakeFiles/ps2_runtime.dir/src/lib/ps2_pad.cpp.obj
ps2_pad.cpp
[ 71%] Building CXX object ps2xRuntime/CMakeFiles/ps2_runtime.dir/src/lib/ps2_runtime.cpp.obj
ps2_runtime.cpp
[ 71%] Building CXX object ps2xRuntime/CMakeFiles/ps2_runtime.dir/src/lib/Kernel/EeScheduler.cpp.obj
EeScheduler.cpp
[ 71%] Building CXX object ps2xRuntime/CMakeFiles/ps2_runtime.dir/src/lib/Kernel/Stubs/Audio.cpp.obj
Audio.cpp
[ 85%] Building CXX object ps2xRuntime/CMakeFiles/ps2_runtime.dir/src/lib/Kernel/Stubs/CD.cpp.obj
CD.cpp
[ 85%] Building CXX object ps2xRuntime/CMakeFiles/ps2_runtime.dir/src/lib/Kernel/Stubs/Compatibility.cpp.obj
Compatibility.cpp
[ 85%] Building CXX object ps2xRuntime/CMakeFiles/ps2_runtime.dir/src/lib/Kernel/Stubs/DMA.cpp.obj
DMA.cpp
[ 85%] Building CXX object ps2xRuntime/CMakeFiles/ps2_runtime.dir/src/lib/Kernel/Stubs/Deci2.cpp.obj
Deci2.cpp
[ 85%] Building CXX object ps2xRuntime/CMakeFiles/ps2_runtime.dir/src/lib/Kernel/Stubs/FileIO.cpp.obj
FileIO.cpp
[ 85%] Building CXX object ps2xRuntime/CMakeFiles/ps2_runtime.dir/src/lib/Kernel/Stubs/Font.cpp.obj
Font.cpp
[ 85%] Building CXX object ps2xRuntime/CMakeFiles/ps2_runtime.dir/src/lib/Kernel/Stubs/GS.cpp.obj
GS.cpp
[ 85%] Building CXX object ps2xRuntime/CMakeFiles/ps2_runtime.dir/src/lib/Kernel/Stubs/IPU.cpp.obj
IPU.cpp
[ 85%] Building CXX object ps2xRuntime/CMakeFiles/ps2_runtime.dir/src/lib/Kernel/Stubs/LibC.cpp.obj
LibC.cpp
[ 85%] Building CXX object ps2xRuntime/CMakeFiles/ps2_runtime.dir/src/lib/Kernel/Stubs/MPEG.cpp.obj
MPEG.cpp
[ 85%] Building CXX object ps2xRuntime/CMakeFiles/ps2_runtime.dir/src/lib/Kernel/Stubs/MemoryCard.cpp.obj
MemoryCard.cpp
[ 85%] Building CXX object ps2xRuntime/CMakeFiles/ps2_runtime.dir/src/lib/Kernel/Stubs/Pad.cpp.obj
Pad.cpp
[ 85%] Building CXX object ps2xRuntime/CMakeFiles/ps2_runtime.dir/src/lib/Kernel/Stubs/RPC.cpp.obj
RPC.cpp
[ 85%] Building CXX object ps2xRuntime/CMakeFiles/ps2_runtime.dir/src/lib/Kernel/Stubs/SIF.cpp.obj
SIF.cpp
[ 85%] Building CXX object ps2xRuntime/CMakeFiles/ps2_runtime.dir/src/lib/Kernel/Stubs/System.cpp.obj
System.cpp
[ 85%] Building CXX object ps2xRuntime/CMakeFiles/ps2_runtime.dir/src/lib/Kernel/Stubs/TTY.cpp.obj
TTY.cpp
[ 85%] Building CXX object ps2xRuntime/CMakeFiles/ps2_runtime.dir/src/lib/Kernel/Stubs/Unimplemented.cpp.obj
Unimplemented.cpp
[ 85%] Building CXX object ps2xRuntime/CMakeFiles/ps2_runtime.dir/src/lib/Kernel/Stubs/VU.cpp.obj
VU.cpp
[ 85%] Building CXX object ps2xRuntime/CMakeFiles/ps2_runtime.dir/src/lib/Kernel/Syscalls/Deci2.cpp.obj
Deci2.cpp
[ 85%] Building CXX object ps2xRuntime/CMakeFiles/ps2_runtime.dir/src/lib/Kernel/Syscalls/Dispatcher.cpp.obj
Dispatcher.cpp
[ 85%] Building CXX object ps2xRuntime/CMakeFiles/ps2_runtime.dir/src/lib/Kernel/Syscalls/FileIO.cpp.obj
FileIO.cpp
[ 85%] Building CXX object ps2xRuntime/CMakeFiles/ps2_runtime.dir/src/lib/Kernel/Syscalls/Interrupt.cpp.obj
Interrupt.cpp
[ 85%] Building CXX object ps2xRuntime/CMakeFiles/ps2_runtime.dir/src/lib/Kernel/Syscalls/RPC.cpp.obj
RPC.cpp
[ 85%] Building CXX object ps2xRuntime/CMakeFiles/ps2_runtime.dir/src/lib/Kernel/Syscalls/Sync.cpp.obj
Sync.cpp
[ 85%] Building CXX object ps2xRuntime/CMakeFiles/ps2_runtime.dir/src/lib/Kernel/Syscalls/System.cpp.obj
System.cpp
[ 85%] Building CXX object ps2xRuntime/CMakeFiles/ps2_runtime.dir/src/lib/Kernel/Syscalls/Thread.cpp.obj
Thread.cpp
[ 85%] Linking CXX static library ps2_runtime.lib
[ 85%] Built target ps2_runtime
[ 85%] Built target ps2_analyzer_lib
[ 85%] Building CXX object ps2xTest/CMakeFiles/ps2_test_function_table.dir/src/test_function_table.cpp.obj
test_function_table.cpp
[ 85%] Built target ps2_test_function_table
[ 85%] Building CXX object ps2xTest/CMakeFiles/ps2_test_lib.dir/src/pad_input_tests.cpp.obj
pad_input_tests.cpp
[ 85%] Building CXX object ps2xTest/CMakeFiles/ps2_test_lib.dir/src/ps2_runtime_io_tests.cpp.obj
ps2_runtime_io_tests.cpp
[ 85%] Building CXX object ps2xTest/CMakeFiles/ps2_test_lib.dir/src/ps2_runtime_kernel_tests.cpp.obj
ps2_runtime_kernel_tests.cpp
[ 85%] Building CXX object ps2xTest/CMakeFiles/ps2_test_lib.dir/src/ps2_runtime_interrupt_tests.cpp.obj
ps2_runtime_interrupt_tests.cpp
[ 85%] Building CXX object ps2xTest/CMakeFiles/ps2_test_lib.dir/src/ps2_memory_tests.cpp.obj
ps2_memory_tests.cpp
[ 85%] Building CXX object ps2xTest/CMakeFiles/ps2_test_lib.dir/src/ps2_vu_tests.cpp.obj
ps2_vu_tests.cpp
[ 85%] Building CXX object ps2xTest/CMakeFiles/ps2_test_lib.dir/src/ps2_gs_tests.cpp.obj
ps2_gs_tests.cpp
[ 85%] Building CXX object ps2xTest/CMakeFiles/ps2_test_lib.dir/src/ps2_sif_rpc_tests.cpp.obj
ps2_sif_rpc_tests.cpp
[ 85%] Building CXX object ps2xTest/CMakeFiles/ps2_test_lib.dir/src/ps2_sif_dma_tests.cpp.obj
ps2_sif_dma_tests.cpp
[ 85%] Building CXX object ps2xTest/CMakeFiles/ps2_test_lib.dir/src/ps2_runtime_expansion_tests.cpp.obj
ps2_runtime_expansion_tests.cpp
[ 85%] Linking CXX static library ps2_test_lib.lib
[100%] Built target ps2_test_lib
[100%] Linking CXX executable ps2x_tests.exe
[100%] Built target ps2x_tests
[  1%] Built target ps2_iop
[  1%] Built target glfw
[  1%] Built target raylib
[  2%] Built target ps2_runtime
[  3%] Building CXX object timesplitters/CMakeFiles/timesplitters.dir/cmake_pch.cxx.obj
cmake_pch.cxx
[  3%] Building CXX object timesplitters/CMakeFiles/timesplitters.dir/D_/Programming/GitHub/Timesplitters/project/generated/AddDmacHandler2_0x2cfe40.cpp.obj
AddDmacHandler2_0x2cfe40.cpp
[  3%] Building CXX object timesplitters/CMakeFiles/timesplitters.dir/D_/Programming/GitHub/Timesplitters/project/generated/AddDmacHandler_0x2cfe30.cpp.obj
AddDmacHandler_0x2cfe30.cpp
[  3%] Building CXX object timesplitters/CMakeFiles/timesplitters.dir/D_/Programming/GitHub/Timesplitters/project/generated/AddIntcHandler2_0x2cfe10.cpp.obj
AddIntcHandler2_0x2cfe10.cpp
[  3%] Building CXX object timesplitters/CMakeFiles/timesplitters.dir/D_/Programming/GitHub/Timesplitters/project/generated/AddIntcHandler_0x2cfe00.cpp.obj
AddIntcHandler_0x2cfe00.cpp
[  3%] Building CXX object timesplitters/CMakeFiles/timesplitters.dir/D_/Programming/GitHub/Timesplitters/project/generated/AddSbusIntcHandler_0x2cfda0.cpp.obj
AddSbusIntcHandler_0x2cfda0.cpp
[  3%] Building CXX object timesplitters/CMakeFiles/timesplitters.dir/D_/Programming/GitHub/Timesplitters/project/generated/AdjustTime_0x2e10a8.cpp.obj
AdjustTime_0x2e10a8.cpp
[  3%] Building CXX object timesplitters/CMakeFiles/timesplitters.dir/D_/Programming/GitHub/Timesplitters/project/generated/AllocMem_0x21a750.cpp.obj
AllocMem_0x21a750.cpp
[  3%] Building CXX object timesplitters/CMakeFiles/timesplitters.dir/D_/Programming/GitHub/Timesplitters/project/generated/AllocReset_0x21a7a0.cpp.obj
AllocReset_0x21a7a0.cpp
[  3%] Building CXX object timesplitters/CMakeFiles/timesplitters.dir/D_/Programming/GitHub/Timesplitters/project/generated/BuffAddfloat_0x2040e8.cpp.obj
BuffAddfloat_0x2040e8.cpp
[  3%] Building CXX object timesplitters/CMakeFiles/timesplitters.dir/D_/Programming/GitHub/Timesplitters/project/generated/BuffAddu16_0x204088.cpp.obj
BuffAddu16_0x204088.cpp
[  3%] Building CXX object timesplitters/CMakeFiles/timesplitters.dir/D_/Programming/GitHub/Timesplitters/project/generated/BuffAddu32_0x2040b8.cpp.obj
BuffAddu32_0x2040b8.cpp
[  3%] Building CXX object timesplitters/CMakeFiles/timesplitters.dir/D_/Programming/GitHub/Timesplitters/project/generated/BuffAddu8_0x204060.cpp.obj
BuffAddu8_0x204060.cpp
[  3%] Building CXX object timesplitters/CMakeFiles/timesplitters.dir/D_/Programming/GitHub/Timesplitters/project/generated/BuffRemovefloat_0x2041a0.cpp.obj
BuffRemovefloat_0x2041a0.cpp
[  3%] Building CXX object timesplitters/CMakeFiles/timesplitters.dir/D_/Programming/GitHub/Timesplitters/project/generated/BuffRemoveu16_0x204140.cpp.obj
BuffRemoveu16_0x204140.cpp
[  3%] Building CXX object timesplitters/CMakeFiles/timesplitters.dir/D_/Programming/GitHub/Timesplitters/project/generated/BuffRemoveu32_0x204170.cpp.obj
BuffRemoveu32_0x204170.cpp
[  3%] Building CXX object timesplitters/CMakeFiles/timesplitters.dir/D_/Programming/GitHub/Timesplitters/project/generated/BuffRemoveu8_0x204118.cpp.obj
BuffRemoveu8_0x204118.cpp
[  3%] Building CXX object timesplitters/CMakeFiles/timesplitters.dir/D_/Programming/GitHub/Timesplitters/project/generated/CancelWakeupThread_0x2d0070.cpp.obj
CancelWakeupThread_0x2d0070.cpp
[  3%] Building CXX object timesplitters/CMakeFiles/timesplitters.dir/D_/Programming/GitHub/Timesplitters/project/generated/ChangeThreadPriority_0x2cffb0.cpp.obj
ChangeThreadPriority_0x2cffb0.cpp
[  3%] Building CXX object timesplitters/CMakeFiles/timesplitters.dir/D_/Programming/GitHub/Timesplitters/project/generated/CircleYesTriangleNo_0x24d2a0.cpp.obj
CircleYesTriangleNo_0x24d2a0.cpp
[  3%] Building CXX object timesplitters/CMakeFiles/timesplitters.dir/D_/Programming/GitHub/Timesplitters/project/generated/CpuConfig_0x2d03b0.cpp.obj
CpuConfig_0x2d03b0.cpp
[  3%] Building CXX object timesplitters/CMakeFiles/timesplitters.dir/D_/Programming/GitHub/Timesplitters/project/generated/CreateSema_0x2d0120.cpp.obj
CreateSema_0x2d0120.cpp
[  3%] Building CXX object timesplitters/CMakeFiles/timesplitters.dir/D_/Programming/GitHub/Timesplitters/project/generated/CreateThread_0x2cff20.cpp.obj
CreateThread_0x2cff20.cpp
[  3%] Building CXX object timesplitters/CMakeFiles/timesplitters.dir/D_/Programming/GitHub/Timesplitters/project/generated/DPRINT_0x2d59a0.cpp.obj
DPRINT_0x2d59a0.cpp
[  3%] Building CXX object timesplitters/CMakeFiles/timesplitters.dir/D_/Programming/GitHub/Timesplitters/project/generated/Deci2Call_0x2d0550.cpp.obj
Deci2Call_0x2d0550.cpp
[  3%] Building CXX object timesplitters/CMakeFiles/timesplitters.dir/D_/Programming/GitHub/Timesplitters/project/generated/DeleteSema_0x2d0130.cpp.obj
DeleteSema_0x2d0130.cpp
[  3%] Building CXX object timesplitters/CMakeFiles/timesplitters.dir/D_/Programming/GitHub/Timesplitters/project/generated/DeleteThread_0x2cff30.cpp.obj
DeleteThread_0x2cff30.cpp
[  3%] Building CXX object timesplitters/CMakeFiles/timesplitters.dir/D_/Programming/GitHub/Timesplitters/project/generated/DisableCache_0x2d0380.cpp.obj
DisableCache_0x2d0380.cpp
[  3%] Building CXX object timesplitters/CMakeFiles/timesplitters.dir/D_/Programming/GitHub/Timesplitters/project/generated/DisableDispatchThread_0x2cff90.cpp.obj
DisableDispatchThread_0x2cff90.cpp
[  4%] Building CXX object timesplitters/CMakeFiles/timesplitters.dir/D_/Programming/GitHub/Timesplitters/project/generated/DisableDmacHandler_0x2d0340.cpp.obj
DisableDmacHandler_0x2d0340.cpp
[  4%] Building CXX object timesplitters/CMakeFiles/timesplitters.dir/D_/Programming/GitHub/Timesplitters/project/generated/DisableDmac_0x2d0c50.cpp.obj
DisableDmac_0x2d0c50.cpp
[  4%] Building CXX object timesplitters/CMakeFiles/timesplitters.dir/D_/Programming/GitHub/Timesplitters/project/generated/DisableIntcHandler_0x2d0300.cpp.obj
DisableIntcHandler_0x2d0300.cpp
[  4%] Building CXX object timesplitters/CMakeFiles/timesplitters.dir/D_/Programming/GitHub/Timesplitters/project/generated/DisableIntc_0x2d0b80.cpp.obj
DisableIntc_0x2d0b80.cpp
[  4%] Building CXX object timesplitters/CMakeFiles/timesplitters.dir/D_/Programming/GitHub/Timesplitters/project/generated/DisplayChallengeDebug_0x21f780.cpp.obj
DisplayChallengeDebug_0x21f780.cpp
[  4%] Building CXX object timesplitters/CMakeFiles/timesplitters.dir/D_/Programming/GitHub/Timesplitters/project/generated/DistFromWallSq_0x27cb68.cpp.obj
DistFromWallSq_0x27cb68.cpp
[  4%] Building CXX object timesplitters/CMakeFiles/timesplitters.dir/D_/Programming/GitHub/Timesplitters/project/generated/EnableCache_0x2d0370.cpp.obj
EnableCache_0x2d0370.cpp
[  4%] Building CXX object timesplitters/CMakeFiles/timesplitters.dir/D_/Programming/GitHub/Timesplitters/project/generated/EnableDispatchThread_0x2cffa0.cpp.obj
EnableDispatchThread_0x2cffa0.cpp
[  4%] Building CXX object timesplitters/CMakeFiles/timesplitters.dir/D_/Programming/GitHub/Timesplitters/project/generated/EnableDmacHandler_0x2d0320.cpp.obj
EnableDmacHandler_0x2d0320.cpp
[  4%] Building CXX object timesplitters/CMakeFiles/timesplitters.dir/D_/Programming/GitHub/Timesplitters/project/generated/EnableDmac_0x2d0cb8.cpp.obj
EnableDmac_0x2d0cb8.cpp
[  4%] Building CXX object timesplitters/CMakeFiles/timesplitters.dir/D_/Programming/GitHub/Timesplitters/project/generated/EnableIntcHandler_0x2d02e0.cpp.obj
EnableIntcHandler_0x2d02e0.cpp
[  4%] Building CXX object timesplitters/CMakeFiles/timesplitters.dir/D_/Programming/GitHub/Timesplitters/project/generated/EnableIntc_0x2d0be8.cpp.obj
EnableIntc_0x2d0be8.cpp
[  4%] Building CXX object timesplitters/CMakeFiles/timesplitters.dir/D_/Programming/GitHub/Timesplitters/project/generated/EndOfHeap_0x2d0100.cpp.obj
EndOfHeap_0x2d0100.cpp
[  4%] Building CXX object timesplitters/CMakeFiles/timesplitters.dir/D_/Programming/GitHub/Timesplitters/project/generated/ExecOSD_0x2d0540.cpp.obj
ExecOSD_0x2d0540.cpp
[  4%] Building CXX object timesplitters/CMakeFiles/timesplitters.dir/D_/Programming/GitHub/Timesplitters/project/generated/ExecPS2_0x2cfd70.cpp.obj
ExecPS2_0x2cfd70.cpp
[  4%] Building CXX object timesplitters/CMakeFiles/timesplitters.dir/D_/Programming/GitHub/Timesplitters/project/generated/ExitDeleteThread_0x2cff60.cpp.obj
ExitDeleteThread_0x2cff60.cpp
[  4%] Building CXX object timesplitters/CMakeFiles/timesplitters.dir/D_/Programming/GitHub/Timesplitters/project/generated/ExitThread_0x2cff50.cpp.obj
ExitThread_0x2cff50.cpp
[  4%] Building CXX object timesplitters/CMakeFiles/timesplitters.dir/D_/Programming/GitHub/Timesplitters/project/generated/Exit_0x2cfd40.cpp.obj
Exit_0x2cfd40.cpp
[  4%] Building CXX object timesplitters/CMakeFiles/timesplitters.dir/D_/Programming/GitHub/Timesplitters/project/generated/FDiv_0x24b9a0.cpp.obj
FDiv_0x24b9a0.cpp
[  4%] Building CXX object timesplitters/CMakeFiles/timesplitters.dir/D_/Programming/GitHub/Timesplitters/project/generated/FMul_0x24b978.cpp.obj
FMul_0x24b978.cpp
[  4%] Building CXX object timesplitters/CMakeFiles/timesplitters.dir/D_/Programming/GitHub/Timesplitters/project/generated/FindBestBonePos_0x285348.cpp.obj
FindBestBonePos_0x285348.cpp
[  4%] Building CXX object timesplitters/CMakeFiles/timesplitters.dir/D_/Programming/GitHub/Timesplitters/project/generated/FindPartCenterPos_0x285770.cpp.obj
FindPartCenterPos_0x285770.cpp
[  4%] Building CXX object timesplitters/CMakeFiles/timesplitters.dir/D_/Programming/GitHub/Timesplitters/project/generated/FindRawData_0x2b9130.cpp.obj
FindRawData_0x2b9130.cpp
[  4%] Building CXX object timesplitters/CMakeFiles/timesplitters.dir/D_/Programming/GitHub/Timesplitters/project/generated/FlushCache_0x2d03a0.cpp.obj
FlushCache_0x2d03a0.cpp
[  4%] Building CXX object timesplitters/CMakeFiles/timesplitters.dir/D_/Programming/GitHub/Timesplitters/project/generated/FlushOut_0x21be88.cpp.obj
FlushOut_0x21be88.cpp
[  4%] Building CXX object timesplitters/CMakeFiles/timesplitters.dir/D_/Programming/GitHub/Timesplitters/project/generated/ForceRead_0x2d0420.cpp.obj
ForceRead_0x2d0420.cpp
[  4%] Building CXX object timesplitters/CMakeFiles/timesplitters.dir/D_/Programming/GitHub/Timesplitters/project/generated/ForceWrite_0x2d0430.cpp.obj
ForceWrite_0x2d0430.cpp
[  4%] Building CXX object timesplitters/CMakeFiles/timesplitters.dir/D_/Programming/GitHub/Timesplitters/project/generated/GSBufferWidth_0x2b7010.cpp.obj
GSBufferWidth_0x2b7010.cpp
[  4%] Building CXX object timesplitters/CMakeFiles/timesplitters.dir/D_/Programming/GitHub/Timesplitters/project/generated/GetChallengeTimeLeft_0x21f318.cpp.obj
GetChallengeTimeLeft_0x21f318.cpp
[  4%] Building CXX object timesplitters/CMakeFiles/timesplitters.dir/D_/Programming/GitHub/Timesplitters/project/generated/GetControllerFromBuff_0x2042b0.cpp.obj
GetControllerFromBuff_0x2042b0.cpp
[  5%] Building CXX object timesplitters/CMakeFiles/timesplitters.dir/D_/Programming/GitHub/Timesplitters/project/generated/GetControllerNumber_0x204390.cpp.obj
GetControllerNumber_0x204390.cpp
[  5%] Building CXX object timesplitters/CMakeFiles/timesplitters.dir/D_/Programming/GitHub/Timesplitters/project/generated/GetCop0_0x2d0390.cpp.obj
GetCop0_0x2d0390.cpp
[  5%] Building CXX object timesplitters/CMakeFiles/timesplitters.dir/D_/Programming/GitHub/Timesplitters/project/generated/GetFormat_0x2b9ad8.cpp.obj
GetFormat_0x2b9ad8.cpp
[  5%] Building CXX object timesplitters/CMakeFiles/timesplitters.dir/D_/Programming/GitHub/Timesplitters/project/generated/GetGsHParam_0x2d01e0.cpp.obj
GetGsHParam_0x2d01e0.cpp
[  5%] Building CXX object timesplitters/CMakeFiles/timesplitters.dir/D_/Programming/GitHub/Timesplitters/project/generated/GetGsVParam_0x2d01f0.cpp.obj
GetGsVParam_0x2d01f0.cpp
[  5%] Building CXX object timesplitters/CMakeFiles/timesplitters.dir/D_/Programming/GitHub/Timesplitters/project/generated/GetHeader_0x21bed0.cpp.obj
GetHeader_0x21bed0.cpp
[  5%] Building CXX object timesplitters/CMakeFiles/timesplitters.dir/D_/Programming/GitHub/Timesplitters/project/generated/GetMemorySize_0x2d0580.cpp.obj
GetMemorySize_0x2d0580.cpp
[  5%] Building CXX object timesplitters/CMakeFiles/timesplitters.dir/D_/Programming/GitHub/Timesplitters/project/generated/GetOsdConfigParam2_0x2b3c40.cpp.obj
GetOsdConfigParam2_0x2b3c40.cpp
[  5%] Building CXX object timesplitters/CMakeFiles/timesplitters.dir/D_/Programming/GitHub/Timesplitters/project/generated/GetOsdConfigParam_0x2d01d0.cpp.obj
GetOsdConfigParam_0x2d01d0.cpp
[  5%] Building CXX object timesplitters/CMakeFiles/timesplitters.dir/D_/Programming/GitHub/Timesplitters/project/generated/GetPlayerDialogTitle_0x2315b0.cpp.obj
GetPlayerDialogTitle_0x2315b0.cpp
[  5%] Building CXX object timesplitters/CMakeFiles/timesplitters.dir/D_/Programming/GitHub/Timesplitters/project/generated/GetPlayerSignOnMessage_0x231638.cpp.obj
GetPlayerSignOnMessage_0x231638.cpp
[  5%] Building CXX object timesplitters/CMakeFiles/timesplitters.dir/D_/Programming/GitHub/Timesplitters/project/generated/GetRomName_0x2e0878.cpp.obj
GetRomName_0x2e0878.cpp
[  5%] Building CXX object timesplitters/CMakeFiles/timesplitters.dir/D_/Programming/GitHub/Timesplitters/project/generated/GetRootDirDetails_0x2b35e8.cpp.obj
GetRootDirDetails_0x2b35e8.cpp
[  5%] Building CXX object timesplitters/CMakeFiles/timesplitters.dir/D_/Programming/GitHub/Timesplitters/project/generated/GetThreadId_0x2d0010.cpp.obj
GetThreadId_0x2d0010.cpp
[  5%] Building CXX object timesplitters/CMakeFiles/timesplitters.dir/D_/Programming/GitHub/Timesplitters/project/generated/GetXOffset_0x2022a8.cpp.obj
GetXOffset_0x2022a8.cpp
[  5%] Building CXX object timesplitters/CMakeFiles/timesplitters.dir/D_/Programming/GitHub/Timesplitters/project/generated/GsGetIMR_0x2d0440.cpp.obj
GsGetIMR_0x2d0440.cpp
[  5%] Building CXX object timesplitters/CMakeFiles/timesplitters.dir/D_/Programming/GitHub/Timesplitters/project/generated/GsPutIMR_0x2d0460.cpp.obj
GsPutIMR_0x2d0460.cpp
[  5%] Building CXX object timesplitters/CMakeFiles/timesplitters.dir/D_/Programming/GitHub/Timesplitters/project/generated/HitTestDistanceLineSegmentToLineSegmentSquared_0x20b1a8.cpp.obj
HitTestDistanceLineSegmentToLineSegmentSquared_0x20b1a8.cpp
[  5%] Building CXX object timesplitters/CMakeFiles/timesplitters.dir/D_/Programming/GitHub/Timesplitters/project/generated/HitTestDistanceLineSegmentToPlane_0x20af20.cpp.obj
HitTestDistanceLineSegmentToPlane_0x20af20.cpp
[  5%] Building CXX object timesplitters/CMakeFiles/timesplitters.dir/D_/Programming/GitHub/Timesplitters/project/generated/HitTestDistancePointToLineSegmentSquared_0x20add0.cpp.obj
HitTestDistancePointToLineSegmentSquared_0x20add0.cpp
[  5%] Building CXX object timesplitters/CMakeFiles/timesplitters.dir/D_/Programming/GitHub/Timesplitters/project/generated/HitTestDistancePointToLineSquared_0x20acf0.cpp.obj
HitTestDistancePointToLineSquared_0x20acf0.cpp
[  5%] Building CXX object timesplitters/CMakeFiles/timesplitters.dir/D_/Programming/GitHub/Timesplitters/project/generated/HitTestLineBox_0x20aa80.cpp.obj
HitTestLineBox_0x20aa80.cpp
[  5%] Building CXX object timesplitters/CMakeFiles/timesplitters.dir/D_/Programming/GitHub/Timesplitters/project/generated/HitTestLineCylinder_0x20a080.cpp.obj
HitTestLineCylinder_0x20a080.cpp
[  5%] Building CXX object timesplitters/CMakeFiles/timesplitters.dir/D_/Programming/GitHub/Timesplitters/project/generated/HitTestLineSphere_0x20a8d8.cpp.obj
HitTestLineSphere_0x20a8d8.cpp
[  5%] Building CXX object timesplitters/CMakeFiles/timesplitters.dir/D_/Programming/GitHub/Timesplitters/project/generated/ImageGetDetailsFromMem_0x2b9c90.cpp.obj
ImageGetDetailsFromMem_0x2b9c90.cpp
[  5%] Building CXX object timesplitters/CMakeFiles/timesplitters.dir/D_/Programming/GitHub/Timesplitters/project/generated/ImageGetDetails_0x2b9b98.cpp.obj
ImageGetDetails_0x2b9b98.cpp
[  5%] Building CXX object timesplitters/CMakeFiles/timesplitters.dir/D_/Programming/GitHub/Timesplitters/project/generated/ImageLoadFromMem_0x2b9cd8.cpp.obj
ImageLoadFromMem_0x2b9cd8.cpp
[  5%] Building CXX object timesplitters/CMakeFiles/timesplitters.dir/D_/Programming/GitHub/Timesplitters/project/generated/ImageLoad_0x2b9bf0.cpp.obj
ImageLoad_0x2b9bf0.cpp
[  5%] Building CXX object timesplitters/CMakeFiles/timesplitters.dir/D_/Programming/GitHub/Timesplitters/project/generated/Inflate_0x21c130.cpp.obj
Inflate_0x21c130.cpp
[  6%] Building CXX object timesplitters/CMakeFiles/timesplitters.dir/D_/Programming/GitHub/Timesplitters/project/generated/InitialiseChrBoundingBoxData_0x285a50.cpp.obj
InitialiseChrBoundingBoxData_0x285a50.cpp
[  6%] Building CXX object timesplitters/CMakeFiles/timesplitters.dir/D_/Programming/GitHub/Timesplitters/project/generated/Interrupt2Iop_0x2cfdc0.cpp.obj
Interrupt2Iop_0x2cfdc0.cpp
[  6%] Building CXX object timesplitters/CMakeFiles/timesplitters.dir/D_/Programming/GitHub/Timesplitters/project/generated/InvalidDCache_0x2d0af0.cpp.obj
InvalidDCache_0x2d0af0.cpp
[  6%] Building CXX object timesplitters/CMakeFiles/timesplitters.dir/D_/Programming/GitHub/Timesplitters/project/generated/IsFileInDir_0x2b37b0.cpp.obj
IsFileInDir_0x2b37b0.cpp
[  6%] Building CXX object timesplitters/CMakeFiles/timesplitters.dir/D_/Programming/GitHub/Timesplitters/project/generated/IsT10K_0x2e0918.cpp.obj
IsT10K_0x2e0918.cpp
[  6%] Building CXX object timesplitters/CMakeFiles/timesplitters.dir/D_/Programming/GitHub/Timesplitters/project/generated/JoinThread_0x2d00d0.cpp.obj
JoinThread_0x2d00d0.cpp
[  6%] Building CXX object timesplitters/CMakeFiles/timesplitters.dir/D_/Programming/GitHub/Timesplitters/project/generated/KSeg0_0x2d0360.cpp.obj
KSeg0_0x2d0360.cpp
[  6%] Building CXX object timesplitters/CMakeFiles/timesplitters.dir/D_/Programming/GitHub/Timesplitters/project/generated/LinePointDistanceSquared_0x263628.cpp.obj
LinePointDistanceSquared_0x263628.cpp
[  6%] Building CXX object timesplitters/CMakeFiles/timesplitters.dir/D_/Programming/GitHub/Timesplitters/project/generated/LoadExecPS2_0x2cfd60.cpp.obj
LoadExecPS2_0x2cfd60.cpp
[  6%] Building CXX object timesplitters/CMakeFiles/timesplitters.dir/D_/Programming/GitHub/Timesplitters/project/generated/MachineType_0x2d0570.cpp.obj
MachineType_0x2d0570.cpp
[  6%] Building CXX object timesplitters/CMakeFiles/timesplitters.dir/D_/Programming/GitHub/Timesplitters/project/generated/MakeCSM1Palette_0x2b9050.cpp.obj
MakeCSM1Palette_0x2b9050.cpp
[  6%] Building CXX object timesplitters/CMakeFiles/timesplitters.dir/D_/Programming/GitHub/Timesplitters/project/generated/MoveTestPropWalls_0x270950.cpp.obj
MoveTestPropWalls_0x270950.cpp
[  6%] Building CXX object timesplitters/CMakeFiles/timesplitters.dir/D_/Programming/GitHub/Timesplitters/project/generated/MoveTestWall_0x27cce0.cpp.obj
MoveTestWall_0x27cce0.cpp
[  6%] Building CXX object timesplitters/CMakeFiles/timesplitters.dir/D_/Programming/GitHub/Timesplitters/project/generated/OpenRGB_0x2b9650.cpp.obj
OpenRGB_0x2b9650.cpp
[  6%] Building CXX object timesplitters/CMakeFiles/timesplitters.dir/D_/Programming/GitHub/Timesplitters/project/generated/OpenXPM_0x2b9180.cpp.obj
OpenXPM_0x2b9180.cpp
[  6%] Building CXX object timesplitters/CMakeFiles/timesplitters.dir/D_/Programming/GitHub/Timesplitters/project/generated/PSMode_0x2d0560.cpp.obj
PSMode_0x2d0560.cpp
[  6%] Building CXX object timesplitters/CMakeFiles/timesplitters.dir/D_/Programming/GitHub/Timesplitters/project/generated/PollSema_0x2d0170.cpp.obj
PollSema_0x2d0170.cpp
[  6%] Building CXX object timesplitters/CMakeFiles/timesplitters.dir/D_/Programming/GitHub/Timesplitters/project/generated/PowerOf2_0x2b48c0.cpp.obj
PowerOf2_0x2b48c0.cpp
[  6%] Building CXX object timesplitters/CMakeFiles/timesplitters.dir/D_/Programming/GitHub/Timesplitters/project/generated/PowerOffCB_0x2de390.cpp.obj
PowerOffCB_0x2de390.cpp
[  6%] Building CXX object timesplitters/CMakeFiles/timesplitters.dir/D_/Programming/GitHub/Timesplitters/project/generated/PutControllerInBuff_0x2041d0.cpp.obj
PutControllerInBuff_0x2041d0.cpp
[  6%] Building CXX object timesplitters/CMakeFiles/timesplitters.dir/D_/Programming/GitHub/Timesplitters/project/generated/QueueInit_0x2d0eb8.cpp.obj
QueueInit_0x2d0eb8.cpp
[  6%] Building CXX object timesplitters/CMakeFiles/timesplitters.dir/D_/Programming/GitHub/Timesplitters/project/generated/QueuePeekReadDone_0x2d0f20.cpp.obj
QueuePeekReadDone_0x2d0f20.cpp
[  6%] Building CXX object timesplitters/CMakeFiles/timesplitters.dir/D_/Programming/GitHub/Timesplitters/project/generated/QueuePeekWriteDone_0x2d0ee0.cpp.obj
QueuePeekWriteDone_0x2d0ee0.cpp
[  6%] Building CXX object timesplitters/CMakeFiles/timesplitters.dir/D_/Programming/GitHub/Timesplitters/project/generated/RFU000_FullReset_0x2cfd00.cpp.obj
RFU000_FullReset_0x2cfd00.cpp
[  6%] Building CXX object timesplitters/CMakeFiles/timesplitters.dir/D_/Programming/GitHub/Timesplitters/project/generated/RFU003_0x2cfd30.cpp.obj
RFU003_0x2cfd30.cpp
[  6%] Building CXX object timesplitters/CMakeFiles/timesplitters.dir/D_/Programming/GitHub/Timesplitters/project/generated/RFU005_0x2cfd50.cpp.obj
RFU005_0x2cfd50.cpp
[  6%] Building CXX object timesplitters/CMakeFiles/timesplitters.dir/D_/Programming/GitHub/Timesplitters/project/generated/RFU008_0x2cfd80.cpp.obj
RFU008_0x2cfd80.cpp
[  6%] Building CXX object timesplitters/CMakeFiles/timesplitters.dir/D_/Programming/GitHub/Timesplitters/project/generated/RFU009_0x2cfd90.cpp.obj
RFU009_0x2cfd90.cpp
[  6%] Building CXX object timesplitters/CMakeFiles/timesplitters.dir/D_/Programming/GitHub/Timesplitters/project/generated/RFU060_0x2d00e0.cpp.obj
RFU060_0x2d00e0.cpp
[  6%] Building CXX object timesplitters/CMakeFiles/timesplitters.dir/D_/Programming/GitHub/Timesplitters/project/generated/RFU061_0x2d00f0.cpp.obj
RFU061_0x2d00f0.cpp
[  7%] Building CXX object timesplitters/CMakeFiles/timesplitters.dir/D_/Programming/GitHub/Timesplitters/project/generated/RFU063_0x2d0110.cpp.obj
RFU063_0x2d0110.cpp
[  7%] Building CXX object timesplitters/CMakeFiles/timesplitters.dir/D_/Programming/GitHub/Timesplitters/project/generated/RFU073_0x2d01b0.cpp.obj
RFU073_0x2d01b0.cpp
[  7%] Building CXX object timesplitters/CMakeFiles/timesplitters.dir/D_/Programming/GitHub/Timesplitters/project/generated/RFU080_CreateEventFlag_0x2d0220.cpp.obj
RFU080_CreateEventFlag_0x2d0220.cpp
[  7%] Building CXX object timesplitters/CMakeFiles/timesplitters.dir/D_/Programming/GitHub/Timesplitters/project/generated/RFU081_DeleteEventFlag_0x2d0230.cpp.obj
RFU081_DeleteEventFlag_0x2d0230.cpp
[  7%] Building CXX object timesplitters/CMakeFiles/timesplitters.dir/D_/Programming/GitHub/Timesplitters/project/generated/RFU082_SetEventFlag_0x2d0240.cpp.obj
RFU082_SetEventFlag_0x2d0240.cpp
[  7%] Building CXX object timesplitters/CMakeFiles/timesplitters.dir/D_/Programming/GitHub/Timesplitters/project/generated/RFU083_iSetEventFlag_0x2d0250.cpp.obj
RFU083_iSetEventFlag_0x2d0250.cpp
[  7%] Building CXX object timesplitters/CMakeFiles/timesplitters.dir/D_/Programming/GitHub/Timesplitters/project/generated/RFU084_ClearEventFlag_0x2d0260.cpp.obj
RFU084_ClearEventFlag_0x2d0260.cpp
[  7%] Building CXX object timesplitters/CMakeFiles/timesplitters.dir/D_/Programming/GitHub/Timesplitters/project/generated/RFU085_iClearEventFlag_0x2d0270.cpp.obj
RFU085_iClearEventFlag_0x2d0270.cpp
[  7%] Building CXX object timesplitters/CMakeFiles/timesplitters.dir/D_/Programming/GitHub/Timesplitters/project/generated/RFU086_WaitEvnetFlag_0x2d0280.cpp.obj
RFU086_WaitEvnetFlag_0x2d0280.cpp
[  7%] Building CXX object timesplitters/CMakeFiles/timesplitters.dir/D_/Programming/GitHub/Timesplitters/project/generated/RFU087_PollEvnetFlag_0x2d0290.cpp.obj
RFU087_PollEvnetFlag_0x2d0290.cpp
[  7%] Building CXX object timesplitters/CMakeFiles/timesplitters.dir/D_/Programming/GitHub/Timesplitters/project/generated/RFU088_iPollEvnetFlag_0x2d02a0.cpp.obj
RFU088_iPollEvnetFlag_0x2d02a0.cpp
[  7%] Building CXX object timesplitters/CMakeFiles/timesplitters.dir/D_/Programming/GitHub/Timesplitters/project/generated/RFU089_ReferEventFlagStatus_0x2d02b0.cpp.obj
RFU089_ReferEventFlagStatus_0x2d02b0.cpp
[  7%] Building CXX object timesplitters/CMakeFiles/timesplitters.dir/D_/Programming/GitHub/Timesplitters/project/generated/RFU090_iReferEventFlagStatus_0x2d02c0.cpp.obj
RFU090_iReferEventFlagStatus_0x2d02c0.cpp
[  7%] Building CXX object timesplitters/CMakeFiles/timesplitters.dir/D_/Programming/GitHub/Timesplitters/project/generated/RFU091_0x2d02d0.cpp.obj
RFU091_0x2d02d0.cpp
[  7%] Building CXX object timesplitters/CMakeFiles/timesplitters.dir/D_/Programming/GitHub/Timesplitters/project/generated/RFU116_0x2d04a0.cpp.obj
RFU116_0x2d04a0.cpp
[  7%] Building CXX object timesplitters/CMakeFiles/timesplitters.dir/D_/Programming/GitHub/Timesplitters/project/generated/RGBGetRow_0x2b94f8.cpp.obj
RGBGetRow_0x2b94f8.cpp
[  7%] Building CXX object timesplitters/CMakeFiles/timesplitters.dir/D_/Programming/GitHub/Timesplitters/project/generated/ReferSemaStatus_0x2d0190.cpp.obj
ReferSemaStatus_0x2d0190.cpp
[  7%] Building CXX object timesplitters/CMakeFiles/timesplitters.dir/D_/Programming/GitHub/Timesplitters/project/generated/ReferThreadStatus_0x2d0020.cpp.obj
ReferThreadStatus_0x2d0020.cpp
[  7%] Building CXX object timesplitters/CMakeFiles/timesplitters.dir/D_/Programming/GitHub/Timesplitters/project/generated/ReleaseAlarm_0x2d0d90.cpp.obj
ReleaseAlarm_0x2d0d90.cpp
[  7%] Building CXX object timesplitters/CMakeFiles/timesplitters.dir/D_/Programming/GitHub/Timesplitters/project/generated/ReleaseWaitThread_0x2cfff0.cpp.obj
ReleaseWaitThread_0x2cfff0.cpp
[  7%] Building CXX object timesplitters/CMakeFiles/timesplitters.dir/D_/Programming/GitHub/Timesplitters/project/generated/RemoveDmacHandler_0x2cfe50.cpp.obj
RemoveDmacHandler_0x2cfe50.cpp
[  7%] Building CXX object timesplitters/CMakeFiles/timesplitters.dir/D_/Programming/GitHub/Timesplitters/project/generated/RemoveIntcHandler_0x2cfe20.cpp.obj
RemoveIntcHandler_0x2cfe20.cpp
[  7%] Building CXX object timesplitters/CMakeFiles/timesplitters.dir/D_/Programming/GitHub/Timesplitters/project/generated/RemoveSbusIntcHandler_0x2cfdb0.cpp.obj
RemoveSbusIntcHandler_0x2cfdb0.cpp
[  7%] Building CXX object timesplitters/CMakeFiles/timesplitters.dir/D_/Programming/GitHub/Timesplitters/project/generated/ResetEE_0x2cfd10.cpp.obj
ResetEE_0x2cfd10.cpp
[  7%] Building CXX object timesplitters/CMakeFiles/timesplitters.dir/D_/Programming/GitHub/Timesplitters/project/generated/ResumeThread_0x2d00b0.cpp.obj
ResumeThread_0x2d00b0.cpp
[  7%] Building CXX object timesplitters/CMakeFiles/timesplitters.dir/D_/Programming/GitHub/Timesplitters/project/generated/RotateThreadReadyQueue_0x2cffd0.cpp.obj
RotateThreadReadyQueue_0x2cffd0.cpp
[  7%] Building CXX object timesplitters/CMakeFiles/timesplitters.dir/D_/Programming/GitHub/Timesplitters/project/generated/SCEECdSearchFile_0x2b3670.cpp.obj
SCEECdSearchFile_0x2b3670.cpp
[  7%] Building CXX object timesplitters/CMakeFiles/timesplitters.dir/D_/Programming/GitHub/Timesplitters/project/generated/SetAlarm_0x2d0d20.cpp.obj
SetAlarm_0x2d0d20.cpp
[  7%] Building CXX object timesplitters/CMakeFiles/timesplitters.dir/D_/Programming/GitHub/Timesplitters/project/generated/SetCPUTimerHandler_0x2d0400.cpp.obj
SetCPUTimerHandler_0x2d0400.cpp
[  8%] Building CXX object timesplitters/CMakeFiles/timesplitters.dir/D_/Programming/GitHub/Timesplitters/project/generated/SetCPUTimer_0x2d0410.cpp.obj
SetCPUTimer_0x2d0410.cpp
[  8%] Building CXX object timesplitters/CMakeFiles/timesplitters.dir/D_/Programming/GitHub/Timesplitters/project/generated/SetGsCrt_0x2cfd20.cpp.obj
SetGsCrt_0x2cfd20.cpp
[  8%] Building CXX object timesplitters/CMakeFiles/timesplitters.dir/D_/Programming/GitHub/Timesplitters/project/generated/SetGsHParam_0x2d0200.cpp.obj
SetGsHParam_0x2d0200.cpp
[  8%] Building CXX object timesplitters/CMakeFiles/timesplitters.dir/D_/Programming/GitHub/Timesplitters/project/generated/SetGsVParam_0x2d0210.cpp.obj
SetGsVParam_0x2d0210.cpp
[  8%] Building CXX object timesplitters/CMakeFiles/timesplitters.dir/D_/Programming/GitHub/Timesplitters/project/generated/SetOsdConfigParam_0x2d01c0.cpp.obj
SetOsdConfigParam_0x2d01c0.cpp
[  8%] Building CXX object timesplitters/CMakeFiles/timesplitters.dir/D_/Programming/GitHub/Timesplitters/project/generated/SetPgifHandler_0x2d0480.cpp.obj
SetPgifHandler_0x2d0480.cpp
[  8%] Building CXX object timesplitters/CMakeFiles/timesplitters.dir/D_/Programming/GitHub/Timesplitters/project/generated/SetVCommonHandler_0x2cfde0.cpp.obj
SetVCommonHandler_0x2cfde0.cpp
[  8%] Building CXX object timesplitters/CMakeFiles/timesplitters.dir/D_/Programming/GitHub/Timesplitters/project/generated/SetVInterruptHandler_0x2cfdf0.cpp.obj
SetVInterruptHandler_0x2cfdf0.cpp
[  8%] Building CXX object timesplitters/CMakeFiles/timesplitters.dir/D_/Programming/GitHub/Timesplitters/project/generated/SetVSyncFlag_0x2d0490.cpp.obj
SetVSyncFlag_0x2d0490.cpp
[  8%] Building CXX object timesplitters/CMakeFiles/timesplitters.dir/D_/Programming/GitHub/Timesplitters/project/generated/SetVTLBRefillHandler_0x2cfdd0.cpp.obj
SetVTLBRefillHandler_0x2cfdd0.cpp
[  8%] Building CXX object timesplitters/CMakeFiles/timesplitters.dir/D_/Programming/GitHub/Timesplitters/project/generated/SetWindow_0x230ca8.cpp.obj
SetWindow_0x230ca8.cpp
[  8%] Building CXX object timesplitters/CMakeFiles/timesplitters.dir/D_/Programming/GitHub/Timesplitters/project/generated/SignalSema_0x2d0140.cpp.obj
SignalSema_0x2d0140.cpp
[  8%] Building CXX object timesplitters/CMakeFiles/timesplitters.dir/D_/Programming/GitHub/Timesplitters/project/generated/SleepThread_0x2d0040.cpp.obj
SleepThread_0x2d0040.cpp
[  8%] Building CXX object timesplitters/CMakeFiles/timesplitters.dir/D_/Programming/GitHub/Timesplitters/project/generated/StartThread_0x2cff40.cpp.obj
StartThread_0x2cff40.cpp
[  8%] Building CXX object timesplitters/CMakeFiles/timesplitters.dir/D_/Programming/GitHub/Timesplitters/project/generated/StatsAddChar_0x224338.cpp.obj
StatsAddChar_0x224338.cpp
[  8%] Building CXX object timesplitters/CMakeFiles/timesplitters.dir/D_/Programming/GitHub/Timesplitters/project/generated/StatsAddGun_0x2241a8.cpp.obj
StatsAddGun_0x2241a8.cpp
[  8%] Building CXX object timesplitters/CMakeFiles/timesplitters.dir/D_/Programming/GitHub/Timesplitters/project/generated/StatsAddToLife_0x2244d0.cpp.obj
StatsAddToLife_0x2244d0.cpp
[  8%] Building CXX object timesplitters/CMakeFiles/timesplitters.dir/D_/Programming/GitHub/Timesplitters/project/generated/StatsAdd_0x223e60.cpp.obj
StatsAdd_0x223e60.cpp
[  8%] Building CXX object timesplitters/CMakeFiles/timesplitters.dir/D_/Programming/GitHub/Timesplitters/project/generated/StatsBodyPartHit_0x2211a8.cpp.obj
StatsBodyPartHit_0x2211a8.cpp
[  8%] Building CXX object timesplitters/CMakeFiles/timesplitters.dir/D_/Programming/GitHub/Timesplitters/project/generated/StatsCalcMedals_0x221910.cpp.obj
StatsCalcMedals_0x221910.cpp
[  8%] Building CXX object timesplitters/CMakeFiles/timesplitters.dir/D_/Programming/GitHub/Timesplitters/project/generated/StatsCalc_0x221468.cpp.obj
StatsCalc_0x221468.cpp
[  8%] Building CXX object timesplitters/CMakeFiles/timesplitters.dir/D_/Programming/GitHub/Timesplitters/project/generated/StatsGetAverage_0x2213d8.cpp.obj
StatsGetAverage_0x2213d8.cpp
[  8%] Building CXX object timesplitters/CMakeFiles/timesplitters.dir/D_/Programming/GitHub/Timesplitters/project/generated/StatsGetAward_0x224b20.cpp.obj
StatsGetAward_0x224b20.cpp
[  8%] Building CXX object timesplitters/CMakeFiles/timesplitters.dir/D_/Programming/GitHub/Timesplitters/project/generated/StatsGetChar_0x224020.cpp.obj
StatsGetChar_0x224020.cpp
[  8%] Building CXX object timesplitters/CMakeFiles/timesplitters.dir/D_/Programming/GitHub/Timesplitters/project/generated/StatsGetGun_0x223f78.cpp.obj
StatsGetGun_0x223f78.cpp
[  8%] Building CXX object timesplitters/CMakeFiles/timesplitters.dir/D_/Programming/GitHub/Timesplitters/project/generated/StatsGetMax_0x221298.cpp.obj
StatsGetMax_0x221298.cpp
[  8%] Building CXX object timesplitters/CMakeFiles/timesplitters.dir/D_/Programming/GitHub/Timesplitters/project/generated/StatsGetMin_0x221338.cpp.obj
StatsGetMin_0x221338.cpp
[  8%] Building CXX object timesplitters/CMakeFiles/timesplitters.dir/D_/Programming/GitHub/Timesplitters/project/generated/StatsGetNumAwards_0x224b60.cpp.obj
StatsGetNumAwards_0x224b60.cpp
[  8%] Building CXX object timesplitters/CMakeFiles/timesplitters.dir/D_/Programming/GitHub/Timesplitters/project/generated/StatsGetOverallLifestats_0x224878.cpp.obj
StatsGetOverallLifestats_0x224878.cpp
[  8%] Building CXX object timesplitters/CMakeFiles/timesplitters.dir/D_/Programming/GitHub/Timesplitters/project/generated/StatsGet_0x223ee8.cpp.obj
StatsGet_0x223ee8.cpp
[  9%] Building CXX object timesplitters/CMakeFiles/timesplitters.dir/D_/Programming/GitHub/Timesplitters/project/generated/StatsKillMade_0x220bc8.cpp.obj
StatsKillMade_0x220bc8.cpp
[  9%] Building CXX object timesplitters/CMakeFiles/timesplitters.dir/D_/Programming/GitHub/Timesplitters/project/generated/StatsLifeReset_0x224428.cpp.obj
StatsLifeReset_0x224428.cpp
[  9%] Building CXX object timesplitters/CMakeFiles/timesplitters.dir/D_/Programming/GitHub/Timesplitters/project/generated/StatsResetStruct_0x220ac8.cpp.obj
StatsResetStruct_0x220ac8.cpp
[  9%] Building CXX object timesplitters/CMakeFiles/timesplitters.dir/D_/Programming/GitHub/Timesplitters/project/generated/StatsReset_0x220a48.cpp.obj
StatsReset_0x220a48.cpp
[  9%] Building CXX object timesplitters/CMakeFiles/timesplitters.dir/D_/Programming/GitHub/Timesplitters/project/generated/StatsRestart_0x220ba0.cpp.obj
StatsRestart_0x220ba0.cpp
[  9%] Building CXX object timesplitters/CMakeFiles/timesplitters.dir/D_/Programming/GitHub/Timesplitters/project/generated/StatsSetChar_0x224250.cpp.obj
StatsSetChar_0x224250.cpp
[  9%] Building CXX object timesplitters/CMakeFiles/timesplitters.dir/D_/Programming/GitHub/Timesplitters/project/generated/StatsSetGun_0x224110.cpp.obj
StatsSetGun_0x224110.cpp
[  9%] Building CXX object timesplitters/CMakeFiles/timesplitters.dir/D_/Programming/GitHub/Timesplitters/project/generated/StatsSet_0x223de0.cpp.obj
StatsSet_0x223de0.cpp
[  9%] Building CXX object timesplitters/CMakeFiles/timesplitters.dir/D_/Programming/GitHub/Timesplitters/project/generated/StatsTick_0x220ba8.cpp.obj
StatsTick_0x220ba8.cpp
[  9%] Building CXX object timesplitters/CMakeFiles/timesplitters.dir/D_/Programming/GitHub/Timesplitters/project/generated/StoryGetBriefing_0x2114d8.cpp.obj
StoryGetBriefing_0x2114d8.cpp
[  9%] Building CXX object timesplitters/CMakeFiles/timesplitters.dir/D_/Programming/GitHub/Timesplitters/project/generated/SuspendThread_0x2d0090.cpp.obj
SuspendThread_0x2d0090.cpp
[  9%] Building CXX object timesplitters/CMakeFiles/timesplitters.dir/D_/Programming/GitHub/Timesplitters/project/generated/SyncDCache_0x2d09b8.cpp.obj
SyncDCache_0x2d09b8.cpp
[  9%] Building CXX object timesplitters/CMakeFiles/timesplitters.dir/D_/Programming/GitHub/Timesplitters/project/generated/TerminateThread_0x2cff70.cpp.obj
TerminateThread_0x2cff70.cpp
[  9%] Building CXX object timesplitters/CMakeFiles/timesplitters.dir/D_/Programming/GitHub/Timesplitters/project/generated/UnlockCombo2_0x21ccd0.cpp.obj
UnlockCombo2_0x21ccd0.cpp
[  9%] Building CXX object timesplitters/CMakeFiles/timesplitters.dir/D_/Programming/GitHub/Timesplitters/project/generated/UnlockCombo_0x21ccc8.cpp.obj
UnlockCombo_0x21ccc8.cpp
[  9%] Building CXX object timesplitters/CMakeFiles/timesplitters.dir/D_/Programming/GitHub/Timesplitters/project/generated/VSync2_0x2d05c8.cpp.obj
VSync2_0x2d05c8.cpp
[  9%] Building CXX object timesplitters/CMakeFiles/timesplitters.dir/D_/Programming/GitHub/Timesplitters/project/generated/VSync_0x2d0590.cpp.obj
VSync_0x2d0590.cpp
[  9%] Building CXX object timesplitters/CMakeFiles/timesplitters.dir/D_/Programming/GitHub/Timesplitters/project/generated/WaitSema_0x2d0160.cpp.obj
WaitSema_0x2d0160.cpp
[  9%] Building CXX object timesplitters/CMakeFiles/timesplitters.dir/D_/Programming/GitHub/Timesplitters/project/generated/WakeupThread_0x2d0050.cpp.obj
WakeupThread_0x2d0050.cpp
[  9%] Building CXX object timesplitters/CMakeFiles/timesplitters.dir/D_/Programming/GitHub/Timesplitters/project/generated/WritePropKeyFile_0x268f70.cpp.obj
WritePropKeyFile_0x268f70.cpp
[  9%] Building CXX object timesplitters/CMakeFiles/timesplitters.dir/D_/Programming/GitHub/Timesplitters/project/generated/_b2d_0x2eca90.cpp.obj
_b2d_0x2eca90.cpp
[  9%] Building CXX object timesplitters/CMakeFiles/timesplitters.dir/D_/Programming/GitHub/Timesplitters/project/generated/_calloc_r_0x2ee8f8.cpp.obj
_calloc_r_0x2ee8f8.cpp
[  9%] Building CXX object timesplitters/CMakeFiles/timesplitters.dir/D_/Programming/GitHub/Timesplitters/project/generated/_change_addr_0x2d1e10.cpp.obj
_change_addr_0x2d1e10.cpp
[  9%] Building CXX object timesplitters/CMakeFiles/timesplitters.dir/D_/Programming/GitHub/Timesplitters/project/generated/_cleanup_0x2e48e0.cpp.obj
_cleanup_0x2e48e0.cpp
[  9%] Building CXX object timesplitters/CMakeFiles/timesplitters.dir/D_/Programming/GitHub/Timesplitters/project/generated/_cleanup_r_0x2e48d0.cpp.obj
_cleanup_r_0x2e48d0.cpp
[  9%] Building CXX object timesplitters/CMakeFiles/timesplitters.dir/D_/Programming/GitHub/Timesplitters/project/generated/_close_r_0x2e9c10.cpp.obj
_close_r_0x2e9c10.cpp
[  9%] Building CXX object timesplitters/CMakeFiles/timesplitters.dir/D_/Programming/GitHub/Timesplitters/project/generated/_d2b_0x2ecc10.cpp.obj
_d2b_0x2ecc10.cpp
[  9%] Building CXX object timesplitters/CMakeFiles/timesplitters.dir/D_/Programming/GitHub/Timesplitters/project/generated/_dtoa_r_0x2e9e80.cpp.obj
_dtoa_r_0x2e9e80.cpp
[  9%] Building CXX object timesplitters/CMakeFiles/timesplitters.dir/D_/Programming/GitHub/Timesplitters/project/generated/_exit_0x2000b0.cpp.obj
_exit_0x2000b0.cpp
[ 10%] Building CXX object timesplitters/CMakeFiles/timesplitters.dir/D_/Programming/GitHub/Timesplitters/project/generated/_fpadd_parts_0x2e2f40.cpp.obj
_fpadd_parts_0x2e2f40.cpp
[ 10%] Building CXX object timesplitters/CMakeFiles/timesplitters.dir/D_/Programming/GitHub/Timesplitters/project/generated/_fpadd_parts_0x2e3c08.cpp.obj
_fpadd_parts_0x2e3c08.cpp
[ 10%] Building CXX object timesplitters/CMakeFiles/timesplitters.dir/D_/Programming/GitHub/Timesplitters/project/generated/_free_r_0x2eb278.cpp.obj
_free_r_0x2eb278.cpp
[ 10%] Building CXX object timesplitters/CMakeFiles/timesplitters.dir/D_/Programming/GitHub/Timesplitters/project/generated/_fstat_r_0x2ee9b8.cpp.obj
_fstat_r_0x2ee9b8.cpp
[ 10%] Building CXX object timesplitters/CMakeFiles/timesplitters.dir/D_/Programming/GitHub/Timesplitters/project/generated/_fwalk_0x2e49b8.cpp.obj
_fwalk_0x2e49b8.cpp
[ 10%] Building CXX object timesplitters/CMakeFiles/timesplitters.dir/D_/Programming/GitHub/Timesplitters/project/generated/_game_assert_fail_0x2b6880.cpp.obj
_game_assert_fail_0x2b6880.cpp
[ 10%] Building CXX object timesplitters/CMakeFiles/timesplitters.dir/D_/Programming/GitHub/Timesplitters/project/generated/_getpid_r_0x2ed4b0.cpp.obj
_getpid_r_0x2ed4b0.cpp
[ 10%] Building CXX object timesplitters/CMakeFiles/timesplitters.dir/D_/Programming/GitHub/Timesplitters/project/generated/_hi0bits_0x2ec1d8.cpp.obj
_hi0bits_0x2ec1d8.cpp
[ 10%] Building CXX object timesplitters/CMakeFiles/timesplitters.dir/D_/Programming/GitHub/Timesplitters/project/generated/_i2b_0x2ec320.cpp.obj
_i2b_0x2ec320.cpp
[ 10%] Building CXX object timesplitters/CMakeFiles/timesplitters.dir/D_/Programming/GitHub/Timesplitters/project/generated/_iDisableDmac_0x2cfef0.cpp.obj
_iDisableDmac_0x2cfef0.cpp
[ 10%] Building CXX object timesplitters/CMakeFiles/timesplitters.dir/D_/Programming/GitHub/Timesplitters/project/generated/_iDisableIntc_0x2cfed0.cpp.obj
_iDisableIntc_0x2cfed0.cpp
[ 10%] Building CXX object timesplitters/CMakeFiles/timesplitters.dir/D_/Programming/GitHub/Timesplitters/project/generated/_iEnableDmac_0x2cfee0.cpp.obj
_iEnableDmac_0x2cfee0.cpp
[ 10%] Building CXX object timesplitters/CMakeFiles/timesplitters.dir/D_/Programming/GitHub/Timesplitters/project/generated/_iEnableIntc_0x2cfec0.cpp.obj
_iEnableIntc_0x2cfec0.cpp
[ 10%] Building CXX object timesplitters/CMakeFiles/timesplitters.dir/D_/Programming/GitHub/Timesplitters/project/generated/_iReleaseAlarm_0x2cff10.cpp.obj
_iReleaseAlarm_0x2cff10.cpp
[ 10%] Building CXX object timesplitters/CMakeFiles/timesplitters.dir/D_/Programming/GitHub/Timesplitters/project/generated/_iSetAlarm_0x2cff00.cpp.obj
_iSetAlarm_0x2cff00.cpp
[ 10%] Building CXX object timesplitters/CMakeFiles/timesplitters.dir/D_/Programming/GitHub/Timesplitters/project/generated/_iWakeupThread_0x2d0060.cpp.obj
_iWakeupThread_0x2d0060.cpp
[ 10%] Building CXX object timesplitters/CMakeFiles/timesplitters.dir/D_/Programming/GitHub/Timesplitters/project/generated/_init_signal_0x2ed400.cpp.obj
_init_signal_0x2ed400.cpp
[ 10%] Building CXX object timesplitters/CMakeFiles/timesplitters.dir/D_/Programming/GitHub/Timesplitters/project/generated/_init_signal_r_0x2ed100.cpp.obj
_init_signal_r_0x2ed100.cpp
[ 10%] Building CXX object timesplitters/CMakeFiles/timesplitters.dir/D_/Programming/GitHub/Timesplitters/project/generated/_kill_r_0x2ed450.cpp.obj
_kill_r_0x2ed450.cpp
[ 10%] Building CXX object timesplitters/CMakeFiles/timesplitters.dir/D_/Programming/GitHub/Timesplitters/project/generated/_lf_bind_0x2d3e30.cpp.obj
_lf_bind_0x2d3e30.cpp
[ 10%] Building CXX object timesplitters/CMakeFiles/timesplitters.dir/D_/Programming/GitHub/Timesplitters/project/generated/_lmcGetClientPtr_0x2dc940.cpp.obj
_lmcGetClientPtr_0x2dc940.cpp
[ 10%] Building CXX object timesplitters/CMakeFiles/timesplitters.dir/D_/Programming/GitHub/Timesplitters/project/generated/_lo0bits_0x2ec260.cpp.obj
_lo0bits_0x2ec260.cpp
[ 10%] Building CXX object timesplitters/CMakeFiles/timesplitters.dir/D_/Programming/GitHub/Timesplitters/project/generated/_localeconv_r_0x2ebb68.cpp.obj
_localeconv_r_0x2ebb68.cpp
[ 10%] Building CXX object timesplitters/CMakeFiles/timesplitters.dir/D_/Programming/GitHub/Timesplitters/project/generated/_lseek_r_0x2ebbd0.cpp.obj
_lseek_r_0x2ebbd0.cpp
[ 10%] Building CXX object timesplitters/CMakeFiles/timesplitters.dir/D_/Programming/GitHub/Timesplitters/project/generated/_lshift_0x2ec688.cpp.obj
_lshift_0x2ec688.cpp
[ 10%] Building CXX object timesplitters/CMakeFiles/timesplitters.dir/D_/Programming/GitHub/Timesplitters/project/generated/_malloc_r_0x2e4ce0.cpp.obj
_malloc_r_0x2e4ce0.cpp
[ 10%] Building CXX object timesplitters/CMakeFiles/timesplitters.dir/D_/Programming/GitHub/Timesplitters/project/generated/_malloc_trim_r_0x2eb598.cpp.obj
_malloc_trim_r_0x2eb598.cpp
[ 10%] Building CXX object timesplitters/CMakeFiles/timesplitters.dir/D_/Programming/GitHub/Timesplitters/project/generated/_mbtowc_r_0x2ebd80.cpp.obj
_mbtowc_r_0x2ebd80.cpp
[ 10%] Building CXX object timesplitters/CMakeFiles/timesplitters.dir/D_/Programming/GitHub/Timesplitters/project/generated/_mprec_log10_0x2ece50.cpp.obj
_mprec_log10_0x2ece50.cpp
[ 10%] Building CXX object timesplitters/CMakeFiles/timesplitters.dir/D_/Programming/GitHub/Timesplitters/project/generated/_multadd_0x2ebf78.cpp.obj
_multadd_0x2ebf78.cpp
[ 11%] Building CXX object timesplitters/CMakeFiles/timesplitters.dir/D_/Programming/GitHub/Timesplitters/project/generated/_multiply_0x2ec358.cpp.obj
_multiply_0x2ec358.cpp
[ 11%] Building CXX object timesplitters/CMakeFiles/timesplitters.dir/D_/Programming/GitHub/Timesplitters/project/generated/_pow5mult_0x2ec588.cpp.obj
_pow5mult_0x2ec588.cpp
[ 11%] Building CXX object timesplitters/CMakeFiles/timesplitters.dir/D_/Programming/GitHub/Timesplitters/project/generated/_printf_0x2d17e0.cpp.obj
_printf_0x2d17e0.cpp
[ 11%] Building CXX object timesplitters/CMakeFiles/timesplitters.dir/D_/Programming/GitHub/Timesplitters/project/generated/_printf_r_0x2e56e0.cpp.obj
_printf_r_0x2e56e0.cpp
[ 11%] Building CXX object timesplitters/CMakeFiles/timesplitters.dir/D_/Programming/GitHub/Timesplitters/project/generated/_raise_r_0x2ed200.cpp.obj
_raise_r_0x2ed200.cpp
[ 11%] Building CXX object timesplitters/CMakeFiles/timesplitters.dir/D_/Programming/GitHub/Timesplitters/project/generated/_ratio_0x2ecd90.cpp.obj
_ratio_0x2ecd90.cpp
[ 11%] Building CXX object timesplitters/CMakeFiles/timesplitters.dir/D_/Programming/GitHub/Timesplitters/project/generated/_read_r_0x2ecec0.cpp.obj
_read_r_0x2ecec0.cpp
[ 11%] Building CXX object timesplitters/CMakeFiles/timesplitters.dir/D_/Programming/GitHub/Timesplitters/project/generated/_realloc_r_0x2eea18.cpp.obj
_realloc_r_0x2eea18.cpp
[ 11%] Building CXX object timesplitters/CMakeFiles/timesplitters.dir/D_/Programming/GitHub/Timesplitters/project/generated/_request_bind_0x2d2aa8.cpp.obj
_request_bind_0x2d2aa8.cpp
[ 11%] Building CXX object timesplitters/CMakeFiles/timesplitters.dir/D_/Programming/GitHub/Timesplitters/project/generated/_request_call_0x2d2c78.cpp.obj
_request_call_0x2d2c78.cpp
[ 11%] Building CXX object timesplitters/CMakeFiles/timesplitters.dir/D_/Programming/GitHub/Timesplitters/project/generated/_request_end_0x2d2810.cpp.obj
_request_end_0x2d2810.cpp
[ 11%] Building CXX object timesplitters/CMakeFiles/timesplitters.dir/D_/Programming/GitHub/Timesplitters/project/generated/_request_rdata_0x2d28c0.cpp.obj
_request_rdata_0x2d28c0.cpp
[ 11%] Building CXX object timesplitters/CMakeFiles/timesplitters.dir/D_/Programming/GitHub/Timesplitters/project/generated/_root_0x2000b8.cpp.obj
_root_0x2000b8.cpp
[ 11%] Building CXX object timesplitters/CMakeFiles/timesplitters.dir/D_/Programming/GitHub/Timesplitters/project/generated/_s2b_0x2ec090.cpp.obj
_s2b_0x2ec090.cpp
[ 11%] Building CXX object timesplitters/CMakeFiles/timesplitters.dir/D_/Programming/GitHub/Timesplitters/project/generated/_sbrk_r_0x2e5770.cpp.obj
_sbrk_r_0x2e5770.cpp
[ 11%] Building CXX object timesplitters/CMakeFiles/timesplitters.dir/D_/Programming/GitHub/Timesplitters/project/generated/_sceCdRI_0x2dff80.cpp.obj
_sceCdRI_0x2dff80.cpp
[ 11%] Building CXX object timesplitters/CMakeFiles/timesplitters.dir/D_/Programming/GitHub/Timesplitters/project/generated/_sceCdRM_0x2e0058.cpp.obj
_sceCdRM_0x2e0058.cpp
[ 11%] Building CXX object timesplitters/CMakeFiles/timesplitters.dir/D_/Programming/GitHub/Timesplitters/project/generated/_sceIDC_0x2d0a48.cpp.obj
_sceIDC_0x2d0a48.cpp
[ 11%] Building CXX object timesplitters/CMakeFiles/timesplitters.dir/D_/Programming/GitHub/Timesplitters/project/generated/_sceRpcFreePacket_0x2d2780.cpp.obj
_sceRpcFreePacket_0x2d2780.cpp
[ 11%] Building CXX object timesplitters/CMakeFiles/timesplitters.dir/D_/Programming/GitHub/Timesplitters/project/generated/_sceRpcGetFPacket2_0x2d27d0.cpp.obj
_sceRpcGetFPacket2_0x2d27d0.cpp
[ 11%] Building CXX object timesplitters/CMakeFiles/timesplitters.dir/D_/Programming/GitHub/Timesplitters/project/generated/_sceRpcGetFPacket_0x2d27a0.cpp.obj
_sceRpcGetFPacket_0x2d27a0.cpp
[ 11%] Building CXX object timesplitters/CMakeFiles/timesplitters.dir/D_/Programming/GitHub/Timesplitters/project/generated/_sceRpcGetPacket_0x2d26d8.cpp.obj
_sceRpcGetPacket_0x2d26d8.cpp
[ 11%] Building CXX object timesplitters/CMakeFiles/timesplitters.dir/D_/Programming/GitHub/Timesplitters/project/generated/_sceSDC_0x2d0910.cpp.obj
_sceSDC_0x2d0910.cpp
[ 11%] Building CXX object timesplitters/CMakeFiles/timesplitters.dir/D_/Programming/GitHub/Timesplitters/project/generated/_sceSifCmdIntrHdlr_0x2d2350.cpp.obj
_sceSifCmdIntrHdlr_0x2d2350.cpp
[ 11%] Building CXX object timesplitters/CMakeFiles/timesplitters.dir/D_/Programming/GitHub/Timesplitters/project/generated/_sceSifLoadElfPart_0x2d40f0.cpp.obj
_sceSifLoadElfPart_0x2d40f0.cpp
[ 11%] Building CXX object timesplitters/CMakeFiles/timesplitters.dir/D_/Programming/GitHub/Timesplitters/project/generated/_sceSifLoadModule_0x2d3ef0.cpp.obj
_sceSifLoadModule_0x2d3ef0.cpp
[ 11%] Building CXX object timesplitters/CMakeFiles/timesplitters.dir/D_/Programming/GitHub/Timesplitters/project/generated/_sceSifSendCmd_0x2d2190.cpp.obj
_sceSifSendCmd_0x2d2190.cpp
[ 11%] Building CXX object timesplitters/CMakeFiles/timesplitters.dir/D_/Programming/GitHub/Timesplitters/project/generated/_sceVu0ecossin_0x2d61b0.cpp.obj
_sceVu0ecossin_0x2d61b0.cpp
[ 11%] Building CXX object timesplitters/CMakeFiles/timesplitters.dir/D_/Programming/GitHub/Timesplitters/project/generated/_sdrCBThread_0x2ddcf8.cpp.obj
_sdrCBThread_0x2ddcf8.cpp
[ 12%] Building CXX object timesplitters/CMakeFiles/timesplitters.dir/D_/Programming/GitHub/Timesplitters/project/generated/_sdrCB_0x2ddd60.cpp.obj
_sdrCB_0x2ddd60.cpp
[ 12%] Building CXX object timesplitters/CMakeFiles/timesplitters.dir/D_/Programming/GitHub/Timesplitters/project/generated/_search_svdata_0x2d2a58.cpp.obj
_search_svdata_0x2d2a58.cpp
[ 12%] Building CXX object timesplitters/CMakeFiles/timesplitters.dir/D_/Programming/GitHub/Timesplitters/project/generated/_send_to_iop_0x2d4910.cpp.obj
_send_to_iop_0x2d4910.cpp
[ 12%] Building CXX object timesplitters/CMakeFiles/timesplitters.dir/D_/Programming/GitHub/Timesplitters/project/generated/_set_sreg_0x2d1df0.cpp.obj
_set_sreg_0x2d1df0.cpp
[ 12%] Building CXX object timesplitters/CMakeFiles/timesplitters.dir/D_/Programming/GitHub/Timesplitters/project/generated/_setlocale_r_0x2ebae0.cpp.obj
_setlocale_r_0x2ebae0.cpp
[ 12%] Building CXX object timesplitters/CMakeFiles/timesplitters.dir/D_/Programming/GitHub/Timesplitters/project/generated/_signal_r_0x2ed170.cpp.obj
_signal_r_0x2ed170.cpp
[ 12%] Building CXX object timesplitters/CMakeFiles/timesplitters.dir/D_/Programming/GitHub/Timesplitters/project/generated/_sprintf_r_0x2e57d0.cpp.obj
_sprintf_r_0x2e57d0.cpp
[ 12%] Building CXX object timesplitters/CMakeFiles/timesplitters.dir/D_/Programming/GitHub/Timesplitters/project/generated/_start_0x200008.cpp.obj
_start_0x200008.cpp
[ 12%] Building CXX object timesplitters/CMakeFiles/timesplitters.dir/D_/Programming/GitHub/Timesplitters/project/generated/_strtod_r_0x2ed4d0.cpp.obj
_strtod_r_0x2ed4d0.cpp
[ 12%] Building CXX object timesplitters/CMakeFiles/timesplitters.dir/D_/Programming/GitHub/Timesplitters/project/generated/_strtol_r_0x2e6520.cpp.obj
_strtol_r_0x2e6520.cpp
[ 12%] Building CXX object timesplitters/CMakeFiles/timesplitters.dir/D_/Programming/GitHub/Timesplitters/project/generated/_strtoul_r_0x2ee428.cpp.obj
_strtoul_r_0x2ee428.cpp
[ 12%] Building CXX object timesplitters/CMakeFiles/timesplitters.dir/D_/Programming/GitHub/Timesplitters/project/generated/_ulp_0x2ec9f8.cpp.obj
_ulp_0x2ec9f8.cpp
[ 12%] Building CXX object timesplitters/CMakeFiles/timesplitters.dir/D_/Programming/GitHub/Timesplitters/project/generated/_vfiprintf_r_0x2e6908.cpp.obj
_vfiprintf_r_0x2e6908.cpp
[ 12%] Building CXX object timesplitters/CMakeFiles/timesplitters.dir/D_/Programming/GitHub/Timesplitters/project/generated/_vfprintf_r_0x2e7650.cpp.obj
_vfprintf_r_0x2e7650.cpp
[ 12%] Building CXX object timesplitters/CMakeFiles/timesplitters.dir/D_/Programming/GitHub/Timesplitters/project/generated/_write_r_0x2e9a60.cpp.obj
_write_r_0x2e9a60.cpp
[ 12%] Building CXX object timesplitters/CMakeFiles/timesplitters.dir/D_/Programming/GitHub/Timesplitters/project/generated/abort_0x2e9bd0.cpp.obj
abort_0x2e9bd0.cpp
[ 12%] Building CXX object timesplitters/CMakeFiles/timesplitters.dir/D_/Programming/GitHub/Timesplitters/project/generated/acosf_0x2d7b68.cpp.obj
acosf_0x2d7b68.cpp
[ 12%] Building CXX object timesplitters/CMakeFiles/timesplitters.dir/D_/Programming/GitHub/Timesplitters/project/generated/actingsoundStop_0x238490.cpp.obj
actingsoundStop_0x238490.cpp
[ 12%] Building CXX object timesplitters/CMakeFiles/timesplitters.dir/D_/Programming/GitHub/Timesplitters/project/generated/addCartridge_0x295318.cpp.obj
addCartridge_0x295318.cpp
[ 12%] Building CXX object timesplitters/CMakeFiles/timesplitters.dir/D_/Programming/GitHub/Timesplitters/project/generated/adddate_0x2e0e10.cpp.obj
adddate_0x2e0e10.cpp
[ 12%] Building CXX object timesplitters/CMakeFiles/timesplitters.dir/D_/Programming/GitHub/Timesplitters/project/generated/addhead_0x2894d0.cpp.obj
addhead_0x2894d0.cpp
[ 12%] Building CXX object timesplitters/CMakeFiles/timesplitters.dir/D_/Programming/GitHub/Timesplitters/project/generated/addhour_0x2e0fd0.cpp.obj
addhour_0x2e0fd0.cpp
[ 12%] Building CXX object timesplitters/CMakeFiles/timesplitters.dir/D_/Programming/GitHub/Timesplitters/project/generated/addtail_0x289518.cpp.obj
addtail_0x289518.cpp
[ 12%] Building CXX object timesplitters/CMakeFiles/timesplitters.dir/D_/Programming/GitHub/Timesplitters/project/generated/adsrvalue_draw_0x206e58.cpp.obj
adsrvalue_draw_0x206e58.cpp
[ 12%] Building CXX object timesplitters/CMakeFiles/timesplitters.dir/D_/Programming/GitHub/Timesplitters/project/generated/aiEndTick_0x2cd248.cpp.obj
aiEndTick_0x2cd248.cpp
[ 12%] Building CXX object timesplitters/CMakeFiles/timesplitters.dir/D_/Programming/GitHub/Timesplitters/project/generated/aiTickBefore_0x2ba9c8.cpp.obj
aiTickBefore_0x2ba9c8.cpp
[ 12%] Building CXX object timesplitters/CMakeFiles/timesplitters.dir/D_/Programming/GitHub/Timesplitters/project/generated/aimmode_onchange_0x20f498.cpp.obj
aimmode_onchange_0x20f498.cpp
[ 12%] Building CXX object timesplitters/CMakeFiles/timesplitters.dir/D_/Programming/GitHub/Timesplitters/project/generated/allocateOverrideChunk_0x274650.cpp.obj
allocateOverrideChunk_0x274650.cpp
[ 12%] Building CXX object timesplitters/CMakeFiles/timesplitters.dir/D_/Programming/GitHub/Timesplitters/project/generated/allocateOverridePointers_0x2743c8.cpp.obj
allocateOverridePointers_0x2743c8.cpp
[ 12%] Building CXX object timesplitters/CMakeFiles/timesplitters.dir/D_/Programming/GitHub/Timesplitters/project/generated/anglediff_0x284e38.cpp.obj
anglediff_0x284e38.cpp
[ 13%] Building CXX object timesplitters/CMakeFiles/timesplitters.dir/D_/Programming/GitHub/Timesplitters/project/generated/animHitReactUpdate_0x215b50.cpp.obj
animHitReactUpdate_0x215b50.cpp
[ 13%] Building CXX object timesplitters/CMakeFiles/timesplitters.dir/D_/Programming/GitHub/Timesplitters/project/generated/animHitReact_0x215b40.cpp.obj
animHitReact_0x215b40.cpp
[ 13%] Building CXX object timesplitters/CMakeFiles/timesplitters.dir/D_/Programming/GitHub/Timesplitters/project/generated/animMake_0x216840.cpp.obj
animMake_0x216840.cpp
[ 13%] Building CXX object timesplitters/CMakeFiles/timesplitters.dir/D_/Programming/GitHub/Timesplitters/project/generated/animMtxTick_0x273bb0.cpp.obj
animMtxTick_0x273bb0.cpp
[ 13%] Building CXX object timesplitters/CMakeFiles/timesplitters.dir/D_/Programming/GitHub/Timesplitters/project/generated/animReset_0x215d38.cpp.obj
animReset_0x215d38.cpp
[ 13%] Building CXX object timesplitters/CMakeFiles/timesplitters.dir/D_/Programming/GitHub/Timesplitters/project/generated/animRestart_0x215d30.cpp.obj
animRestart_0x215d30.cpp
[ 13%] Building CXX object timesplitters/CMakeFiles/timesplitters.dir/D_/Programming/GitHub/Timesplitters/project/generated/animStopImmediately_0x241c68.cpp.obj
animStopImmediately_0x241c68.cpp
[ 13%] Building CXX object timesplitters/CMakeFiles/timesplitters.dir/D_/Programming/GitHub/Timesplitters/project/generated/animTest_0x219c08.cpp.obj
animTest_0x219c08.cpp
[ 13%] Building CXX object timesplitters/CMakeFiles/timesplitters.dir/D_/Programming/GitHub/Timesplitters/project/generated/animTick_0x241d10.cpp.obj
animTick_0x241d10.cpp
[ 13%] Building CXX object timesplitters/CMakeFiles/timesplitters.dir/D_/Programming/GitHub/Timesplitters/project/generated/animUpdate_0x212cf8.cpp.obj
animUpdate_0x212cf8.cpp
[ 13%] Building CXX object timesplitters/CMakeFiles/timesplitters.dir/D_/Programming/GitHub/Timesplitters/project/generated/anim_GetModelview_0x215800.cpp.obj
anim_GetModelview_0x215800.cpp
[ 13%] Building CXX object timesplitters/CMakeFiles/timesplitters.dir/D_/Programming/GitHub/Timesplitters/project/generated/anim_LoadMatrix_0x215700.cpp.obj
anim_LoadMatrix_0x215700.cpp
[ 13%] Building CXX object timesplitters/CMakeFiles/timesplitters.dir/D_/Programming/GitHub/Timesplitters/project/generated/anim_PopModelview_0x2157e8.cpp.obj
anim_PopModelview_0x2157e8.cpp
[ 13%] Building CXX object timesplitters/CMakeFiles/timesplitters.dir/D_/Programming/GitHub/Timesplitters/project/generated/anim_SetMatrixArray_0x215718.cpp.obj
anim_SetMatrixArray_0x215718.cpp
[ 13%] Building CXX object timesplitters/CMakeFiles/timesplitters.dir/D_/Programming/GitHub/Timesplitters/project/generated/anim_SetModelview_0x215720.cpp.obj
anim_SetModelview_0x215720.cpp
[ 13%] Building CXX object timesplitters/CMakeFiles/timesplitters.dir/D_/Programming/GitHub/Timesplitters/project/generated/announceTick_0x204c78.cpp.obj
announceTick_0x204c78.cpp
[ 13%] Building CXX object timesplitters/CMakeFiles/timesplitters.dir/D_/Programming/GitHub/Timesplitters/project/generated/arcade_mmload_pageDraw_0x239be8.cpp.obj
arcade_mmload_pageDraw_0x239be8.cpp
[ 13%] Building CXX object timesplitters/CMakeFiles/timesplitters.dir/D_/Programming/GitHub/Timesplitters/project/generated/arcade_mmload_pageTick_0x239ed8.cpp.obj
arcade_mmload_pageTick_0x239ed8.cpp
[ 13%] Building CXX object timesplitters/CMakeFiles/timesplitters.dir/D_/Programming/GitHub/Timesplitters/project/generated/arcade_pageDraw_0x23ab70.cpp.obj
arcade_pageDraw_0x23ab70.cpp
[ 13%] Building CXX object timesplitters/CMakeFiles/timesplitters.dir/D_/Programming/GitHub/Timesplitters/project/generated/arcade_pageTick_0x23add8.cpp.obj
arcade_pageTick_0x23add8.cpp
[ 13%] Building CXX object timesplitters/CMakeFiles/timesplitters.dir/D_/Programming/GitHub/Timesplitters/project/generated/arcadeoptions_pageDraw_0x239060.cpp.obj
arcadeoptions_pageDraw_0x239060.cpp
[ 13%] Building CXX object timesplitters/CMakeFiles/timesplitters.dir/D_/Programming/GitHub/Timesplitters/project/generated/arcadeoptions_pageTick_0x239088.cpp.obj
arcadeoptions_pageTick_0x239088.cpp
[ 13%] Building CXX object timesplitters/CMakeFiles/timesplitters.dir/D_/Programming/GitHub/Timesplitters/project/generated/asinf_0x2d7c68.cpp.obj
asinf_0x2d7c68.cpp
[ 13%] Building CXX object timesplitters/CMakeFiles/timesplitters.dir/D_/Programming/GitHub/Timesplitters/project/generated/atan2_0x2d7510.cpp.obj
atan2_0x2d7510.cpp
[ 13%] Building CXX object timesplitters/CMakeFiles/timesplitters.dir/D_/Programming/GitHub/Timesplitters/project/generated/atan2f_0x2d7d68.cpp.obj
atan2f_0x2d7d68.cpp
[ 13%] Building CXX object timesplitters/CMakeFiles/timesplitters.dir/D_/Programming/GitHub/Timesplitters/project/generated/atan_0x2d6ba8.cpp.obj
atan_0x2d6ba8.cpp
[ 13%] Building CXX object timesplitters/CMakeFiles/timesplitters.dir/D_/Programming/GitHub/Timesplitters/project/generated/atanf_0x2dc2f8.cpp.obj
atanf_0x2dc2f8.cpp
[ 13%] Building CXX object timesplitters/CMakeFiles/timesplitters.dir/D_/Programming/GitHub/Timesplitters/project/generated/atof_0x2e9bf0.cpp.obj
atof_0x2e9bf0.cpp
[ 13%] Building CXX object timesplitters/CMakeFiles/timesplitters.dir/D_/Programming/GitHub/Timesplitters/project/generated/atoi_0x2e46e0.cpp.obj
atoi_0x2e46e0.cpp
[ 15%] Building CXX object timesplitters/CMakeFiles/timesplitters.dir/D_/Programming/GitHub/Timesplitters/project/generated/attack_0x2c18d0.cpp.obj
attack_0x2c18d0.cpp
[ 15%] Building CXX object timesplitters/CMakeFiles/timesplitters.dir/D_/Programming/GitHub/Timesplitters/project/generated/audiovideo_pageDraw_0x236268.cpp.obj
audiovideo_pageDraw_0x236268.cpp
[ 15%] Building CXX object timesplitters/CMakeFiles/timesplitters.dir/D_/Programming/GitHub/Timesplitters/project/generated/audiovideo_pageTick_0x2364c8.cpp.obj
audiovideo_pageTick_0x2364c8.cpp
[ 15%] Building CXX object timesplitters/CMakeFiles/timesplitters.dir/D_/Programming/GitHub/Timesplitters/project/generated/autoaim_onchange_0x20f7f0.cpp.obj
autoaim_onchange_0x20f7f0.cpp
[ 15%] Building CXX object timesplitters/CMakeFiles/timesplitters.dir/D_/Programming/GitHub/Timesplitters/project/generated/autogunDamage_0x274e50.cpp.obj
autogunDamage_0x274e50.cpp
[ 15%] Building CXX object timesplitters/CMakeFiles/timesplitters.dir/D_/Programming/GitHub/Timesplitters/project/generated/awareOfTarget_0x2c66a0.cpp.obj
awareOfTarget_0x2c66a0.cpp
[ 15%] Building CXX object timesplitters/CMakeFiles/timesplitters.dir/D_/Programming/GitHub/Timesplitters/project/generated/bagSecuredMessage_0x26b430.cpp.obj
bagSecuredMessage_0x26b430.cpp
[ 15%] Building CXX object timesplitters/CMakeFiles/timesplitters.dir/D_/Programming/GitHub/Timesplitters/project/generated/bannerDamage_0x279908.cpp.obj
bannerDamage_0x279908.cpp
[ 15%] Building CXX object timesplitters/CMakeFiles/timesplitters.dir/D_/Programming/GitHub/Timesplitters/project/generated/bannerPropTick_0x279e48.cpp.obj
bannerPropTick_0x279e48.cpp
[ 15%] Building CXX object timesplitters/CMakeFiles/timesplitters.dir/D_/Programming/GitHub/Timesplitters/project/generated/baseDamage_0x274bb8.cpp.obj
baseDamage_0x274bb8.cpp
[ 15%] Building CXX object timesplitters/CMakeFiles/timesplitters.dir/D_/Programming/GitHub/Timesplitters/project/generated/bcd2int_0x2b3988.cpp.obj
bcd2int_0x2b3988.cpp
[ 15%] Building CXX object timesplitters/CMakeFiles/timesplitters.dir/D_/Programming/GitHub/Timesplitters/project/generated/bcopy_0x2e4708.cpp.obj
bcopy_0x2e4708.cpp
[ 15%] Building CXX object timesplitters/CMakeFiles/timesplitters.dir/D_/Programming/GitHub/Timesplitters/project/generated/bgAllGlassBroken_0x25a398.cpp.obj
bgAllGlassBroken_0x25a398.cpp
[ 15%] Building CXX object timesplitters/CMakeFiles/timesplitters.dir/D_/Programming/GitHub/Timesplitters/project/generated/bgAmountGlassLeft_0x25a2f8.cpp.obj
bgAmountGlassLeft_0x25a2f8.cpp
[ 15%] Building CXX object timesplitters/CMakeFiles/timesplitters.dir/D_/Programming/GitHub/Timesplitters/project/generated/bgBulletGetClosest_0x25bc88.cpp.obj
bgBulletGetClosest_0x25bc88.cpp
[ 15%] Building CXX object timesplitters/CMakeFiles/timesplitters.dir/D_/Programming/GitHub/Timesplitters/project/generated/bgCalcRoomArray_0x254118.cpp.obj
bgCalcRoomArray_0x254118.cpp
[ 15%] Building CXX object timesplitters/CMakeFiles/timesplitters.dir/D_/Programming/GitHub/Timesplitters/project/generated/bgCreateRoomProps_0x256548.cpp.obj
bgCreateRoomProps_0x256548.cpp
[ 15%] Building CXX object timesplitters/CMakeFiles/timesplitters.dir/D_/Programming/GitHub/Timesplitters/project/generated/bgEnd_0x2567f8.cpp.obj
bgEnd_0x2567f8.cpp
[ 15%] Building CXX object timesplitters/CMakeFiles/timesplitters.dir/D_/Programming/GitHub/Timesplitters/project/generated/bgFloorBBIntersectionXZ_0x2571c8.cpp.obj
bgFloorBBIntersectionXZ_0x2571c8.cpp
[ 15%] Building CXX object timesplitters/CMakeFiles/timesplitters.dir/D_/Programming/GitHub/Timesplitters/project/generated/bgFloorBBIntersection_0x2570d0.cpp.obj
bgFloorBBIntersection_0x2570d0.cpp
[ 15%] Building CXX object timesplitters/CMakeFiles/timesplitters.dir/D_/Programming/GitHub/Timesplitters/project/generated/bgFloorGfxRoom_0x258870.cpp.obj
bgFloorGfxRoom_0x258870.cpp
[ 15%] Building CXX object timesplitters/CMakeFiles/timesplitters.dir/D_/Programming/GitHub/Timesplitters/project/generated/bgFloorGfx_0x258868.cpp.obj
bgFloorGfx_0x258868.cpp
[ 15%] Building CXX object timesplitters/CMakeFiles/timesplitters.dir/D_/Programming/GitHub/Timesplitters/project/generated/bgFloorTransform_0x2542f0.cpp.obj
bgFloorTransform_0x2542f0.cpp
[ 15%] Building CXX object timesplitters/CMakeFiles/timesplitters.dir/D_/Programming/GitHub/Timesplitters/project/generated/bgGetFloors_0x2575f0.cpp.obj
bgGetFloors_0x2575f0.cpp
[ 15%] Building CXX object timesplitters/CMakeFiles/timesplitters.dir/D_/Programming/GitHub/Timesplitters/project/generated/bgGetGlass_0x257620.cpp.obj
bgGetGlass_0x257620.cpp
[ 15%] Building CXX object timesplitters/CMakeFiles/timesplitters.dir/D_/Programming/GitHub/Timesplitters/project/generated/bgGetNeighbours_0x257520.cpp.obj
bgGetNeighbours_0x257520.cpp
[ 15%] Building CXX object timesplitters/CMakeFiles/timesplitters.dir/D_/Programming/GitHub/Timesplitters/project/generated/bgGetPortalFromRooms_0x2577b8.cpp.obj
bgGetPortalFromRooms_0x2577b8.cpp
[ 15%] Building CXX object timesplitters/CMakeFiles/timesplitters.dir/D_/Programming/GitHub/Timesplitters/project/generated/bgGetRoomsTick_0x256c58.cpp.obj
bgGetRoomsTick_0x256c58.cpp
[ 15%] Building CXX object timesplitters/CMakeFiles/timesplitters.dir/D_/Programming/GitHub/Timesplitters/project/generated/bgGetVolume_0x257638.cpp.obj
bgGetVolume_0x257638.cpp
[ 15%] Building CXX object timesplitters/CMakeFiles/timesplitters.dir/D_/Programming/GitHub/Timesplitters/project/generated/bgGetWalls_0x257608.cpp.obj
bgGetWalls_0x257608.cpp
[ 16%] Building CXX object timesplitters/CMakeFiles/timesplitters.dir/D_/Programming/GitHub/Timesplitters/project/generated/bgGfx_0x256830.cpp.obj
bgGfx_0x256830.cpp
[ 16%] Building CXX object timesplitters/CMakeFiles/timesplitters.dir/D_/Programming/GitHub/Timesplitters/project/generated/bgGlassGfxRoom_0x258888.cpp.obj
bgGlassGfxRoom_0x258888.cpp
[ 16%] Building CXX object timesplitters/CMakeFiles/timesplitters.dir/D_/Programming/GitHub/Timesplitters/project/generated/bgGlassLineTestRoom_0x259eb8.cpp.obj
bgGlassLineTestRoom_0x259eb8.cpp
[ 16%] Building CXX object timesplitters/CMakeFiles/timesplitters.dir/D_/Programming/GitHub/Timesplitters/project/generated/bgGlassMoveTestRoom_0x259bf0.cpp.obj
bgGlassMoveTestRoom_0x259bf0.cpp
[ 16%] Building CXX object timesplitters/CMakeFiles/timesplitters.dir/D_/Programming/GitHub/Timesplitters/project/generated/bgGlassSwipeTestRoom_0x2599c0.cpp.obj
bgGlassSwipeTestRoom_0x2599c0.cpp
[ 16%] Building CXX object timesplitters/CMakeFiles/timesplitters.dir/D_/Programming/GitHub/Timesplitters/project/generated/bgGlassTransform_0x2543d0.cpp.obj
bgGlassTransform_0x2543d0.cpp
[ 16%] Building CXX object timesplitters/CMakeFiles/timesplitters.dir/D_/Programming/GitHub/Timesplitters/project/generated/bgHittestDistGlass_0x259328.cpp.obj
bgHittestDistGlass_0x259328.cpp
[ 16%] Building CXX object timesplitters/CMakeFiles/timesplitters.dir/D_/Programming/GitHub/Timesplitters/project/generated/bgIsAnyRoomsVisibleByPlayer_0x2541d8.cpp.obj
bgIsAnyRoomsVisibleByPlayer_0x2541d8.cpp
[ 16%] Building CXX object timesplitters/CMakeFiles/timesplitters.dir/D_/Programming/GitHub/Timesplitters/project/generated/bgLineTest_0x259038.cpp.obj
bgLineTest_0x259038.cpp
[ 16%] Building CXX object timesplitters/CMakeFiles/timesplitters.dir/D_/Programming/GitHub/Timesplitters/project/generated/bgLoad_0x253b88.cpp.obj
bgLoad_0x253b88.cpp
[ 16%] Building CXX object timesplitters/CMakeFiles/timesplitters.dir/D_/Programming/GitHub/Timesplitters/project/generated/bgPortalBBIntersection_0x2573b0.cpp.obj
bgPortalBBIntersection_0x2573b0.cpp
[ 16%] Building CXX object timesplitters/CMakeFiles/timesplitters.dir/D_/Programming/GitHub/Timesplitters/project/generated/bgPortalBackFaceTest_0x257860.cpp.obj
bgPortalBackFaceTest_0x257860.cpp
[ 16%] Building CXX object timesplitters/CMakeFiles/timesplitters.dir/D_/Programming/GitHub/Timesplitters/project/generated/bgPortalCalcBackFace_0x2578f0.cpp.obj
bgPortalCalcBackFace_0x2578f0.cpp
[ 16%] Building CXX object timesplitters/CMakeFiles/timesplitters.dir/D_/Programming/GitHub/Timesplitters/project/generated/bgPortalCalcInit_0x257680.cpp.obj
bgPortalCalcInit_0x257680.cpp
[ 16%] Building CXX object timesplitters/CMakeFiles/timesplitters.dir/D_/Programming/GitHub/Timesplitters/project/generated/bgPortalCalcOutCode_0x257e38.cpp.obj
bgPortalCalcOutCode_0x257e38.cpp
[ 16%] Building CXX object timesplitters/CMakeFiles/timesplitters.dir/D_/Programming/GitHub/Timesplitters/project/generated/bgPortalCalcPos_0x258108.cpp.obj
bgPortalCalcPos_0x258108.cpp
[ 16%] Building CXX object timesplitters/CMakeFiles/timesplitters.dir/D_/Programming/GitHub/Timesplitters/project/generated/bgPortalCalcRoomDepth_0x2579f8.cpp.obj
bgPortalCalcRoomDepth_0x2579f8.cpp
[ 16%] Building CXX object timesplitters/CMakeFiles/timesplitters.dir/D_/Programming/GitHub/Timesplitters/project/generated/bgPortalCrossed_0x258cf0.cpp.obj
bgPortalCrossed_0x258cf0.cpp
[ 16%] Building CXX object timesplitters/CMakeFiles/timesplitters.dir/D_/Programming/GitHub/Timesplitters/project/generated/bgPortalDisableFromRooms_0x257820.cpp.obj
bgPortalDisableFromRooms_0x257820.cpp
[ 16%] Building CXX object timesplitters/CMakeFiles/timesplitters.dir/D_/Programming/GitHub/Timesplitters/project/generated/bgPortalDisable_0x257778.cpp.obj
bgPortalDisable_0x257778.cpp
[ 16%] Building CXX object timesplitters/CMakeFiles/timesplitters.dir/D_/Programming/GitHub/Timesplitters/project/generated/bgPortalEnableFromRooms_0x257840.cpp.obj
bgPortalEnableFromRooms_0x257840.cpp
[ 16%] Building CXX object timesplitters/CMakeFiles/timesplitters.dir/D_/Programming/GitHub/Timesplitters/project/generated/bgPortalEnable_0x257798.cpp.obj
bgPortalEnable_0x257798.cpp
[ 16%] Building CXX object timesplitters/CMakeFiles/timesplitters.dir/D_/Programming/GitHub/Timesplitters/project/generated/bgPortalGfxRoom_0x258848.cpp.obj
bgPortalGfxRoom_0x258848.cpp
[ 16%] Building CXX object timesplitters/CMakeFiles/timesplitters.dir/D_/Programming/GitHub/Timesplitters/project/generated/bgPortalGfx_0x258840.cpp.obj
bgPortalGfx_0x258840.cpp
[ 16%] Building CXX object timesplitters/CMakeFiles/timesplitters.dir/D_/Programming/GitHub/Timesplitters/project/generated/bgPortalInitBB_0x2560a0.cpp.obj
bgPortalInitBB_0x2560a0.cpp
[ 16%] Building CXX object timesplitters/CMakeFiles/timesplitters.dir/D_/Programming/GitHub/Timesplitters/project/generated/bgPortalPlaneClip_0x257f20.cpp.obj
bgPortalPlaneClip_0x257f20.cpp
[ 16%] Building CXX object timesplitters/CMakeFiles/timesplitters.dir/D_/Programming/GitHub/Timesplitters/project/generated/bgPortalRectGfxRoom_0x258858.cpp.obj
bgPortalRectGfxRoom_0x258858.cpp
[ 16%] Building CXX object timesplitters/CMakeFiles/timesplitters.dir/D_/Programming/GitHub/Timesplitters/project/generated/bgPortalRectGfx_0x258850.cpp.obj
bgPortalRectGfx_0x258850.cpp
[ 16%] Building CXX object timesplitters/CMakeFiles/timesplitters.dir/D_/Programming/GitHub/Timesplitters/project/generated/bgPortalTick_0x2586c0.cpp.obj
bgPortalTick_0x2586c0.cpp
[ 17%] Building CXX object timesplitters/CMakeFiles/timesplitters.dir/D_/Programming/GitHub/Timesplitters/project/generated/bgPortalTransform_0x254610.cpp.obj
bgPortalTransform_0x254610.cpp
[ 17%] Building CXX object timesplitters/CMakeFiles/timesplitters.dir/D_/Programming/GitHub/Timesplitters/project/generated/bgPreloadTextures_0x2564a8.cpp.obj
bgPreloadTextures_0x2564a8.cpp
[ 17%] Building CXX object timesplitters/CMakeFiles/timesplitters.dir/D_/Programming/GitHub/Timesplitters/project/generated/bgPreload_0x2561e8.cpp.obj
bgPreload_0x2561e8.cpp
[ 17%] Building CXX object timesplitters/CMakeFiles/timesplitters.dir/D_/Programming/GitHub/Timesplitters/project/generated/bgProcessGlasshits_0x25a090.cpp.obj
bgProcessGlasshits_0x25a090.cpp
[ 17%] Building CXX object timesplitters/CMakeFiles/timesplitters.dir/D_/Programming/GitHub/Timesplitters/project/generated/bgReset_0x256750.cpp.obj
bgReset_0x256750.cpp
[ 17%] Building CXX object timesplitters/CMakeFiles/timesplitters.dir/D_/Programming/GitHub/Timesplitters/project/generated/bgRestart_0x256670.cpp.obj
bgRestart_0x256670.cpp
[ 17%] Building CXX object timesplitters/CMakeFiles/timesplitters.dir/D_/Programming/GitHub/Timesplitters/project/generated/bgRoomBBIntersectionNumRooms_0x254048.cpp.obj
bgRoomBBIntersectionNumRooms_0x254048.cpp
[ 17%] Building CXX object timesplitters/CMakeFiles/timesplitters.dir/D_/Programming/GitHub/Timesplitters/project/generated/bgRoomBBIntersection_0x256fd0.cpp.obj
bgRoomBBIntersection_0x256fd0.cpp
[ 17%] Building CXX object timesplitters/CMakeFiles/timesplitters.dir/D_/Programming/GitHub/Timesplitters/project/generated/bgRoomCalcClip_0x257b80.cpp.obj
bgRoomCalcClip_0x257b80.cpp
[ 17%] Building CXX object timesplitters/CMakeFiles/timesplitters.dir/D_/Programming/GitHub/Timesplitters/project/generated/bgRoomGetLevel_0x256fa0.cpp.obj
bgRoomGetLevel_0x256fa0.cpp
[ 17%] Building CXX object timesplitters/CMakeFiles/timesplitters.dir/D_/Programming/GitHub/Timesplitters/project/generated/bgRoomInitBB_0x255d70.cpp.obj
bgRoomInitBB_0x255d70.cpp
[ 17%] Building CXX object timesplitters/CMakeFiles/timesplitters.dir/D_/Programming/GitHub/Timesplitters/project/generated/bgRoombbTransform_0x254440.cpp.obj
bgRoombbTransform_0x254440.cpp
[ 17%] Building CXX object timesplitters/CMakeFiles/timesplitters.dir/D_/Programming/GitHub/Timesplitters/project/generated/bgSmashGlass_0x259780.cpp.obj
bgSmashGlass_0x259780.cpp
[ 17%] Building CXX object timesplitters/CMakeFiles/timesplitters.dir/D_/Programming/GitHub/Timesplitters/project/generated/bgTick_0x25a3b8.cpp.obj
bgTick_0x25a3b8.cpp
[ 17%] Building CXX object timesplitters/CMakeFiles/timesplitters.dir/D_/Programming/GitHub/Timesplitters/project/generated/bgTileLoadLevel_0x254e60.cpp.obj
bgTileLoadLevel_0x254e60.cpp
[ 17%] Building CXX object timesplitters/CMakeFiles/timesplitters.dir/D_/Programming/GitHub/Timesplitters/project/generated/bgTileLoad_0x2546a0.cpp.obj
bgTileLoad_0x2546a0.cpp
[ 17%] Building CXX object timesplitters/CMakeFiles/timesplitters.dir/D_/Programming/GitHub/Timesplitters/project/generated/bgTileSetCreateRoomProps_0x2565d0.cpp.obj
bgTileSetCreateRoomProps_0x2565d0.cpp
[ 17%] Building CXX object timesplitters/CMakeFiles/timesplitters.dir/D_/Programming/GitHub/Timesplitters/project/generated/bgTileSetPortalNums_0x254d08.cpp.obj
bgTileSetPortalNums_0x254d08.cpp
[ 17%] Building CXX object timesplitters/CMakeFiles/timesplitters.dir/D_/Programming/GitHub/Timesplitters/project/generated/bgTileSetRoomNums_0x254bd0.cpp.obj
bgTileSetRoomNums_0x254bd0.cpp
[ 17%] Building CXX object timesplitters/CMakeFiles/timesplitters.dir/D_/Programming/GitHub/Timesplitters/project/generated/bgTileSetTextureNums_0x254d88.cpp.obj
bgTileSetTextureNums_0x254d88.cpp
[ 17%] Building CXX object timesplitters/CMakeFiles/timesplitters.dir/D_/Programming/GitHub/Timesplitters/project/generated/bgVolumeGfx_0x258860.cpp.obj
bgVolumeGfx_0x258860.cpp
[ 17%] Building CXX object timesplitters/CMakeFiles/timesplitters.dir/D_/Programming/GitHub/Timesplitters/project/generated/bgVolumeTransform_0x254260.cpp.obj
bgVolumeTransform_0x254260.cpp
[ 17%] Building CXX object timesplitters/CMakeFiles/timesplitters.dir/D_/Programming/GitHub/Timesplitters/project/generated/bgWallBBIntersection_0x2572b0.cpp.obj
bgWallBBIntersection_0x2572b0.cpp
[ 17%] Building CXX object timesplitters/CMakeFiles/timesplitters.dir/D_/Programming/GitHub/Timesplitters/project/generated/bgWallGfxRoom_0x258880.cpp.obj
bgWallGfxRoom_0x258880.cpp
[ 17%] Building CXX object timesplitters/CMakeFiles/timesplitters.dir/D_/Programming/GitHub/Timesplitters/project/generated/bgWallGfx_0x258878.cpp.obj
bgWallGfx_0x258878.cpp
[ 17%] Building CXX object timesplitters/CMakeFiles/timesplitters.dir/D_/Programming/GitHub/Timesplitters/project/generated/bgWallTransform_0x254360.cpp.obj
bgWallTransform_0x254360.cpp
[ 17%] Building CXX object timesplitters/CMakeFiles/timesplitters.dir/D_/Programming/GitHub/Timesplitters/project/generated/bglightAdd_0x25a720.cpp.obj
bglightAdd_0x25a720.cpp
[ 17%] Building CXX object timesplitters/CMakeFiles/timesplitters.dir/D_/Programming/GitHub/Timesplitters/project/generated/bglightGet_0x25a7d0.cpp.obj
bglightGet_0x25a7d0.cpp
[ 17%] Building CXX object timesplitters/CMakeFiles/timesplitters.dir/D_/Programming/GitHub/Timesplitters/project/generated/bglightReset_0x25a718.cpp.obj
bglightReset_0x25a718.cpp
[ 17%] Building CXX object timesplitters/CMakeFiles/timesplitters.dir/D_/Programming/GitHub/Timesplitters/project/generated/bglightRestart_0x25a710.cpp.obj
bglightRestart_0x25a710.cpp
[ 18%] Building CXX object timesplitters/CMakeFiles/timesplitters.dir/D_/Programming/GitHub/Timesplitters/project/generated/bigshipPropTick_0x27af08.cpp.obj
bigshipPropTick_0x27af08.cpp
[ 18%] Building CXX object timesplitters/CMakeFiles/timesplitters.dir/D_/Programming/GitHub/Timesplitters/project/generated/blastringEnd_0x2a7838.cpp.obj
blastringEnd_0x2a7838.cpp
[ 18%] Building CXX object timesplitters/CMakeFiles/timesplitters.dir/D_/Programming/GitHub/Timesplitters/project/generated/blastringGfx_0x2a72f0.cpp.obj
blastringGfx_0x2a72f0.cpp
[ 18%] Building CXX object timesplitters/CMakeFiles/timesplitters.dir/D_/Programming/GitHub/Timesplitters/project/generated/blastringNew_0x2a7298.cpp.obj
blastringNew_0x2a7298.cpp
[ 18%] Building CXX object timesplitters/CMakeFiles/timesplitters.dir/D_/Programming/GitHub/Timesplitters/project/generated/blastringReset_0x2a7290.cpp.obj
blastringReset_0x2a7290.cpp
[ 18%] Building CXX object timesplitters/CMakeFiles/timesplitters.dir/D_/Programming/GitHub/Timesplitters/project/generated/blastspawnPropTick_0x27bcb8.cpp.obj
blastspawnPropTick_0x27bcb8.cpp
[ 18%] Building CXX object timesplitters/CMakeFiles/timesplitters.dir/D_/Programming/GitHub/Timesplitters/project/generated/boatsignDamage_0x2797a8.cpp.obj
boatsignDamage_0x2797a8.cpp
[ 18%] Building CXX object timesplitters/CMakeFiles/timesplitters.dir/D_/Programming/GitHub/Timesplitters/project/generated/boatsignPropTick_0x279cf8.cpp.obj
boatsignPropTick_0x279cf8.cpp
[ 18%] Building CXX object timesplitters/CMakeFiles/timesplitters.dir/D_/Programming/GitHub/Timesplitters/project/generated/bossCheckParm_0x2000c0.cpp.obj
bossCheckParm_0x2000c0.cpp
[ 18%] Building CXX object timesplitters/CMakeFiles/timesplitters.dir/D_/Programming/GitHub/Timesplitters/project/generated/bossDmaFromSpr_0x200608.cpp.obj
bossDmaFromSpr_0x200608.cpp
[ 18%] Building CXX object timesplitters/CMakeFiles/timesplitters.dir/D_/Programming/GitHub/Timesplitters/project/generated/bossGetNextParm_0x200180.cpp.obj
bossGetNextParm_0x200180.cpp
[ 18%] Building CXX object timesplitters/CMakeFiles/timesplitters.dir/D_/Programming/GitHub/Timesplitters/project/generated/bossIsNextParm_0x200140.cpp.obj
bossIsNextParm_0x200140.cpp
[ 18%] Building CXX object timesplitters/CMakeFiles/timesplitters.dir/D_/Programming/GitHub/Timesplitters/project/generated/bossMainLoop_0x200638.cpp.obj
bossMainLoop_0x200638.cpp
[ 18%] Building CXX object timesplitters/CMakeFiles/timesplitters.dir/D_/Programming/GitHub/Timesplitters/project/generated/bossMakeAll_0x2001c8.cpp.obj
bossMakeAll_0x2001c8.cpp
[ 18%] Building CXX object timesplitters/CMakeFiles/timesplitters.dir/D_/Programming/GitHub/Timesplitters/project/generated/bossMake_0x200340.cpp.obj
bossMake_0x200340.cpp
[ 18%] Building CXX object timesplitters/CMakeFiles/timesplitters.dir/D_/Programming/GitHub/Timesplitters/project/generated/bossScreenDump_0x200c40.cpp.obj
bossScreenDump_0x200c40.cpp
[ 18%] Building CXX object timesplitters/CMakeFiles/timesplitters.dir/D_/Programming/GitHub/Timesplitters/project/generated/bossTurtleCpu_0x200628.cpp.obj
bossTurtleCpu_0x200628.cpp
[ 18%] Building CXX object timesplitters/CMakeFiles/timesplitters.dir/D_/Programming/GitHub/Timesplitters/project/generated/bossTurtleGs_0x200630.cpp.obj
bossTurtleGs_0x200630.cpp
[ 18%] Building CXX object timesplitters/CMakeFiles/timesplitters.dir/D_/Programming/GitHub/Timesplitters/project/generated/botsetAvail_0x224f20.cpp.obj
botsetAvail_0x224f20.cpp
[ 18%] Building CXX object timesplitters/CMakeFiles/timesplitters.dir/D_/Programming/GitHub/Timesplitters/project/generated/botsetInit_0x234478.cpp.obj
botsetInit_0x234478.cpp
[ 18%] Building CXX object timesplitters/CMakeFiles/timesplitters.dir/D_/Programming/GitHub/Timesplitters/project/generated/bubbleSort_0x2b48f8.cpp.obj
bubbleSort_0x2b48f8.cpp
[ 18%] Building CXX object timesplitters/CMakeFiles/timesplitters.dir/D_/Programming/GitHub/Timesplitters/project/generated/bulletEnd_0x28d030.cpp.obj
bulletEnd_0x28d030.cpp
[ 18%] Building CXX object timesplitters/CMakeFiles/timesplitters.dir/D_/Programming/GitHub/Timesplitters/project/generated/bulletExplodeMines_0x28a470.cpp.obj
bulletExplodeMines_0x28a470.cpp
[ 18%] Building CXX object timesplitters/CMakeFiles/timesplitters.dir/D_/Programming/GitHub/Timesplitters/project/generated/bulletExplodeRemoteMine_0x28a730.cpp.obj
bulletExplodeRemoteMine_0x28a730.cpp
[ 18%] Building CXX object timesplitters/CMakeFiles/timesplitters.dir/D_/Programming/GitHub/Timesplitters/project/generated/bulletFree_0x2895c8.cpp.obj
bulletFree_0x2895c8.cpp
[ 18%] Building CXX object timesplitters/CMakeFiles/timesplitters.dir/D_/Programming/GitHub/Timesplitters/project/generated/bulletGetBulletColour_0x28d038.cpp.obj
bulletGetBulletColour_0x28d038.cpp
[ 18%] Building CXX object timesplitters/CMakeFiles/timesplitters.dir/D_/Programming/GitHub/Timesplitters/project/generated/bulletGetClosest_0x28d100.cpp.obj
bulletGetClosest_0x28d100.cpp
[ 18%] Building CXX object timesplitters/CMakeFiles/timesplitters.dir/D_/Programming/GitHub/Timesplitters/project/generated/bulletGetGroupType_0x289490.cpp.obj
bulletGetGroupType_0x289490.cpp
[ 18%] Building CXX object timesplitters/CMakeFiles/timesplitters.dir/D_/Programming/GitHub/Timesplitters/project/generated/bulletGetMinesAttachedToProp_0x28a688.cpp.obj
bulletGetMinesAttachedToProp_0x28a688.cpp
[ 19%] Building CXX object timesplitters/CMakeFiles/timesplitters.dir/D_/Programming/GitHub/Timesplitters/project/generated/bulletGfx_0x28d000.cpp.obj
bulletGfx_0x28d000.cpp
[ 19%] Building CXX object timesplitters/CMakeFiles/timesplitters.dir/D_/Programming/GitHub/Timesplitters/project/generated/bulletInitialiseStraightLineTest_0x289c70.cpp.obj
bulletInitialiseStraightLineTest_0x289c70.cpp
[ 19%] Building CXX object timesplitters/CMakeFiles/timesplitters.dir/D_/Programming/GitHub/Timesplitters/project/generated/bulletMakeAttachedMinesInvisible_0x28d2d8.cpp.obj
bulletMakeAttachedMinesInvisible_0x28d2d8.cpp
[ 19%] Building CXX object timesplitters/CMakeFiles/timesplitters.dir/D_/Programming/GitHub/Timesplitters/project/generated/bulletNew_0x289560.cpp.obj
bulletNew_0x289560.cpp
[ 19%] Building CXX object timesplitters/CMakeFiles/timesplitters.dir/D_/Programming/GitHub/Timesplitters/project/generated/bulletNonStraightLineTest_0x28a1d0.cpp.obj
bulletNonStraightLineTest_0x28a1d0.cpp
[ 19%] Building CXX object timesplitters/CMakeFiles/timesplitters.dir/D_/Programming/GitHub/Timesplitters/project/generated/bulletProcessGlasshits_0x28d218.cpp.obj
bulletProcessGlasshits_0x28d218.cpp
[ 19%] Building CXX object timesplitters/CMakeFiles/timesplitters.dir/D_/Programming/GitHub/Timesplitters/project/generated/bulletReset_0x2892a8.cpp.obj
bulletReset_0x2892a8.cpp
[ 19%] Building CXX object timesplitters/CMakeFiles/timesplitters.dir/D_/Programming/GitHub/Timesplitters/project/generated/bulletRestart_0x289200.cpp.obj
bulletRestart_0x289200.cpp
[ 19%] Building CXX object timesplitters/CMakeFiles/timesplitters.dir/D_/Programming/GitHub/Timesplitters/project/generated/bulletStraightLineTest_0x289d30.cpp.obj
bulletStraightLineTest_0x289d30.cpp
[ 19%] Building CXX object timesplitters/CMakeFiles/timesplitters.dir/D_/Programming/GitHub/Timesplitters/project/generated/bulletTick_0x28a8e8.cpp.obj
bulletTick_0x28a8e8.cpp
[ 19%] Building CXX object timesplitters/CMakeFiles/timesplitters.dir/D_/Programming/GitHub/Timesplitters/project/generated/bulletTypeExplosive_0x2894b0.cpp.obj
bulletTypeExplosive_0x2894b0.cpp
[ 19%] Building CXX object timesplitters/CMakeFiles/timesplitters.dir/D_/Programming/GitHub/Timesplitters/project/generated/calDoubleFilletTrans_0x214b58.cpp.obj
calDoubleFilletTrans_0x214b58.cpp
[ 19%] Building CXX object timesplitters/CMakeFiles/timesplitters.dir/D_/Programming/GitHub/Timesplitters/project/generated/calDoubleFillets_0x214a88.cpp.obj
calDoubleFillets_0x214a88.cpp
[ 19%] Building CXX object timesplitters/CMakeFiles/timesplitters.dir/D_/Programming/GitHub/Timesplitters/project/generated/calGlobalMatrices_0x2149b0.cpp.obj
calGlobalMatrices_0x2149b0.cpp
[ 19%] Building CXX object timesplitters/CMakeFiles/timesplitters.dir/D_/Programming/GitHub/Timesplitters/project/generated/calInbetweenMatrix_0x2b5c08.cpp.obj
calInbetweenMatrix_0x2b5c08.cpp
[ 19%] Building CXX object timesplitters/CMakeFiles/timesplitters.dir/D_/Programming/GitHub/Timesplitters/project/generated/calMatrices_0x212e08.cpp.obj
calMatrices_0x212e08.cpp
[ 19%] Building CXX object timesplitters/CMakeFiles/timesplitters.dir/D_/Programming/GitHub/Timesplitters/project/generated/calPropMatrices_0x2143b0.cpp.obj
calPropMatrices_0x2143b0.cpp
[ 19%] Building CXX object timesplitters/CMakeFiles/timesplitters.dir/D_/Programming/GitHub/Timesplitters/project/generated/calcPitches_0x205e88.cpp.obj
calcPitches_0x205e88.cpp
[ 19%] Building CXX object timesplitters/CMakeFiles/timesplitters.dir/D_/Programming/GitHub/Timesplitters/project/generated/calcfloorheight_0x27c4a8.cpp.obj
calcfloorheight_0x27c4a8.cpp
[ 19%] Building CXX object timesplitters/CMakeFiles/timesplitters.dir/D_/Programming/GitHub/Timesplitters/project/generated/calculateClockTime_0x279240.cpp.obj
calculateClockTime_0x279240.cpp
[ 19%] Building CXX object timesplitters/CMakeFiles/timesplitters.dir/D_/Programming/GitHub/Timesplitters/project/generated/camEnd_0x27e308.cpp.obj
camEnd_0x27e308.cpp
[ 19%] Building CXX object timesplitters/CMakeFiles/timesplitters.dir/D_/Programming/GitHub/Timesplitters/project/generated/camGetMode_0x27e318.cpp.obj
camGetMode_0x27e318.cpp
[ 19%] Building CXX object timesplitters/CMakeFiles/timesplitters.dir/D_/Programming/GitHub/Timesplitters/project/generated/camReset_0x27e300.cpp.obj
camReset_0x27e300.cpp
[ 19%] Building CXX object timesplitters/CMakeFiles/timesplitters.dir/D_/Programming/GitHub/Timesplitters/project/generated/camRestart_0x27e2f8.cpp.obj
camRestart_0x27e2f8.cpp
[ 19%] Building CXX object timesplitters/CMakeFiles/timesplitters.dir/D_/Programming/GitHub/Timesplitters/project/generated/camSetMode_0x27e310.cpp.obj
camSetMode_0x27e310.cpp
[ 19%] Building CXX object timesplitters/CMakeFiles/timesplitters.dir/D_/Programming/GitHub/Timesplitters/project/generated/camTick_0x27e320.cpp.obj
camTick_0x27e320.cpp
[ 19%] Building CXX object timesplitters/CMakeFiles/timesplitters.dir/D_/Programming/GitHub/Timesplitters/project/generated/campingPad_0x2cd8c0.cpp.obj
campingPad_0x2cd8c0.cpp
[ 19%] Building CXX object timesplitters/CMakeFiles/timesplitters.dir/D_/Programming/GitHub/Timesplitters/project/generated/carPropNew_0x2764b0.cpp.obj
carPropNew_0x2764b0.cpp
[ 19%] Building CXX object timesplitters/CMakeFiles/timesplitters.dir/D_/Programming/GitHub/Timesplitters/project/generated/carPropTick_0x276678.cpp.obj
carPropTick_0x276678.cpp
[ 20%] Building CXX object timesplitters/CMakeFiles/timesplitters.dir/D_/Programming/GitHub/Timesplitters/project/generated/cartridgesEnd_0x295288.cpp.obj
cartridgesEnd_0x295288.cpp
[ 20%] Building CXX object timesplitters/CMakeFiles/timesplitters.dir/D_/Programming/GitHub/Timesplitters/project/generated/cartridgesReset_0x295280.cpp.obj
cartridgesReset_0x295280.cpp
[ 20%] Building CXX object timesplitters/CMakeFiles/timesplitters.dir/D_/Programming/GitHub/Timesplitters/project/generated/cartridgesRestart_0x295268.cpp.obj
cartridgesRestart_0x295268.cpp
[ 20%] Building CXX object timesplitters/CMakeFiles/timesplitters.dir/D_/Programming/GitHub/Timesplitters/project/generated/cartridgesTick_0x295a00.cpp.obj
cartridgesTick_0x295a00.cpp
[ 20%] Building CXX object timesplitters/CMakeFiles/timesplitters.dir/D_/Programming/GitHub/Timesplitters/project/generated/cd_callback_0x2dde80.cpp.obj
cd_callback_0x2dde80.cpp
[ 20%] Building CXX object timesplitters/CMakeFiles/timesplitters.dir/D_/Programming/GitHub/Timesplitters/project/generated/cd_read_0x2b35a0.cpp.obj
cd_read_0x2b35a0.cpp
[ 20%] Building CXX object timesplitters/CMakeFiles/timesplitters.dir/D_/Programming/GitHub/Timesplitters/project/generated/cd_read_intr_0x2de0e8.cpp.obj
cd_read_intr_0x2de0e8.cpp
[ 20%] Building CXX object timesplitters/CMakeFiles/timesplitters.dir/D_/Programming/GitHub/Timesplitters/project/generated/cdvd_exit_0x2de208.cpp.obj
cdvd_exit_0x2de208.cpp
[ 20%] Building CXX object timesplitters/CMakeFiles/timesplitters.dir/D_/Programming/GitHub/Timesplitters/project/generated/challengeAvail_0x225038.cpp.obj
challengeAvail_0x225038.cpp
[ 20%] Building CXX object timesplitters/CMakeFiles/timesplitters.dir/D_/Programming/GitHub/Timesplitters/project/generated/challengeFormatScore_0x21f168.cpp.obj
challengeFormatScore_0x21f168.cpp
[ 20%] Building CXX object timesplitters/CMakeFiles/timesplitters.dir/D_/Programming/GitHub/Timesplitters/project/generated/challengeGetDisplayFailed_0x21f540.cpp.obj
challengeGetDisplayFailed_0x21f540.cpp
[ 20%] Building CXX object timesplitters/CMakeFiles/timesplitters.dir/D_/Programming/GitHub/Timesplitters/project/generated/challengeGetDisplayScore_0x21f380.cpp.obj
challengeGetDisplayScore_0x21f380.cpp
[ 20%] Building CXX object timesplitters/CMakeFiles/timesplitters.dir/D_/Programming/GitHub/Timesplitters/project/generated/challengeGetScoreCondition_0x21f2b0.cpp.obj
challengeGetScoreCondition_0x21f2b0.cpp
[ 20%] Building CXX object timesplitters/CMakeFiles/timesplitters.dir/D_/Programming/GitHub/Timesplitters/project/generated/challengeGetScore_0x21f080.cpp.obj
challengeGetScore_0x21f080.cpp
[ 20%] Building CXX object timesplitters/CMakeFiles/timesplitters.dir/D_/Programming/GitHub/Timesplitters/project/generated/challengeGetSetupNum_0x21f048.cpp.obj
challengeGetSetupNum_0x21f048.cpp
[ 20%] Building CXX object timesplitters/CMakeFiles/timesplitters.dir/D_/Programming/GitHub/Timesplitters/project/generated/challengeGetSetup_0x21f060.cpp.obj
challengeGetSetup_0x21f060.cpp
[ 20%] Building CXX object timesplitters/CMakeFiles/timesplitters.dir/D_/Programming/GitHub/Timesplitters/project/generated/challengeIsBestScore_0x21f088.cpp.obj
challengeIsBestScore_0x21f088.cpp
[ 20%] Building CXX object timesplitters/CMakeFiles/timesplitters.dir/D_/Programming/GitHub/Timesplitters/project/generated/challengeMessagesTick_0x21f808.cpp.obj
challengeMessagesTick_0x21f808.cpp
[ 20%] Building CXX object timesplitters/CMakeFiles/timesplitters.dir/D_/Programming/GitHub/Timesplitters/project/generated/challengeModeAvail_0x225010.cpp.obj
challengeModeAvail_0x225010.cpp
[ 20%] Building CXX object timesplitters/CMakeFiles/timesplitters.dir/D_/Programming/GitHub/Timesplitters/project/generated/challengeRestart_0x21f310.cpp.obj
challengeRestart_0x21f310.cpp
[ 20%] Building CXX object timesplitters/CMakeFiles/timesplitters.dir/D_/Programming/GitHub/Timesplitters/project/generated/challengeTick_0x21f908.cpp.obj
challengeTick_0x21f908.cpp
[ 20%] Building CXX object timesplitters/CMakeFiles/timesplitters.dir/D_/Programming/GitHub/Timesplitters/project/generated/challenge_pageDraw_0x23c5d0.cpp.obj
challenge_pageDraw_0x23c5d0.cpp
[ 20%] Building CXX object timesplitters/CMakeFiles/timesplitters.dir/D_/Programming/GitHub/Timesplitters/project/generated/challenge_pageGfx_0x210910.cpp.obj
challenge_pageGfx_0x210910.cpp
[ 20%] Building CXX object timesplitters/CMakeFiles/timesplitters.dir/D_/Programming/GitHub/Timesplitters/project/generated/challenge_pageTick_0x210fc0.cpp.obj
challenge_pageTick_0x210fc0.cpp
[ 20%] Building CXX object timesplitters/CMakeFiles/timesplitters.dir/D_/Programming/GitHub/Timesplitters/project/generated/challenge_pageTick_0x23c808.cpp.obj
challenge_pageTick_0x23c808.cpp
[ 20%] Building CXX object timesplitters/CMakeFiles/timesplitters.dir/D_/Programming/GitHub/Timesplitters/project/generated/challengechr_pageDraw_0x23c308.cpp.obj
challengechr_pageDraw_0x23c308.cpp
[ 20%] Building CXX object timesplitters/CMakeFiles/timesplitters.dir/D_/Programming/GitHub/Timesplitters/project/generated/challengechr_pageTick_0x23c3d0.cpp.obj
challengechr_pageTick_0x23c3d0.cpp
[ 20%] Building CXX object timesplitters/CMakeFiles/timesplitters.dir/D_/Programming/GitHub/Timesplitters/project/generated/chandelierDamage_0x279ae8.cpp.obj
chandelierDamage_0x279ae8.cpp
[ 20%] Building CXX object timesplitters/CMakeFiles/timesplitters.dir/D_/Programming/GitHub/Timesplitters/project/generated/chandelierPropTick_0x27a0d0.cpp.obj
chandelierPropTick_0x27a0d0.cpp
[ 20%] Building CXX object timesplitters/CMakeFiles/timesplitters.dir/D_/Programming/GitHub/Timesplitters/project/generated/changeToComboWithAmmo_0x28dac8.cpp.obj
changeToComboWithAmmo_0x28dac8.cpp
[ 21%] Building CXX object timesplitters/CMakeFiles/timesplitters.dir/D_/Programming/GitHub/Timesplitters/project/generated/characterselect_pageDrawAfter_0x237e98.cpp.obj
characterselect_pageDrawAfter_0x237e98.cpp
[ 21%] Building CXX object timesplitters/CMakeFiles/timesplitters.dir/D_/Programming/GitHub/Timesplitters/project/generated/characterselect_pageDraw_0x237e68.cpp.obj
characterselect_pageDraw_0x237e68.cpp
[ 21%] Building CXX object timesplitters/CMakeFiles/timesplitters.dir/D_/Programming/GitHub/Timesplitters/project/generated/characterselect_pageTick_0x237ee8.cpp.obj
characterselect_pageTick_0x237ee8.cpp
[ 21%] Building CXX object timesplitters/CMakeFiles/timesplitters.dir/D_/Programming/GitHub/Timesplitters/project/generated/cheat1_0x203660.cpp.obj
cheat1_0x203660.cpp
[ 21%] Building CXX object timesplitters/CMakeFiles/timesplitters.dir/D_/Programming/GitHub/Timesplitters/project/generated/cheatOnChange_0x239718.cpp.obj
cheatOnChange_0x239718.cpp
[ 21%] Building CXX object timesplitters/CMakeFiles/timesplitters.dir/D_/Programming/GitHub/Timesplitters/project/generated/cheatOption_0x231290.cpp.obj
cheatOption_0x231290.cpp
[ 21%] Building CXX object timesplitters/CMakeFiles/timesplitters.dir/D_/Programming/GitHub/Timesplitters/project/generated/cheatTick_0x2036b0.cpp.obj
cheatTick_0x2036b0.cpp
[ 21%] Building CXX object timesplitters/CMakeFiles/timesplitters.dir/D_/Programming/GitHub/Timesplitters/project/generated/cheatsArcade_0x2255b0.cpp.obj
cheatsArcade_0x2255b0.cpp
[ 21%] Building CXX object timesplitters/CMakeFiles/timesplitters.dir/D_/Programming/GitHub/Timesplitters/project/generated/cheatsChrSelect_0x2255a8.cpp.obj
cheatsChrSelect_0x2255a8.cpp
[ 21%] Building CXX object timesplitters/CMakeFiles/timesplitters.dir/D_/Programming/GitHub/Timesplitters/project/generated/cheatsMake_0x225670.cpp.obj
cheatsMake_0x225670.cpp
[ 21%] Building CXX object timesplitters/CMakeFiles/timesplitters.dir/D_/Programming/GitHub/Timesplitters/project/generated/cheatsReset_0x225680.cpp.obj
cheatsReset_0x225680.cpp
[ 21%] Building CXX object timesplitters/CMakeFiles/timesplitters.dir/D_/Programming/GitHub/Timesplitters/project/generated/cheatsStory_0x225610.cpp.obj
cheatsStory_0x225610.cpp
[ 21%] Building CXX object timesplitters/CMakeFiles/timesplitters.dir/D_/Programming/GitHub/Timesplitters/project/generated/cheatsUpdate_0x225508.cpp.obj
cheatsUpdate_0x225508.cpp
[ 21%] Building CXX object timesplitters/CMakeFiles/timesplitters.dir/D_/Programming/GitHub/Timesplitters/project/generated/cheats_pageDraw_0x2397b0.cpp.obj
cheats_pageDraw_0x2397b0.cpp
[ 21%] Building CXX object timesplitters/CMakeFiles/timesplitters.dir/D_/Programming/GitHub/Timesplitters/project/generated/cheats_pageTick_0x2398c0.cpp.obj
cheats_pageTick_0x2398c0.cpp
[ 21%] Building CXX object timesplitters/CMakeFiles/timesplitters.dir/D_/Programming/GitHub/Timesplitters/project/generated/checkAimingFront_0x2c6b50.cpp.obj
checkAimingFront_0x2c6b50.cpp
[ 21%] Building CXX object timesplitters/CMakeFiles/timesplitters.dir/D_/Programming/GitHub/Timesplitters/project/generated/checkAllowedTeams_0x2353e8.cpp.obj
checkAllowedTeams_0x2353e8.cpp
[ 21%] Building CXX object timesplitters/CMakeFiles/timesplitters.dir/D_/Programming/GitHub/Timesplitters/project/generated/checkCoopTarget_0x2cda28.cpp.obj
checkCoopTarget_0x2cda28.cpp
[ 21%] Building CXX object timesplitters/CMakeFiles/timesplitters.dir/D_/Programming/GitHub/Timesplitters/project/generated/checkInFrontOfDir_0x2c6b00.cpp.obj
checkInFrontOfDir_0x2c6b00.cpp
[ 21%] Building CXX object timesplitters/CMakeFiles/timesplitters.dir/D_/Programming/GitHub/Timesplitters/project/generated/checkInFrontOfPad_0x2c6980.cpp.obj
checkInFrontOfPad_0x2c6980.cpp
[ 21%] Building CXX object timesplitters/CMakeFiles/timesplitters.dir/D_/Programming/GitHub/Timesplitters/project/generated/checkInFront_0x2c6808.cpp.obj
checkInFront_0x2c6808.cpp
[ 21%] Building CXX object timesplitters/CMakeFiles/timesplitters.dir/D_/Programming/GitHub/Timesplitters/project/generated/checkNoGuns_0x2333e8.cpp.obj
checkNoGuns_0x2333e8.cpp
[ 21%] Building CXX object timesplitters/CMakeFiles/timesplitters.dir/D_/Programming/GitHub/Timesplitters/project/generated/checkOkToGo_0x235788.cpp.obj
checkOkToGo_0x235788.cpp
[ 21%] Building CXX object timesplitters/CMakeFiles/timesplitters.dir/D_/Programming/GitHub/Timesplitters/project/generated/checkProgress_0x2bfc98.cpp.obj
checkProgress_0x2bfc98.cpp
[ 21%] Building CXX object timesplitters/CMakeFiles/timesplitters.dir/D_/Programming/GitHub/Timesplitters/project/generated/checkSide_0x2c6cc8.cpp.obj
checkSide_0x2c6cc8.cpp
[ 21%] Building CXX object timesplitters/CMakeFiles/timesplitters.dir/D_/Programming/GitHub/Timesplitters/project/generated/checkUnavailableThings_0x235210.cpp.obj
checkUnavailableThings_0x235210.cpp
[ 21%] Building CXX object timesplitters/CMakeFiles/timesplitters.dir/D_/Programming/GitHub/Timesplitters/project/generated/checkstring_0x201368.cpp.obj
checkstring_0x201368.cpp
[ 21%] Building CXX object timesplitters/CMakeFiles/timesplitters.dir/D_/Programming/GitHub/Timesplitters/project/generated/chrAddFloorMoveToPos_0x285070.cpp.obj
chrAddFloorMoveToPos_0x285070.cpp
[ 21%] Building CXX object timesplitters/CMakeFiles/timesplitters.dir/D_/Programming/GitHub/Timesplitters/project/generated/chrAvail_0x224c00.cpp.obj
chrAvail_0x224c00.cpp
[ 22%] Building CXX object timesplitters/CMakeFiles/timesplitters.dir/D_/Programming/GitHub/Timesplitters/project/generated/chrClearGuns_0x288928.cpp.obj
chrClearGuns_0x288928.cpp
[ 22%] Building CXX object timesplitters/CMakeFiles/timesplitters.dir/D_/Programming/GitHub/Timesplitters/project/generated/chrConfirmLastHitPart_0x285050.cpp.obj
chrConfirmLastHitPart_0x285050.cpp
[ 22%] Building CXX object timesplitters/CMakeFiles/timesplitters.dir/D_/Programming/GitHub/Timesplitters/project/generated/chrCountKills_0x288f68.cpp.obj
chrCountKills_0x288f68.cpp
[ 22%] Building CXX object timesplitters/CMakeFiles/timesplitters.dir/D_/Programming/GitHub/Timesplitters/project/generated/chrCountLosses_0x289028.cpp.obj
chrCountLosses_0x289028.cpp
[ 22%] Building CXX object timesplitters/CMakeFiles/timesplitters.dir/D_/Programming/GitHub/Timesplitters/project/generated/chrEnd_0x285038.cpp.obj
chrEnd_0x285038.cpp
[ 22%] Building CXX object timesplitters/CMakeFiles/timesplitters.dir/D_/Programming/GitHub/Timesplitters/project/generated/chrGetChrHeadPropUse_0x288460.cpp.obj
chrGetChrHeadPropUse_0x288460.cpp
[ 22%] Building CXX object timesplitters/CMakeFiles/timesplitters.dir/D_/Programming/GitHub/Timesplitters/project/generated/chrGetChrHeadProp_0x2886a0.cpp.obj
chrGetChrHeadProp_0x2886a0.cpp
[ 22%] Building CXX object timesplitters/CMakeFiles/timesplitters.dir/D_/Programming/GitHub/Timesplitters/project/generated/chrGetLastHitPart_0x285060.cpp.obj
chrGetLastHitPart_0x285060.cpp
[ 22%] Building CXX object timesplitters/CMakeFiles/timesplitters.dir/D_/Programming/GitHub/Timesplitters/project/generated/chrGetScale_0x2891e0.cpp.obj
chrGetScale_0x2891e0.cpp
[ 22%] Building CXX object timesplitters/CMakeFiles/timesplitters.dir/D_/Programming/GitHub/Timesplitters/project/generated/chrGetScore_0x289160.cpp.obj
chrGetScore_0x289160.cpp
[ 22%] Building CXX object timesplitters/CMakeFiles/timesplitters.dir/D_/Programming/GitHub/Timesplitters/project/generated/chrLineTestChr_0x286700.cpp.obj
chrLineTestChr_0x286700.cpp
[ 22%] Building CXX object timesplitters/CMakeFiles/timesplitters.dir/D_/Programming/GitHub/Timesplitters/project/generated/chrMuzzleFlash_0x28e348.cpp.obj
chrMuzzleFlash_0x28e348.cpp
[ 22%] Building CXX object timesplitters/CMakeFiles/timesplitters.dir/D_/Programming/GitHub/Timesplitters/project/generated/chrNew_0x287cc0.cpp.obj
chrNew_0x287cc0.cpp
[ 22%] Building CXX object timesplitters/CMakeFiles/timesplitters.dir/D_/Programming/GitHub/Timesplitters/project/generated/chrPlayable_0x224bb0.cpp.obj
chrPlayable_0x224bb0.cpp
[ 22%] Building CXX object timesplitters/CMakeFiles/timesplitters.dir/D_/Programming/GitHub/Timesplitters/project/generated/chrPreload_0x2887e8.cpp.obj
chrPreload_0x2887e8.cpp
[ 22%] Building CXX object timesplitters/CMakeFiles/timesplitters.dir/D_/Programming/GitHub/Timesplitters/project/generated/chrPropTickAfter_0x26e8d8.cpp.obj
chrPropTickAfter_0x26e8d8.cpp
[ 22%] Building CXX object timesplitters/CMakeFiles/timesplitters.dir/D_/Programming/GitHub/Timesplitters/project/generated/chrPropTick_0x26ddc0.cpp.obj
chrPropTick_0x26ddc0.cpp
[ 22%] Building CXX object timesplitters/CMakeFiles/timesplitters.dir/D_/Programming/GitHub/Timesplitters/project/generated/chrResetAmmo_0x288918.cpp.obj
chrResetAmmo_0x288918.cpp
[ 22%] Building CXX object timesplitters/CMakeFiles/timesplitters.dir/D_/Programming/GitHub/Timesplitters/project/generated/chrReset_0x284ff8.cpp.obj
chrReset_0x284ff8.cpp
[ 22%] Building CXX object timesplitters/CMakeFiles/timesplitters.dir/D_/Programming/GitHub/Timesplitters/project/generated/chrRespawn_0x287fc0.cpp.obj
chrRespawn_0x287fc0.cpp
[ 22%] Building CXX object timesplitters/CMakeFiles/timesplitters.dir/D_/Programming/GitHub/Timesplitters/project/generated/chrRestart_0x284fc8.cpp.obj
chrRestart_0x284fc8.cpp
[ 22%] Building CXX object timesplitters/CMakeFiles/timesplitters.dir/D_/Programming/GitHub/Timesplitters/project/generated/chrSelectDeathAnim_0x288a30.cpp.obj
chrSelectDeathAnim_0x288a30.cpp
[ 22%] Building CXX object timesplitters/CMakeFiles/timesplitters.dir/D_/Programming/GitHub/Timesplitters/project/generated/chrSelectTeam_0x288710.cpp.obj
chrSelectTeam_0x288710.cpp
[ 22%] Building CXX object timesplitters/CMakeFiles/timesplitters.dir/D_/Programming/GitHub/Timesplitters/project/generated/chrSetLastHitPart_0x285068.cpp.obj
chrSetLastHitPart_0x285068.cpp
[ 22%] Building CXX object timesplitters/CMakeFiles/timesplitters.dir/D_/Programming/GitHub/Timesplitters/project/generated/chrSwipeTestChr_0x2872a8.cpp.obj
chrSwipeTestChr_0x2872a8.cpp
[ 22%] Building CXX object timesplitters/CMakeFiles/timesplitters.dir/D_/Programming/GitHub/Timesplitters/project/generated/chrgunTick_0x294970.cpp.obj
chrgunTick_0x294970.cpp
[ 22%] Building CXX object timesplitters/CMakeFiles/timesplitters.dir/D_/Programming/GitHub/Timesplitters/project/generated/chrplayer_pageDraw_0x237030.cpp.obj
chrplayer_pageDraw_0x237030.cpp
[ 22%] Building CXX object timesplitters/CMakeFiles/timesplitters.dir/D_/Programming/GitHub/Timesplitters/project/generated/chrplayer_pageTick_0x237600.cpp.obj
chrplayer_pageTick_0x237600.cpp
[ 22%] Building CXX object timesplitters/CMakeFiles/timesplitters.dir/D_/Programming/GitHub/Timesplitters/project/generated/chrsetDec_0x234510.cpp.obj
chrsetDec_0x234510.cpp
[ 22%] Building CXX object timesplitters/CMakeFiles/timesplitters.dir/D_/Programming/GitHub/Timesplitters/project/generated/chrsetInc_0x234588.cpp.obj
chrsetInc_0x234588.cpp
[ 23%] Building CXX object timesplitters/CMakeFiles/timesplitters.dir/D_/Programming/GitHub/Timesplitters/project/generated/chrsets_pageDraw_0x233810.cpp.obj
chrsets_pageDraw_0x233810.cpp
[ 23%] Building CXX object timesplitters/CMakeFiles/timesplitters.dir/D_/Programming/GitHub/Timesplitters/project/generated/chrsets_pageTick_0x2345f8.cpp.obj
chrsets_pageTick_0x2345f8.cpp
[ 23%] Building CXX object timesplitters/CMakeFiles/timesplitters.dir/D_/Programming/GitHub/Timesplitters/project/generated/clearmapconfirmfunc_0x24ee98.cpp.obj
clearmapconfirmfunc_0x24ee98.cpp
[ 23%] Building CXX object timesplitters/CMakeFiles/timesplitters.dir/D_/Programming/GitHub/Timesplitters/project/generated/clearvram_0x201880.cpp.obj
clearvram_0x201880.cpp
[ 23%] Building CXX object timesplitters/CMakeFiles/timesplitters.dir/D_/Programming/GitHub/Timesplitters/project/generated/clock2u32_0x2b39c8.cpp.obj
clock2u32_0x2b39c8.cpp
[ 23%] Building CXX object timesplitters/CMakeFiles/timesplitters.dir/D_/Programming/GitHub/Timesplitters/project/generated/clockPropTick_0x279328.cpp.obj
clockPropTick_0x279328.cpp
[ 23%] Building CXX object timesplitters/CMakeFiles/timesplitters.dir/D_/Programming/GitHub/Timesplitters/project/generated/close_0x2d0740.cpp.obj
close_0x2d0740.cpp
[ 23%] Building CXX object timesplitters/CMakeFiles/timesplitters.dir/D_/Programming/GitHub/Timesplitters/project/generated/closestpad_0x266b90.cpp.obj
closestpad_0x266b90.cpp
[ 23%] Building CXX object timesplitters/CMakeFiles/timesplitters.dir/D_/Programming/GitHub/Timesplitters/project/generated/closestpadinlist_0x266c58.cpp.obj
closestpadinlist_0x266c58.cpp
[ 23%] Building CXX object timesplitters/CMakeFiles/timesplitters.dir/D_/Programming/GitHub/Timesplitters/project/generated/cmd_sem_init_0x2de180.cpp.obj
cmd_sem_init_0x2de180.cpp
[ 23%] Building CXX object timesplitters/CMakeFiles/timesplitters.dir/D_/Programming/GitHub/Timesplitters/project/generated/config_onchange_0x20f558.cpp.obj
config_onchange_0x20f558.cpp
[ 23%] Building CXX object timesplitters/CMakeFiles/timesplitters.dir/D_/Programming/GitHub/Timesplitters/project/generated/confirmPasteTileNoItems_0x246a40.cpp.obj
confirmPasteTileNoItems_0x246a40.cpp
[ 23%] Building CXX object timesplitters/CMakeFiles/timesplitters.dir/D_/Programming/GitHub/Timesplitters/project/generated/confirmendgame_pageTick_0x20fa70.cpp.obj
confirmendgame_pageTick_0x20fa70.cpp
[ 23%] Building CXX object timesplitters/CMakeFiles/timesplitters.dir/D_/Programming/GitHub/Timesplitters/project/generated/confirmyesno_0x24d268.cpp.obj
confirmyesno_0x24d268.cpp
[ 23%] Building CXX object timesplitters/CMakeFiles/timesplitters.dir/D_/Programming/GitHub/Timesplitters/project/generated/controlActivate_0x275170.cpp.obj
controlActivate_0x275170.cpp
[ 23%] Building CXX object timesplitters/CMakeFiles/timesplitters.dir/D_/Programming/GitHub/Timesplitters/project/generated/controlOnChange_0x20ec10.cpp.obj
controlOnChange_0x20ec10.cpp
[ 23%] Building CXX object timesplitters/CMakeFiles/timesplitters.dir/D_/Programming/GitHub/Timesplitters/project/generated/controllerOpen_0x203138.cpp.obj
controllerOpen_0x203138.cpp
[ 23%] Building CXX object timesplitters/CMakeFiles/timesplitters.dir/D_/Programming/GitHub/Timesplitters/project/generated/controllerTick_0x2031a8.cpp.obj
controllerTick_0x2031a8.cpp
[ 23%] Building CXX object timesplitters/CMakeFiles/timesplitters.dir/D_/Programming/GitHub/Timesplitters/project/generated/convertfrombcd_0x2e0d00.cpp.obj
convertfrombcd_0x2e0d00.cpp
[ 23%] Building CXX object timesplitters/CMakeFiles/timesplitters.dir/D_/Programming/GitHub/Timesplitters/project/generated/converttobcd_0x2e0d88.cpp.obj
converttobcd_0x2e0d88.cpp
[ 23%] Building CXX object timesplitters/CMakeFiles/timesplitters.dir/D_/Programming/GitHub/Timesplitters/project/generated/copterDamage_0x277860.cpp.obj
copterDamage_0x277860.cpp
[ 23%] Building CXX object timesplitters/CMakeFiles/timesplitters.dir/D_/Programming/GitHub/Timesplitters/project/generated/copysign_0x2dc770.cpp.obj
copysign_0x2dc770.cpp
[ 23%] Building CXX object timesplitters/CMakeFiles/timesplitters.dir/D_/Programming/GitHub/Timesplitters/project/generated/copysignf_0x2dc7b8.cpp.obj
copysignf_0x2dc7b8.cpp
[ 23%] Building CXX object timesplitters/CMakeFiles/timesplitters.dir/D_/Programming/GitHub/Timesplitters/project/generated/corpsePropTick_0x26ecb8.cpp.obj
corpsePropTick_0x26ecb8.cpp
[ 23%] Building CXX object timesplitters/CMakeFiles/timesplitters.dir/D_/Programming/GitHub/Timesplitters/project/generated/corruptLoadMessage_0x2317d8.cpp.obj
corruptLoadMessage_0x2317d8.cpp
[ 23%] Building CXX object timesplitters/CMakeFiles/timesplitters.dir/D_/Programming/GitHub/Timesplitters/project/generated/cosf_0x2d71c8.cpp.obj
cosf_0x2d71c8.cpp
[ 23%] Building CXX object timesplitters/CMakeFiles/timesplitters.dir/D_/Programming/GitHub/Timesplitters/project/generated/countBots_0x235590.cpp.obj
countBots_0x235590.cpp
[ 23%] Building CXX object timesplitters/CMakeFiles/timesplitters.dir/D_/Programming/GitHub/Timesplitters/project/generated/counthallpads_0x264be8.cpp.obj
counthallpads_0x264be8.cpp
[ 23%] Building CXX object timesplitters/CMakeFiles/timesplitters.dir/D_/Programming/GitHub/Timesplitters/project/generated/cpuMain_0x200c48.cpp.obj
cpuMain_0x200c48.cpp
[ 24%] Building CXX object timesplitters/CMakeFiles/timesplitters.dir/D_/Programming/GitHub/Timesplitters/project/generated/crateDamage_0x274998.cpp.obj
crateDamage_0x274998.cpp
[ 24%] Building CXX object timesplitters/CMakeFiles/timesplitters.dir/D_/Programming/GitHub/Timesplitters/project/generated/crcCalc_0x2b3d00.cpp.obj
crcCalc_0x2b3d00.cpp
[ 24%] Building CXX object timesplitters/CMakeFiles/timesplitters.dir/D_/Programming/GitHub/Timesplitters/project/generated/crcCheck_0x2b3d50.cpp.obj
crcCheck_0x2b3d50.cpp
[ 24%] Building CXX object timesplitters/CMakeFiles/timesplitters.dir/D_/Programming/GitHub/Timesplitters/project/generated/createlink_0x264af8.cpp.obj
createlink_0x264af8.cpp
[ 24%] Building CXX object timesplitters/CMakeFiles/timesplitters.dir/D_/Programming/GitHub/Timesplitters/project/generated/createpad_0x2646b0.cpp.obj
createpad_0x2646b0.cpp
[ 24%] Building CXX object timesplitters/CMakeFiles/timesplitters.dir/D_/Programming/GitHub/Timesplitters/project/generated/creditsBgGfx_0x2afb98.cpp.obj
creditsBgGfx_0x2afb98.cpp
[ 24%] Building CXX object timesplitters/CMakeFiles/timesplitters.dir/D_/Programming/GitHub/Timesplitters/project/generated/creditsBgReset_0x2ae838.cpp.obj
creditsBgReset_0x2ae838.cpp
[ 24%] Building CXX object timesplitters/CMakeFiles/timesplitters.dir/D_/Programming/GitHub/Timesplitters/project/generated/creditsBgTick_0x2aeac8.cpp.obj
creditsBgTick_0x2aeac8.cpp
[ 24%] Building CXX object timesplitters/CMakeFiles/timesplitters.dir/D_/Programming/GitHub/Timesplitters/project/generated/creditsCalcTextWave_0x2b00e8.cpp.obj
creditsCalcTextWave_0x2b00e8.cpp
[ 24%] Building CXX object timesplitters/CMakeFiles/timesplitters.dir/D_/Programming/GitHub/Timesplitters/project/generated/creditsEnd_0x2ae690.cpp.obj
creditsEnd_0x2ae690.cpp
[ 24%] Building CXX object timesplitters/CMakeFiles/timesplitters.dir/D_/Programming/GitHub/Timesplitters/project/generated/creditsGfx_0x2ae6c8.cpp.obj
creditsGfx_0x2ae6c8.cpp
[ 24%] Building CXX object timesplitters/CMakeFiles/timesplitters.dir/D_/Programming/GitHub/Timesplitters/project/generated/creditsPreload_0x2ae5f0.cpp.obj
creditsPreload_0x2ae5f0.cpp
[ 24%] Building CXX object timesplitters/CMakeFiles/timesplitters.dir/D_/Programming/GitHub/Timesplitters/project/generated/creditsReset_0x2ae640.cpp.obj
creditsReset_0x2ae640.cpp
[ 24%] Building CXX object timesplitters/CMakeFiles/timesplitters.dir/D_/Programming/GitHub/Timesplitters/project/generated/creditsRestartTunnel_0x2ae750.cpp.obj
creditsRestartTunnel_0x2ae750.cpp
[ 24%] Building CXX object timesplitters/CMakeFiles/timesplitters.dir/D_/Programming/GitHub/Timesplitters/project/generated/creditsSetQuad_0x2af230.cpp.obj
creditsSetQuad_0x2af230.cpp
[ 24%] Building CXX object timesplitters/CMakeFiles/timesplitters.dir/D_/Programming/GitHub/Timesplitters/project/generated/creditsSetST_0x2af868.cpp.obj
creditsSetST_0x2af868.cpp
[ 24%] Building CXX object timesplitters/CMakeFiles/timesplitters.dir/D_/Programming/GitHub/Timesplitters/project/generated/creditsTextGfx_0x2b0300.cpp.obj
creditsTextGfx_0x2b0300.cpp
[ 24%] Building CXX object timesplitters/CMakeFiles/timesplitters.dir/D_/Programming/GitHub/Timesplitters/project/generated/creditsTextReset_0x2aff10.cpp.obj
creditsTextReset_0x2aff10.cpp
[ 24%] Building CXX object timesplitters/CMakeFiles/timesplitters.dir/D_/Programming/GitHub/Timesplitters/project/generated/creditsTextTick_0x2aff40.cpp.obj
creditsTextTick_0x2aff40.cpp
[ 24%] Building CXX object timesplitters/CMakeFiles/timesplitters.dir/D_/Programming/GitHub/Timesplitters/project/generated/creditsTick_0x2ae698.cpp.obj
creditsTick_0x2ae698.cpp
[ 24%] Building CXX object timesplitters/CMakeFiles/timesplitters.dir/D_/Programming/GitHub/Timesplitters/project/generated/crouchmode_onchange_0x20f4c8.cpp.obj
crouchmode_onchange_0x20f4c8.cpp
[ 24%] Building CXX object timesplitters/CMakeFiles/timesplitters.dir/D_/Programming/GitHub/Timesplitters/project/generated/curAnimBases_0x2158b8.cpp.obj
curAnimBases_0x2158b8.cpp
[ 24%] Building CXX object timesplitters/CMakeFiles/timesplitters.dir/D_/Programming/GitHub/Timesplitters/project/generated/curAnimComplete_0x215b00.cpp.obj
curAnimComplete_0x215b00.cpp
[ 24%] Building CXX object timesplitters/CMakeFiles/timesplitters.dir/D_/Programming/GitHub/Timesplitters/project/generated/curAnimSlot1_0x215a10.cpp.obj
curAnimSlot1_0x215a10.cpp
[ 24%] Building CXX object timesplitters/CMakeFiles/timesplitters.dir/D_/Programming/GitHub/Timesplitters/project/generated/curAnimSlot2_0x215a88.cpp.obj
curAnimSlot2_0x215a88.cpp
[ 24%] Building CXX object timesplitters/CMakeFiles/timesplitters.dir/D_/Programming/GitHub/Timesplitters/project/generated/curAnimSpeed_0x215b20.cpp.obj
curAnimSpeed_0x215b20.cpp
[ 24%] Building CXX object timesplitters/CMakeFiles/timesplitters.dir/D_/Programming/GitHub/Timesplitters/project/generated/curAnim_0x215820.cpp.obj
curAnim_0x215820.cpp
[ 24%] Building CXX object timesplitters/CMakeFiles/timesplitters.dir/D_/Programming/GitHub/Timesplitters/project/generated/customcontrols_makemenu_0x20ece0.cpp.obj
customcontrols_makemenu_0x20ece0.cpp
[ 24%] Building CXX object timesplitters/CMakeFiles/timesplitters.dir/D_/Programming/GitHub/Timesplitters/project/generated/cvt_0x2e8b68.cpp.obj
cvt_0x2e8b68.cpp
[ 24%] Building CXX object timesplitters/CMakeFiles/timesplitters.dir/D_/Programming/GitHub/Timesplitters/project/generated/cycleTilePage_0x252c28.cpp.obj
cycleTilePage_0x252c28.cpp
[ 25%] Building CXX object timesplitters/CMakeFiles/timesplitters.dir/D_/Programming/GitHub/Timesplitters/project/generated/cyclepropview_0x20d5c8.cpp.obj
cyclepropview_0x20d5c8.cpp
[ 25%] Building CXX object timesplitters/CMakeFiles/timesplitters.dir/D_/Programming/GitHub/Timesplitters/project/generated/debugPrintStateInfo_0x2cc778.cpp.obj
debugPrintStateInfo_0x2cc778.cpp
[ 25%] Building CXX object timesplitters/CMakeFiles/timesplitters.dir/D_/Programming/GitHub/Timesplitters/project/generated/debugitems_0x248578.cpp.obj
debugitems_0x248578.cpp
[ 25%] Building CXX object timesplitters/CMakeFiles/timesplitters.dir/D_/Programming/GitHub/Timesplitters/project/generated/debugmenuEnd_0x20dbf0.cpp.obj
debugmenuEnd_0x20dbf0.cpp
[ 25%] Building CXX object timesplitters/CMakeFiles/timesplitters.dir/D_/Programming/GitHub/Timesplitters/project/generated/debugmenuGetJoyMode_0x20db28.cpp.obj
debugmenuGetJoyMode_0x20db28.cpp
[ 25%] Building CXX object timesplitters/CMakeFiles/timesplitters.dir/D_/Programming/GitHub/Timesplitters/project/generated/debugmenuGfx_0x20db90.cpp.obj
debugmenuGfx_0x20db90.cpp
[ 25%] Building CXX object timesplitters/CMakeFiles/timesplitters.dir/D_/Programming/GitHub/Timesplitters/project/generated/debugmenuSetJoyMode_0x20db20.cpp.obj
debugmenuSetJoyMode_0x20db20.cpp
[ 25%] Building CXX object timesplitters/CMakeFiles/timesplitters.dir/D_/Programming/GitHub/Timesplitters/project/generated/debugmenuStart_0x20db48.cpp.obj
debugmenuStart_0x20db48.cpp
[ 25%] Building CXX object timesplitters/CMakeFiles/timesplitters.dir/D_/Programming/GitHub/Timesplitters/project/generated/debugmenuTick_0x20db60.cpp.obj
debugmenuTick_0x20db60.cpp
[ 25%] Building CXX object timesplitters/CMakeFiles/timesplitters.dir/D_/Programming/GitHub/Timesplitters/project/generated/debugsignon_0x2209d8.cpp.obj
debugsignon_0x2209d8.cpp
[ 25%] Building CXX object timesplitters/CMakeFiles/timesplitters.dir/D_/Programming/GitHub/Timesplitters/project/generated/debugtesthits_0x284e90.cpp.obj
debugtesthits_0x284e90.cpp
[ 25%] Building CXX object timesplitters/CMakeFiles/timesplitters.dir/D_/Programming/GitHub/Timesplitters/project/generated/decalAddNewDecal_0x2a3270.cpp.obj
decalAddNewDecal_0x2a3270.cpp
[ 25%] Building CXX object timesplitters/CMakeFiles/timesplitters.dir/D_/Programming/GitHub/Timesplitters/project/generated/decalAddToDrawList_0x2a30e0.cpp.obj
decalAddToDrawList_0x2a30e0.cpp
[ 25%] Building CXX object timesplitters/CMakeFiles/timesplitters.dir/D_/Programming/GitHub/Timesplitters/project/generated/decalClipToPoly_0x2a2710.cpp.obj
decalClipToPoly_0x2a2710.cpp
[ 25%] Building CXX object timesplitters/CMakeFiles/timesplitters.dir/D_/Programming/GitHub/Timesplitters/project/generated/decalDraw_0x2a5b20.cpp.obj
decalDraw_0x2a5b20.cpp
[ 25%] Building CXX object timesplitters/CMakeFiles/timesplitters.dir/D_/Programming/GitHub/Timesplitters/project/generated/decalEnd_0x2a26f8.cpp.obj
decalEnd_0x2a26f8.cpp
[ 25%] Building CXX object timesplitters/CMakeFiles/timesplitters.dir/D_/Programming/GitHub/Timesplitters/project/generated/decalGetBulletTexScaleCol_0x2a4758.cpp.obj
decalGetBulletTexScaleCol_0x2a4758.cpp
[ 25%] Building CXX object timesplitters/CMakeFiles/timesplitters.dir/D_/Programming/GitHub/Timesplitters/project/generated/decalGetRoomFromProp_0x2a30c0.cpp.obj
decalGetRoomFromProp_0x2a30c0.cpp
[ 25%] Building CXX object timesplitters/CMakeFiles/timesplitters.dir/D_/Programming/GitHub/Timesplitters/project/generated/decalGfxMoving_0x2a6250.cpp.obj
decalGfxMoving_0x2a6250.cpp
[ 25%] Building CXX object timesplitters/CMakeFiles/timesplitters.dir/D_/Programming/GitHub/Timesplitters/project/generated/decalGfx_0x2a61c8.cpp.obj
decalGfx_0x2a61c8.cpp
[ 25%] Building CXX object timesplitters/CMakeFiles/timesplitters.dir/D_/Programming/GitHub/Timesplitters/project/generated/decalNewDecalMain_0x2a3bd8.cpp.obj
decalNewDecalMain_0x2a3bd8.cpp
[ 25%] Building CXX object timesplitters/CMakeFiles/timesplitters.dir/D_/Programming/GitHub/Timesplitters/project/generated/decalNewDecal_0x2a4028.cpp.obj
decalNewDecal_0x2a4028.cpp
[ 25%] Building CXX object timesplitters/CMakeFiles/timesplitters.dir/D_/Programming/GitHub/Timesplitters/project/generated/decalNewGlassDecal_0x2a4938.cpp.obj
decalNewGlassDecal_0x2a4938.cpp
[ 25%] Building CXX object timesplitters/CMakeFiles/timesplitters.dir/D_/Programming/GitHub/Timesplitters/project/generated/decalPreload_0x2a2488.cpp.obj
decalPreload_0x2a2488.cpp
[ 25%] Building CXX object timesplitters/CMakeFiles/timesplitters.dir/D_/Programming/GitHub/Timesplitters/project/generated/decalRemoveDecal_0x2a4ac8.cpp.obj
decalRemoveDecal_0x2a4ac8.cpp
[ 25%] Building CXX object timesplitters/CMakeFiles/timesplitters.dir/D_/Programming/GitHub/Timesplitters/project/generated/decalRemoveDecalsFromProp_0x2a4b10.cpp.obj
decalRemoveDecalsFromProp_0x2a4b10.cpp
[ 25%] Building CXX object timesplitters/CMakeFiles/timesplitters.dir/D_/Programming/GitHub/Timesplitters/project/generated/decalRemoveFromDrawList_0x2a31c8.cpp.obj
decalRemoveFromDrawList_0x2a31c8.cpp
[ 25%] Building CXX object timesplitters/CMakeFiles/timesplitters.dir/D_/Programming/GitHub/Timesplitters/project/generated/decalReset_0x2a2658.cpp.obj
decalReset_0x2a2658.cpp
[ 25%] Building CXX object timesplitters/CMakeFiles/timesplitters.dir/D_/Programming/GitHub/Timesplitters/project/generated/decalRestart_0x2a24e0.cpp.obj
decalRestart_0x2a24e0.cpp
[ 26%] Building CXX object timesplitters/CMakeFiles/timesplitters.dir/D_/Programming/GitHub/Timesplitters/project/generated/decalSetAlphaScale_0x2a4bc0.cpp.obj
decalSetAlphaScale_0x2a4bc0.cpp
[ 26%] Building CXX object timesplitters/CMakeFiles/timesplitters.dir/D_/Programming/GitHub/Timesplitters/project/generated/decalTick_0x2a4bd8.cpp.obj
decalTick_0x2a4bd8.cpp
[ 26%] Building CXX object timesplitters/CMakeFiles/timesplitters.dir/D_/Programming/GitHub/Timesplitters/project/generated/deci2Putchar_0x2d1400.cpp.obj
deci2Putchar_0x2d1400.cpp
[ 26%] Building CXX object timesplitters/CMakeFiles/timesplitters.dir/D_/Programming/GitHub/Timesplitters/project/generated/deergunDamage_0x274fe0.cpp.obj
deergunDamage_0x274fe0.cpp
[ 26%] Building CXX object timesplitters/CMakeFiles/timesplitters.dir/D_/Programming/GitHub/Timesplitters/project/generated/defaultmessagetick_0x206b68.cpp.obj
defaultmessagetick_0x206b68.cpp
[ 26%] Building CXX object timesplitters/CMakeFiles/timesplitters.dir/D_/Programming/GitHub/Timesplitters/project/generated/defaultmessagetick_0x231388.cpp.obj
defaultmessagetick_0x231388.cpp
[ 26%] Building CXX object timesplitters/CMakeFiles/timesplitters.dir/D_/Programming/GitHub/Timesplitters/project/generated/defaultmessagetick_0x24c968.cpp.obj
defaultmessagetick_0x24c968.cpp
[ 26%] Building CXX object timesplitters/CMakeFiles/timesplitters.dir/D_/Programming/GitHub/Timesplitters/project/generated/deletelink_0x264738.cpp.obj
deletelink_0x264738.cpp
[ 26%] Building CXX object timesplitters/CMakeFiles/timesplitters.dir/D_/Programming/GitHub/Timesplitters/project/generated/deletepad_0x264798.cpp.obj
deletepad_0x264798.cpp
[ 26%] Building CXX object timesplitters/CMakeFiles/timesplitters.dir/D_/Programming/GitHub/Timesplitters/project/generated/demoEnd_0x2257d8.cpp.obj
demoEnd_0x2257d8.cpp
[ 26%] Building CXX object timesplitters/CMakeFiles/timesplitters.dir/D_/Programming/GitHub/Timesplitters/project/generated/demoFileName_0x225718.cpp.obj
demoFileName_0x225718.cpp
[ 26%] Building CXX object timesplitters/CMakeFiles/timesplitters.dir/D_/Programming/GitHub/Timesplitters/project/generated/demoGetHeader_0x225788.cpp.obj
demoGetHeader_0x225788.cpp
[ 26%] Building CXX object timesplitters/CMakeFiles/timesplitters.dir/D_/Programming/GitHub/Timesplitters/project/generated/demoLoad_0x225740.cpp.obj
demoLoad_0x225740.cpp
[ 26%] Building CXX object timesplitters/CMakeFiles/timesplitters.dir/D_/Programming/GitHub/Timesplitters/project/generated/demoMakeHeader_0x2256e0.cpp.obj
demoMakeHeader_0x2256e0.cpp
[ 26%] Building CXX object timesplitters/CMakeFiles/timesplitters.dir/D_/Programming/GitHub/Timesplitters/project/generated/demoStart_0x225790.cpp.obj
demoStart_0x225790.cpp
[ 26%] Building CXX object timesplitters/CMakeFiles/timesplitters.dir/D_/Programming/GitHub/Timesplitters/project/generated/demoplaybackTick_0x240ea0.cpp.obj
demoplaybackTick_0x240ea0.cpp
[ 26%] Building CXX object timesplitters/CMakeFiles/timesplitters.dir/D_/Programming/GitHub/Timesplitters/project/generated/disconnect_0x2892d0.cpp.obj
disconnect_0x2892d0.cpp
[ 26%] Building CXX object timesplitters/CMakeFiles/timesplitters.dir/D_/Programming/GitHub/Timesplitters/project/generated/displayoffsetx_onchange_0x231240.cpp.obj
displayoffsetx_onchange_0x231240.cpp
[ 26%] Building CXX object timesplitters/CMakeFiles/timesplitters.dir/D_/Programming/GitHub/Timesplitters/project/generated/displayperfstatsGfx_0x20db38.cpp.obj
displayperfstatsGfx_0x20db38.cpp
[ 26%] Building CXX object timesplitters/CMakeFiles/timesplitters.dir/D_/Programming/GitHub/Timesplitters/project/generated/displayposGfx_0x20db40.cpp.obj
displayposGfx_0x20db40.cpp
[ 26%] Building CXX object timesplitters/CMakeFiles/timesplitters.dir/D_/Programming/GitHub/Timesplitters/project/generated/displayspeedGfx_0x20db30.cpp.obj
displayspeedGfx_0x20db30.cpp
[ 26%] Building CXX object timesplitters/CMakeFiles/timesplitters.dir/D_/Programming/GitHub/Timesplitters/project/generated/dlClearFB_0x2b8178.cpp.obj
dlClearFB_0x2b8178.cpp
[ 26%] Building CXX object timesplitters/CMakeFiles/timesplitters.dir/D_/Programming/GitHub/Timesplitters/project/generated/dlDrawLine_0x2b8898.cpp.obj
dlDrawLine_0x2b8898.cpp
[ 26%] Building CXX object timesplitters/CMakeFiles/timesplitters.dir/D_/Programming/GitHub/Timesplitters/project/generated/dlDrawPoint_0x2b8768.cpp.obj
dlDrawPoint_0x2b8768.cpp
[ 26%] Building CXX object timesplitters/CMakeFiles/timesplitters.dir/D_/Programming/GitHub/Timesplitters/project/generated/dlDrawTriangleStrip_0x2b8a10.cpp.obj
dlDrawTriangleStrip_0x2b8a10.cpp
[ 26%] Building CXX object timesplitters/CMakeFiles/timesplitters.dir/D_/Programming/GitHub/Timesplitters/project/generated/dlFillRectangleFloat_0x2b85c8.cpp.obj
dlFillRectangleFloat_0x2b85c8.cpp
[ 26%] Building CXX object timesplitters/CMakeFiles/timesplitters.dir/D_/Programming/GitHub/Timesplitters/project/generated/dlFillRectangle_0x2b8420.cpp.obj
dlFillRectangle_0x2b8420.cpp
[ 26%] Building CXX object timesplitters/CMakeFiles/timesplitters.dir/D_/Programming/GitHub/Timesplitters/project/generated/dlFinish_0x2b7a10.cpp.obj
dlFinish_0x2b7a10.cpp
[ 26%] Building CXX object timesplitters/CMakeFiles/timesplitters.dir/D_/Programming/GitHub/Timesplitters/project/generated/dlLabel_0x2b7d28.cpp.obj
dlLabel_0x2b7d28.cpp
[ 26%] Building CXX object timesplitters/CMakeFiles/timesplitters.dir/D_/Programming/GitHub/Timesplitters/project/generated/dlLoadTexture_0x2b7b40.cpp.obj
dlLoadTexture_0x2b7b40.cpp
[ 27%] Building CXX object timesplitters/CMakeFiles/timesplitters.dir/D_/Programming/GitHub/Timesplitters/project/generated/dlPopDmaTag_0x2b9028.cpp.obj
dlPopDmaTag_0x2b9028.cpp
[ 27%] Building CXX object timesplitters/CMakeFiles/timesplitters.dir/D_/Programming/GitHub/Timesplitters/project/generated/dlPushDmaTag_0x2b9018.cpp.obj
dlPushDmaTag_0x2b9018.cpp
[ 27%] Building CXX object timesplitters/CMakeFiles/timesplitters.dir/D_/Programming/GitHub/Timesplitters/project/generated/dlSelectTextureKick_0x2b7ad0.cpp.obj
dlSelectTextureKick_0x2b7ad0.cpp
[ 27%] Building CXX object timesplitters/CMakeFiles/timesplitters.dir/D_/Programming/GitHub/Timesplitters/project/generated/dlSetBlend_0x2b7ea8.cpp.obj
dlSetBlend_0x2b7ea8.cpp
[ 27%] Building CXX object timesplitters/CMakeFiles/timesplitters.dir/D_/Programming/GitHub/Timesplitters/project/generated/dlSetClipTag_0x2b7c98.cpp.obj
dlSetClipTag_0x2b7c98.cpp
[ 27%] Building CXX object timesplitters/CMakeFiles/timesplitters.dir/D_/Programming/GitHub/Timesplitters/project/generated/dlSetClip_0x2b8050.cpp.obj
dlSetClip_0x2b8050.cpp
[ 27%] Building CXX object timesplitters/CMakeFiles/timesplitters.dir/D_/Programming/GitHub/Timesplitters/project/generated/dlSetDitherMatrix_0x2b7df0.cpp.obj
dlSetDitherMatrix_0x2b7df0.cpp
[ 27%] Building CXX object timesplitters/CMakeFiles/timesplitters.dir/D_/Programming/GitHub/Timesplitters/project/generated/dlSetFBMSK_0x2b8318.cpp.obj
dlSetFBMSK_0x2b8318.cpp
[ 27%] Building CXX object timesplitters/CMakeFiles/timesplitters.dir/D_/Programming/GitHub/Timesplitters/project/generated/dlSetFixedRGBA_0x2b7ea0.cpp.obj
dlSetFixedRGBA_0x2b7ea0.cpp
[ 27%] Building CXX object timesplitters/CMakeFiles/timesplitters.dir/D_/Programming/GitHub/Timesplitters/project/generated/dlSetZB_0x2b7cd0.cpp.obj
dlSetZB_0x2b7cd0.cpp
[ 27%] Building CXX object timesplitters/CMakeFiles/timesplitters.dir/D_/Programming/GitHub/Timesplitters/project/generated/dlTextureRectangleFloat_0x2b8df8.cpp.obj
dlTextureRectangleFloat_0x2b8df8.cpp
[ 27%] Building CXX object timesplitters/CMakeFiles/timesplitters.dir/D_/Programming/GitHub/Timesplitters/project/generated/dlTextureRectangle_0x2b8c08.cpp.obj
dlTextureRectangle_0x2b8c08.cpp
[ 27%] Building CXX object timesplitters/CMakeFiles/timesplitters.dir/D_/Programming/GitHub/Timesplitters/project/generated/doorActivate_0x269960.cpp.obj
doorActivate_0x269960.cpp
[ 27%] Building CXX object timesplitters/CMakeFiles/timesplitters.dir/D_/Programming/GitHub/Timesplitters/project/generated/doorClose_0x26c1a8.cpp.obj
doorClose_0x26c1a8.cpp
[ 27%] Building CXX object timesplitters/CMakeFiles/timesplitters.dir/D_/Programming/GitHub/Timesplitters/project/generated/doorLock_0x26c138.cpp.obj
doorLock_0x26c138.cpp
[ 27%] Building CXX object timesplitters/CMakeFiles/timesplitters.dir/D_/Programming/GitHub/Timesplitters/project/generated/doorNewInVolume_0x269888.cpp.obj
doorNewInVolume_0x269888.cpp
[ 27%] Building CXX object timesplitters/CMakeFiles/timesplitters.dir/D_/Programming/GitHub/Timesplitters/project/generated/doorNew_0x269970.cpp.obj
doorNew_0x269970.cpp
[ 27%] Building CXX object timesplitters/CMakeFiles/timesplitters.dir/D_/Programming/GitHub/Timesplitters/project/generated/doorOpen_0x26c180.cpp.obj
doorOpen_0x26c180.cpp
[ 27%] Building CXX object timesplitters/CMakeFiles/timesplitters.dir/D_/Programming/GitHub/Timesplitters/project/generated/doorPropTick_0x26be78.cpp.obj
doorPropTick_0x26be78.cpp
[ 27%] Building CXX object timesplitters/CMakeFiles/timesplitters.dir/D_/Programming/GitHub/Timesplitters/project/generated/doorUnlock_0x26c160.cpp.obj
doorUnlock_0x26c160.cpp
[ 27%] Building CXX object timesplitters/CMakeFiles/timesplitters.dir/D_/Programming/GitHub/Timesplitters/project/generated/dpadd_0x2e3180.cpp.obj
dpadd_0x2e3180.cpp
[ 27%] Building CXX object timesplitters/CMakeFiles/timesplitters.dir/D_/Programming/GitHub/Timesplitters/project/generated/dpcmp_0x2e3768.cpp.obj
dpcmp_0x2e3768.cpp
[ 27%] Building CXX object timesplitters/CMakeFiles/timesplitters.dir/D_/Programming/GitHub/Timesplitters/project/generated/dpdiv_0x2e34e8.cpp.obj
dpdiv_0x2e34e8.cpp
[ 27%] Building CXX object timesplitters/CMakeFiles/timesplitters.dir/D_/Programming/GitHub/Timesplitters/project/generated/dpmul_0x2e3240.cpp.obj
dpmul_0x2e3240.cpp
[ 27%] Building CXX object timesplitters/CMakeFiles/timesplitters.dir/D_/Programming/GitHub/Timesplitters/project/generated/dpsub_0x2e31d8.cpp.obj
dpsub_0x2e31d8.cpp
[ 27%] Building CXX object timesplitters/CMakeFiles/timesplitters.dir/D_/Programming/GitHub/Timesplitters/project/generated/dptofp_0x2e3a10.cpp.obj
dptofp_0x2e3a10.cpp
[ 27%] Building CXX object timesplitters/CMakeFiles/timesplitters.dir/D_/Programming/GitHub/Timesplitters/project/generated/dptoli_0x2e3870.cpp.obj
dptoli_0x2e3870.cpp
[ 27%] Building CXX object timesplitters/CMakeFiles/timesplitters.dir/D_/Programming/GitHub/Timesplitters/project/generated/dptoul_0x2e3908.cpp.obj
dptoul_0x2e3908.cpp
[ 27%] Building CXX object timesplitters/CMakeFiles/timesplitters.dir/D_/Programming/GitHub/Timesplitters/project/generated/drawAwards_0x2103f0.cpp.obj
drawAwards_0x2103f0.cpp
[ 29%] Building CXX object timesplitters/CMakeFiles/timesplitters.dir/D_/Programming/GitHub/Timesplitters/project/generated/drawBotSet_0x235cc8.cpp.obj
drawBotSet_0x235cc8.cpp
[ 29%] Building CXX object timesplitters/CMakeFiles/timesplitters.dir/D_/Programming/GitHub/Timesplitters/project/generated/drawCharName_0x236f40.cpp.obj
drawCharName_0x236f40.cpp
[ 29%] Building CXX object timesplitters/CMakeFiles/timesplitters.dir/D_/Programming/GitHub/Timesplitters/project/generated/drawChar_0x2369a0.cpp.obj
drawChar_0x2369a0.cpp
[ 29%] Building CXX object timesplitters/CMakeFiles/timesplitters.dir/D_/Programming/GitHub/Timesplitters/project/generated/drawEscortCompleted_0x211aa8.cpp.obj
drawEscortCompleted_0x211aa8.cpp
[ 29%] Building CXX object timesplitters/CMakeFiles/timesplitters.dir/D_/Programming/GitHub/Timesplitters/project/generated/drawEscortNotCompleted_0x211ce8.cpp.obj
drawEscortNotCompleted_0x211ce8.cpp
[ 29%] Building CXX object timesplitters/CMakeFiles/timesplitters.dir/D_/Programming/GitHub/Timesplitters/project/generated/drawLastStand_0x211cf0.cpp.obj
drawLastStand_0x211cf0.cpp
[ 29%] Building CXX object timesplitters/CMakeFiles/timesplitters.dir/D_/Programming/GitHub/Timesplitters/project/generated/drawLine_0x2c79a8.cpp.obj
drawLine_0x2c79a8.cpp
[ 29%] Building CXX object timesplitters/CMakeFiles/timesplitters.dir/D_/Programming/GitHub/Timesplitters/project/generated/drawLittleGuys_0x235de0.cpp.obj
drawLittleGuys_0x235de0.cpp
[ 29%] Building CXX object timesplitters/CMakeFiles/timesplitters.dir/D_/Programming/GitHub/Timesplitters/project/generated/drawPause_0x211018.cpp.obj
drawPause_0x211018.cpp
[ 29%] Building CXX object timesplitters/CMakeFiles/timesplitters.dir/D_/Programming/GitHub/Timesplitters/project/generated/drawRankingsTable_0x20e5a0.cpp.obj
drawRankingsTable_0x20e5a0.cpp
[ 29%] Building CXX object timesplitters/CMakeFiles/timesplitters.dir/D_/Programming/GitHub/Timesplitters/project/generated/drawRetryQuit_0x210770.cpp.obj
drawRetryQuit_0x210770.cpp
[ 29%] Building CXX object timesplitters/CMakeFiles/timesplitters.dir/D_/Programming/GitHub/Timesplitters/project/generated/drawSelectCharArrows_0x236e60.cpp.obj
drawSelectCharArrows_0x236e60.cpp
[ 29%] Building CXX object timesplitters/CMakeFiles/timesplitters.dir/D_/Programming/GitHub/Timesplitters/project/generated/drawStats_0x20fca0.cpp.obj
drawStats_0x20fca0.cpp
[ 29%] Building CXX object timesplitters/CMakeFiles/timesplitters.dir/D_/Programming/GitHub/Timesplitters/project/generated/drawStoryCompleted_0x2110d0.cpp.obj
drawStoryCompleted_0x2110d0.cpp
[ 29%] Building CXX object timesplitters/CMakeFiles/timesplitters.dir/D_/Programming/GitHub/Timesplitters/project/generated/drawStoryNotCompleted_0x211630.cpp.obj
drawStoryNotCompleted_0x211630.cpp
[ 29%] Building CXX object timesplitters/CMakeFiles/timesplitters.dir/D_/Programming/GitHub/Timesplitters/project/generated/drawTeamBots_0x235b00.cpp.obj
drawTeamBots_0x235b00.cpp
[ 29%] Building CXX object timesplitters/CMakeFiles/timesplitters.dir/D_/Programming/GitHub/Timesplitters/project/generated/drawTeamPlayers_0x235998.cpp.obj
drawTeamPlayers_0x235998.cpp
[ 29%] Building CXX object timesplitters/CMakeFiles/timesplitters.dir/D_/Programming/GitHub/Timesplitters/project/generated/drawTitleBox_0x2b0fc0.cpp.obj
drawTitleBox_0x2b0fc0.cpp
[ 29%] Building CXX object timesplitters/CMakeFiles/timesplitters.dir/D_/Programming/GitHub/Timesplitters/project/generated/drawValueBox_0x2b1420.cpp.obj
drawValueBox_0x2b1420.cpp
[ 29%] Building CXX object timesplitters/CMakeFiles/timesplitters.dir/D_/Programming/GitHub/Timesplitters/project/generated/drawWarning_0x2361c0.cpp.obj
drawWarning_0x2361c0.cpp
[ 29%] Building CXX object timesplitters/CMakeFiles/timesplitters.dir/D_/Programming/GitHub/Timesplitters/project/generated/draw_colourbox_0x251e70.cpp.obj
draw_colourbox_0x251e70.cpp
[ 29%] Building CXX object timesplitters/CMakeFiles/timesplitters.dir/D_/Programming/GitHub/Timesplitters/project/generated/draw_colourslide_0x251600.cpp.obj
draw_colourslide_0x251600.cpp
[ 29%] Building CXX object timesplitters/CMakeFiles/timesplitters.dir/D_/Programming/GitHub/Timesplitters/project/generated/draw_colourwheel_0x2512b0.cpp.obj
draw_colourwheel_0x2512b0.cpp
[ 29%] Building CXX object timesplitters/CMakeFiles/timesplitters.dir/D_/Programming/GitHub/Timesplitters/project/generated/draw_menuitem_0x22d230.cpp.obj
draw_menuitem_0x22d230.cpp
[ 29%] Building CXX object timesplitters/CMakeFiles/timesplitters.dir/D_/Programming/GitHub/Timesplitters/project/generated/draw_mi_0x24bc00.cpp.obj
draw_mi_0x24bc00.cpp
[ 29%] Building CXX object timesplitters/CMakeFiles/timesplitters.dir/D_/Programming/GitHub/Timesplitters/project/generated/draw_neattext_0x24fb00.cpp.obj
draw_neattext_0x24fb00.cpp
[ 29%] Building CXX object timesplitters/CMakeFiles/timesplitters.dir/D_/Programming/GitHub/Timesplitters/project/generated/draw_selectbrick_0x251be0.cpp.obj
draw_selectbrick_0x251be0.cpp
[ 29%] Building CXX object timesplitters/CMakeFiles/timesplitters.dir/D_/Programming/GitHub/Timesplitters/project/generated/draw_slider_0x22d0e0.cpp.obj
draw_slider_0x22d0e0.cpp
[ 29%] Building CXX object timesplitters/CMakeFiles/timesplitters.dir/D_/Programming/GitHub/Timesplitters/project/generated/drawmenuitemtext_0x24ba78.cpp.obj
drawmenuitemtext_0x24ba78.cpp
[ 29%] Building CXX object timesplitters/CMakeFiles/timesplitters.dir/D_/Programming/GitHub/Timesplitters/project/generated/droppingPickupPropTick_0x26ecf0.cpp.obj
droppingPickupPropTick_0x26ecf0.cpp
[ 30%] Building CXX object timesplitters/CMakeFiles/timesplitters.dir/D_/Programming/GitHub/Timesplitters/project/generated/drumDamage_0x2748a8.cpp.obj
drumDamage_0x2748a8.cpp
[ 30%] Building CXX object timesplitters/CMakeFiles/timesplitters.dir/D_/Programming/GitHub/Timesplitters/project/generated/dying_0x2c3d40.cpp.obj
dying_0x2c3d40.cpp
[ 30%] Building CXX object timesplitters/CMakeFiles/timesplitters.dir/D_/Programming/GitHub/Timesplitters/project/generated/editRotate_0x265dc0.cpp.obj
editRotate_0x265dc0.cpp
[ 30%] Building CXX object timesplitters/CMakeFiles/timesplitters.dir/D_/Programming/GitHub/Timesplitters/project/generated/editTranslate_0x265c40.cpp.obj
editTranslate_0x265c40.cpp
[ 30%] Building CXX object timesplitters/CMakeFiles/timesplitters.dir/D_/Programming/GitHub/Timesplitters/project/generated/electricityPropTick_0x27a518.cpp.obj
electricityPropTick_0x27a518.cpp
[ 30%] Building CXX object timesplitters/CMakeFiles/timesplitters.dir/D_/Programming/GitHub/Timesplitters/project/generated/emCreateTexBuffer_0x2b6a20.cpp.obj
emCreateTexBuffer_0x2b6a20.cpp
[ 30%] Building CXX object timesplitters/CMakeFiles/timesplitters.dir/D_/Programming/GitHub/Timesplitters/project/generated/emGetNextPos_0x2b6c20.cpp.obj
emGetNextPos_0x2b6c20.cpp
[ 30%] Building CXX object timesplitters/CMakeFiles/timesplitters.dir/D_/Programming/GitHub/Timesplitters/project/generated/emLoadTextureAddr_0x2b78d8.cpp.obj
emLoadTextureAddr_0x2b78d8.cpp
[ 30%] Building CXX object timesplitters/CMakeFiles/timesplitters.dir/D_/Programming/GitHub/Timesplitters/project/generated/emLoadTextureName_0x2b79b8.cpp.obj
emLoadTextureName_0x2b79b8.cpp
[ 30%] Building CXX object timesplitters/CMakeFiles/timesplitters.dir/D_/Programming/GitHub/Timesplitters/project/generated/emLoadTextureNum_0x2b7900.cpp.obj
emLoadTextureNum_0x2b7900.cpp
[ 30%] Building CXX object timesplitters/CMakeFiles/timesplitters.dir/D_/Programming/GitHub/Timesplitters/project/generated/emLoadTexture_0x2b7190.cpp.obj
emLoadTexture_0x2b7190.cpp
[ 30%] Building CXX object timesplitters/CMakeFiles/timesplitters.dir/D_/Programming/GitHub/Timesplitters/project/generated/emPrintStats_0x2b6ba0.cpp.obj
emPrintStats_0x2b6ba0.cpp
[ 30%] Building CXX object timesplitters/CMakeFiles/timesplitters.dir/D_/Programming/GitHub/Timesplitters/project/generated/emResetTexBuffer_0x2b69a8.cpp.obj
emResetTexBuffer_0x2b69a8.cpp
[ 30%] Building CXX object timesplitters/CMakeFiles/timesplitters.dir/D_/Programming/GitHub/Timesplitters/project/generated/emReset_0x2b6ad0.cpp.obj
emReset_0x2b6ad0.cpp
[ 30%] Building CXX object timesplitters/CMakeFiles/timesplitters.dir/D_/Programming/GitHub/Timesplitters/project/generated/emRestart_0x2b6ac8.cpp.obj
emRestart_0x2b6ac8.cpp
[ 30%] Building CXX object timesplitters/CMakeFiles/timesplitters.dir/D_/Programming/GitHub/Timesplitters/project/generated/emSelectTexBuffer_0x2b6aa8.cpp.obj
emSelectTexBuffer_0x2b6aa8.cpp
[ 30%] Building CXX object timesplitters/CMakeFiles/timesplitters.dir/D_/Programming/GitHub/Timesplitters/project/generated/endgame_pageTick_0x20fb78.cpp.obj
endgame_pageTick_0x20fb78.cpp
[ 30%] Building CXX object timesplitters/CMakeFiles/timesplitters.dir/D_/Programming/GitHub/Timesplitters/project/generated/enemyAIChineseHandler1_0x2cbf00.cpp.obj
enemyAIChineseHandler1_0x2cbf00.cpp
[ 30%] Building CXX object timesplitters/CMakeFiles/timesplitters.dir/D_/Programming/GitHub/Timesplitters/project/generated/enemyAIDefaultSpawnHandler1_0x2cbbc8.cpp.obj
enemyAIDefaultSpawnHandler1_0x2cbbc8.cpp
[ 30%] Building CXX object timesplitters/CMakeFiles/timesplitters.dir/D_/Programming/GitHub/Timesplitters/project/generated/enemyAIDocksHandler1_0x2cc048.cpp.obj
enemyAIDocksHandler1_0x2cc048.cpp
[ 30%] Building CXX object timesplitters/CMakeFiles/timesplitters.dir/D_/Programming/GitHub/Timesplitters/project/generated/enemyAIFutureLastStandHandler_0x2cc958.cpp.obj
enemyAIFutureLastStandHandler_0x2cc958.cpp
[ 30%] Building CXX object timesplitters/CMakeFiles/timesplitters.dir/D_/Programming/GitHub/Timesplitters/project/generated/enemyAILaunchHandler1_0x2cc210.cpp.obj
enemyAILaunchHandler1_0x2cc210.cpp
[ 30%] Building CXX object timesplitters/CMakeFiles/timesplitters.dir/D_/Programming/GitHub/Timesplitters/project/generated/enemyAIMansionHandler1_0x2cbfb0.cpp.obj
enemyAIMansionHandler1_0x2cbfb0.cpp
[ 30%] Building CXX object timesplitters/CMakeFiles/timesplitters.dir/D_/Programming/GitHub/Timesplitters/project/generated/enemyAIScifiHandler1_0x2cc050.cpp.obj
enemyAIScifiHandler1_0x2cc050.cpp
[ 30%] Building CXX object timesplitters/CMakeFiles/timesplitters.dir/D_/Programming/GitHub/Timesplitters/project/generated/enemyAITombHandler1_0x2cbe50.cpp.obj
enemyAITombHandler1_0x2cbe50.cpp
[ 30%] Building CXX object timesplitters/CMakeFiles/timesplitters.dir/D_/Programming/GitHub/Timesplitters/project/generated/enemyAIVillageHandler1_0x2cc180.cpp.obj
enemyAIVillageHandler1_0x2cc180.cpp
[ 30%] Building CXX object timesplitters/CMakeFiles/timesplitters.dir/D_/Programming/GitHub/Timesplitters/project/generated/enemyAddToBagList_0x2c7db0.cpp.obj
enemyAddToBagList_0x2c7db0.cpp
[ 30%] Building CXX object timesplitters/CMakeFiles/timesplitters.dir/D_/Programming/GitHub/Timesplitters/project/generated/enemyAddToDropList_0x2c7e20.cpp.obj
enemyAddToDropList_0x2c7e20.cpp
[ 30%] Building CXX object timesplitters/CMakeFiles/timesplitters.dir/D_/Programming/GitHub/Timesplitters/project/generated/enemyAddToEscortList_0x2c7ef0.cpp.obj
enemyAddToEscortList_0x2c7ef0.cpp
[ 31%] Building CXX object timesplitters/CMakeFiles/timesplitters.dir/D_/Programming/GitHub/Timesplitters/project/generated/enemyAddToExplosionList_0x2cd708.cpp.obj
enemyAddToExplosionList_0x2cd708.cpp
[ 31%] Building CXX object timesplitters/CMakeFiles/timesplitters.dir/D_/Programming/GitHub/Timesplitters/project/generated/enemyAddToHealthList_0x2c7de8.cpp.obj
enemyAddToHealthList_0x2c7de8.cpp
[ 31%] Building CXX object timesplitters/CMakeFiles/timesplitters.dir/D_/Programming/GitHub/Timesplitters/project/generated/enemyAddToPropList_0x2c7e58.cpp.obj
enemyAddToPropList_0x2c7e58.cpp
[ 31%] Building CXX object timesplitters/CMakeFiles/timesplitters.dir/D_/Programming/GitHub/Timesplitters/project/generated/enemyAddToWeaponList_0x2c7d78.cpp.obj
enemyAddToWeaponList_0x2c7d78.cpp
[ 31%] Building CXX object timesplitters/CMakeFiles/timesplitters.dir/D_/Programming/GitHub/Timesplitters/project/generated/enemyAmbushCrouch_0x2c9b68.cpp.obj
enemyAmbushCrouch_0x2c9b68.cpp
[ 31%] Building CXX object timesplitters/CMakeFiles/timesplitters.dir/D_/Programming/GitHub/Timesplitters/project/generated/enemyAmbushLeft_0x2c8828.cpp.obj
enemyAmbushLeft_0x2c8828.cpp
[ 31%] Building CXX object timesplitters/CMakeFiles/timesplitters.dir/D_/Programming/GitHub/Timesplitters/project/generated/enemyAmbushRight_0x2c86c8.cpp.obj
enemyAmbushRight_0x2c86c8.cpp
[ 31%] Building CXX object timesplitters/CMakeFiles/timesplitters.dir/D_/Programming/GitHub/Timesplitters/project/generated/enemyAmbushWallLeft_0x2c9248.cpp.obj
enemyAmbushWallLeft_0x2c9248.cpp
[ 31%] Building CXX object timesplitters/CMakeFiles/timesplitters.dir/D_/Programming/GitHub/Timesplitters/project/generated/enemyAmbushWallRight_0x2c8a28.cpp.obj
enemyAmbushWallRight_0x2c8a28.cpp
[ 31%] Building CXX object timesplitters/CMakeFiles/timesplitters.dir/D_/Programming/GitHub/Timesplitters/project/generated/enemyAttackObject_0x2c3368.cpp.obj
enemyAttackObject_0x2c3368.cpp
[ 31%] Building CXX object timesplitters/CMakeFiles/timesplitters.dir/D_/Programming/GitHub/Timesplitters/project/generated/enemyAwake_0x2cb3e0.cpp.obj
enemyAwake_0x2cb3e0.cpp
[ 31%] Building CXX object timesplitters/CMakeFiles/timesplitters.dir/D_/Programming/GitHub/Timesplitters/project/generated/enemyCheckAllRoutes_0x2cd700.cpp.obj
enemyCheckAllRoutes_0x2cd700.cpp
[ 31%] Building CXX object timesplitters/CMakeFiles/timesplitters.dir/D_/Programming/GitHub/Timesplitters/project/generated/enemyCheckHealth_0x2c5140.cpp.obj
enemyCheckHealth_0x2c5140.cpp
[ 31%] Building CXX object timesplitters/CMakeFiles/timesplitters.dir/D_/Programming/GitHub/Timesplitters/project/generated/enemyCheckSpawnfx_0x2bbca0.cpp.obj
enemyCheckSpawnfx_0x2bbca0.cpp
[ 31%] Building CXX object timesplitters/CMakeFiles/timesplitters.dir/D_/Programming/GitHub/Timesplitters/project/generated/enemyCheckValidPad_0x2bf920.cpp.obj
enemyCheckValidPad_0x2bf920.cpp
[ 31%] Building CXX object timesplitters/CMakeFiles/timesplitters.dir/D_/Programming/GitHub/Timesplitters/project/generated/enemyChooseDefendPad_0x2c0b90.cpp.obj
enemyChooseDefendPad_0x2c0b90.cpp
[ 31%] Building CXX object timesplitters/CMakeFiles/timesplitters.dir/D_/Programming/GitHub/Timesplitters/project/generated/enemyCreateNPC_0x2cc510.cpp.obj
enemyCreateNPC_0x2cc510.cpp
[ 31%] Building CXX object timesplitters/CMakeFiles/timesplitters.dir/D_/Programming/GitHub/Timesplitters/project/generated/enemyCycleThroughTargets_0x2c0ae0.cpp.obj
enemyCycleThroughTargets_0x2c0ae0.cpp
[ 31%] Building CXX object timesplitters/CMakeFiles/timesplitters.dir/D_/Programming/GitHub/Timesplitters/project/generated/enemyDefend_0x2c0908.cpp.obj
enemyDefend_0x2c0908.cpp
[ 31%] Building CXX object timesplitters/CMakeFiles/timesplitters.dir/D_/Programming/GitHub/Timesplitters/project/generated/enemyDeleteNPC_0x2cc498.cpp.obj
enemyDeleteNPC_0x2cc498.cpp
[ 31%] Building CXX object timesplitters/CMakeFiles/timesplitters.dir/D_/Programming/GitHub/Timesplitters/project/generated/enemyDetonateMines_0x2c03e0.cpp.obj
enemyDetonateMines_0x2c03e0.cpp
[ 31%] Building CXX object timesplitters/CMakeFiles/timesplitters.dir/D_/Programming/GitHub/Timesplitters/project/generated/enemyDie_0x2c6dc8.cpp.obj
enemyDie_0x2c6dc8.cpp
[ 31%] Building CXX object timesplitters/CMakeFiles/timesplitters.dir/D_/Programming/GitHub/Timesplitters/project/generated/enemyEnd_0x2bbc98.cpp.obj
enemyEnd_0x2bbc98.cpp
[ 31%] Building CXX object timesplitters/CMakeFiles/timesplitters.dir/D_/Programming/GitHub/Timesplitters/project/generated/enemyExplosionNearby_0x2cd718.cpp.obj
enemyExplosionNearby_0x2cd718.cpp
[ 31%] Building CXX object timesplitters/CMakeFiles/timesplitters.dir/D_/Programming/GitHub/Timesplitters/project/generated/enemyFiredAt_0x2cc3a0.cpp.obj
enemyFiredAt_0x2cc3a0.cpp
[ 31%] Building CXX object timesplitters/CMakeFiles/timesplitters.dir/D_/Programming/GitHub/Timesplitters/project/generated/enemyFromSleepToAwake_0x2cb308.cpp.obj
enemyFromSleepToAwake_0x2cb308.cpp
[ 31%] Building CXX object timesplitters/CMakeFiles/timesplitters.dir/D_/Programming/GitHub/Timesplitters/project/generated/enemyGetBase_0x2c7ed8.cpp.obj
enemyGetBase_0x2c7ed8.cpp
[ 31%] Building CXX object timesplitters/CMakeFiles/timesplitters.dir/D_/Programming/GitHub/Timesplitters/project/generated/enemyGetNumBases_0x2c7ed0.cpp.obj
enemyGetNumBases_0x2c7ed0.cpp
[ 31%] Building CXX object timesplitters/CMakeFiles/timesplitters.dir/D_/Programming/GitHub/Timesplitters/project/generated/enemyGetPadProp_0x2cd9e0.cpp.obj
enemyGetPadProp_0x2cd9e0.cpp
[ 31%] Building CXX object timesplitters/CMakeFiles/timesplitters.dir/D_/Programming/GitHub/Timesplitters/project/generated/enemyGetTargetPad_0x2c1328.cpp.obj
enemyGetTargetPad_0x2c1328.cpp
[ 32%] Building CXX object timesplitters/CMakeFiles/timesplitters.dir/D_/Programming/GitHub/Timesplitters/project/generated/enemyGunUpdate_0x2bfd78.cpp.obj
enemyGunUpdate_0x2bfd78.cpp
[ 32%] Building CXX object timesplitters/CMakeFiles/timesplitters.dir/D_/Programming/GitHub/Timesplitters/project/generated/enemyInformHit_0x2c7000.cpp.obj
enemyInformHit_0x2c7000.cpp
[ 32%] Building CXX object timesplitters/CMakeFiles/timesplitters.dir/D_/Programming/GitHub/Timesplitters/project/generated/enemyInformOthers_0x2cb908.cpp.obj
enemyInformOthers_0x2cb908.cpp
[ 32%] Building CXX object timesplitters/CMakeFiles/timesplitters.dir/D_/Programming/GitHub/Timesplitters/project/generated/enemyNoRoute_0x2caf78.cpp.obj
enemyNoRoute_0x2caf78.cpp
[ 32%] Building CXX object timesplitters/CMakeFiles/timesplitters.dir/D_/Programming/GitHub/Timesplitters/project/generated/enemyOnPad_0x2c0e50.cpp.obj
enemyOnPad_0x2c0e50.cpp
[ 32%] Building CXX object timesplitters/CMakeFiles/timesplitters.dir/D_/Programming/GitHub/Timesplitters/project/generated/enemyPatrol_0x2c8408.cpp.obj
enemyPatrol_0x2c8408.cpp
[ 32%] Building CXX object timesplitters/CMakeFiles/timesplitters.dir/D_/Programming/GitHub/Timesplitters/project/generated/enemyPillarAlien_0x2ca478.cpp.obj
enemyPillarAlien_0x2ca478.cpp
[ 32%] Building CXX object timesplitters/CMakeFiles/timesplitters.dir/D_/Programming/GitHub/Timesplitters/project/generated/enemyPlayActivationSound_0x2cb5b8.cpp.obj
enemyPlayActivationSound_0x2cb5b8.cpp
[ 32%] Building CXX object timesplitters/CMakeFiles/timesplitters.dir/D_/Programming/GitHub/Timesplitters/project/generated/enemyPreCalcEnemyRoutes_0x2cd250.cpp.obj
enemyPreCalcEnemyRoutes_0x2cd250.cpp
[ 32%] Building CXX object timesplitters/CMakeFiles/timesplitters.dir/D_/Programming/GitHub/Timesplitters/project/generated/enemyPreload_0x2ba048.cpp.obj
enemyPreload_0x2ba048.cpp
[ 32%] Building CXX object timesplitters/CMakeFiles/timesplitters.dir/D_/Programming/GitHub/Timesplitters/project/generated/enemyReactTime_0x2c15f8.cpp.obj
enemyReactTime_0x2c15f8.cpp
[ 32%] Building CXX object timesplitters/CMakeFiles/timesplitters.dir/D_/Programming/GitHub/Timesplitters/project/generated/enemyRemoveFromExplosionList_0x2cd710.cpp.obj
enemyRemoveFromExplosionList_0x2cd710.cpp
[ 32%] Building CXX object timesplitters/CMakeFiles/timesplitters.dir/D_/Programming/GitHub/Timesplitters/project/generated/enemyReselectTarget_0x2c0ea8.cpp.obj
enemyReselectTarget_0x2c0ea8.cpp
[ 32%] Building CXX object timesplitters/CMakeFiles/timesplitters.dir/D_/Programming/GitHub/Timesplitters/project/generated/enemyReset_0x2ba040.cpp.obj
enemyReset_0x2ba040.cpp
[ 32%] Building CXX object timesplitters/CMakeFiles/timesplitters.dir/D_/Programming/GitHub/Timesplitters/project/generated/enemyRestart_0x2b9d70.cpp.obj
enemyRestart_0x2b9d70.cpp
[ 32%] Building CXX object timesplitters/CMakeFiles/timesplitters.dir/D_/Programming/GitHub/Timesplitters/project/generated/enemyRoomDrawn_0x2cd970.cpp.obj
enemyRoomDrawn_0x2cd970.cpp
[ 32%] Building CXX object timesplitters/CMakeFiles/timesplitters.dir/D_/Programming/GitHub/Timesplitters/project/generated/enemySetIdleAnimation_0x2cb648.cpp.obj
enemySetIdleAnimation_0x2cb648.cpp
[ 32%] Building CXX object timesplitters/CMakeFiles/timesplitters.dir/D_/Programming/GitHub/Timesplitters/project/generated/enemySetMoveMode_0x2c82f8.cpp.obj
enemySetMoveMode_0x2c82f8.cpp
[ 32%] Building CXX object timesplitters/CMakeFiles/timesplitters.dir/D_/Programming/GitHub/Timesplitters/project/generated/enemySetRoom_0x2c7f20.cpp.obj
enemySetRoom_0x2c7f20.cpp
[ 32%] Building CXX object timesplitters/CMakeFiles/timesplitters.dir/D_/Programming/GitHub/Timesplitters/project/generated/enemySetup_0x2ba140.cpp.obj
enemySetup_0x2ba140.cpp
[ 32%] Building CXX object timesplitters/CMakeFiles/timesplitters.dir/D_/Programming/GitHub/Timesplitters/project/generated/enemySleep_0x2cb290.cpp.obj
enemySleep_0x2cb290.cpp
[ 32%] Building CXX object timesplitters/CMakeFiles/timesplitters.dir/D_/Programming/GitHub/Timesplitters/project/generated/enemySnipe1_0x2ca6a8.cpp.obj
enemySnipe1_0x2ca6a8.cpp
[ 32%] Building CXX object timesplitters/CMakeFiles/timesplitters.dir/D_/Programming/GitHub/Timesplitters/project/generated/enemyStoryPlayerAtPad_0x2cbb40.cpp.obj
enemyStoryPlayerAtPad_0x2cbb40.cpp
[ 32%] Building CXX object timesplitters/CMakeFiles/timesplitters.dir/D_/Programming/GitHub/Timesplitters/project/generated/enemyTick_0x2bb470.cpp.obj
enemyTick_0x2bb470.cpp
[ 32%] Building CXX object timesplitters/CMakeFiles/timesplitters.dir/D_/Programming/GitHub/Timesplitters/project/generated/enemyTimeSplitterAttack_0x2c38f0.cpp.obj
enemyTimeSplitterAttack_0x2c38f0.cpp
[ 32%] Building CXX object timesplitters/CMakeFiles/timesplitters.dir/D_/Programming/GitHub/Timesplitters/project/generated/enemyTriggered_0x2c9a68.cpp.obj
enemyTriggered_0x2c9a68.cpp
[ 32%] Building CXX object timesplitters/CMakeFiles/timesplitters.dir/D_/Programming/GitHub/Timesplitters/project/generated/enemyWindow_0x2cab98.cpp.obj
enemyWindow_0x2cab98.cpp
[ 32%] Building CXX object timesplitters/CMakeFiles/timesplitters.dir/D_/Programming/GitHub/Timesplitters/project/generated/envelope_draw_0x206d18.cpp.obj
envelope_draw_0x206d18.cpp
[ 32%] Building CXX object timesplitters/CMakeFiles/timesplitters.dir/D_/Programming/GitHub/Timesplitters/project/generated/eofread_0x2e58a8.cpp.obj
eofread_0x2e58a8.cpp
[ 33%] Building CXX object timesplitters/CMakeFiles/timesplitters.dir/D_/Programming/GitHub/Timesplitters/project/generated/exitDialogs_0x24fcc0.cpp.obj
exitDialogs_0x24fcc0.cpp
[ 33%] Building CXX object timesplitters/CMakeFiles/timesplitters.dir/D_/Programming/GitHub/Timesplitters/project/generated/exit_0x2e1a40.cpp.obj
exit_0x2e1a40.cpp
[ 33%] Building CXX object timesplitters/CMakeFiles/timesplitters.dir/D_/Programming/GitHub/Timesplitters/project/generated/exitlevel_0x20d718.cpp.obj
exitlevel_0x20d718.cpp
[ 33%] Building CXX object timesplitters/CMakeFiles/timesplitters.dir/D_/Programming/GitHub/Timesplitters/project/generated/exitmapmaker_0x24ee10.cpp.obj
exitmapmaker_0x24ee10.cpp
[ 33%] Building CXX object timesplitters/CMakeFiles/timesplitters.dir/D_/Programming/GitHub/Timesplitters/project/generated/explosionDamage_0x2751c0.cpp.obj
explosionDamage_0x2751c0.cpp
[ 33%] Building CXX object timesplitters/CMakeFiles/timesplitters.dir/D_/Programming/GitHub/Timesplitters/project/generated/exponent_0x2e8d18.cpp.obj
exponent_0x2e8d18.cpp
[ 33%] Building CXX object timesplitters/CMakeFiles/timesplitters.dir/D_/Programming/GitHub/Timesplitters/project/generated/extractAnimData_0x215280.cpp.obj
extractAnimData_0x215280.cpp
[ 33%] Building CXX object timesplitters/CMakeFiles/timesplitters.dir/D_/Programming/GitHub/Timesplitters/project/generated/extractAnimRootData_0x215590.cpp.obj
extractAnimRootData_0x215590.cpp
[ 33%] Building CXX object timesplitters/CMakeFiles/timesplitters.dir/D_/Programming/GitHub/Timesplitters/project/generated/extractAnimRoot_0x215420.cpp.obj
extractAnimRoot_0x215420.cpp
[ 33%] Building CXX object timesplitters/CMakeFiles/timesplitters.dir/D_/Programming/GitHub/Timesplitters/project/generated/fabs_0x2d6fb8.cpp.obj
fabs_0x2d6fb8.cpp
[ 33%] Building CXX object timesplitters/CMakeFiles/timesplitters.dir/D_/Programming/GitHub/Timesplitters/project/generated/fabsf_0x2dc5a0.cpp.obj
fabsf_0x2dc5a0.cpp
[ 33%] Building CXX object timesplitters/CMakeFiles/timesplitters.dir/D_/Programming/GitHub/Timesplitters/project/generated/fanChinesePropTick_0x279168.cpp.obj
fanChinesePropTick_0x279168.cpp
[ 33%] Building CXX object timesplitters/CMakeFiles/timesplitters.dir/D_/Programming/GitHub/Timesplitters/project/generated/fanPropTick_0x2790a0.cpp.obj
fanPropTick_0x2790a0.cpp
[ 33%] Building CXX object timesplitters/CMakeFiles/timesplitters.dir/D_/Programming/GitHub/Timesplitters/project/generated/fanscifiPropTick_0x279120.cpp.obj
fanscifiPropTick_0x279120.cpp
[ 33%] Building CXX object timesplitters/CMakeFiles/timesplitters.dir/D_/Programming/GitHub/Timesplitters/project/generated/fanshadowPropTick_0x2790e0.cpp.obj
fanshadowPropTick_0x2790e0.cpp
[ 33%] Building CXX object timesplitters/CMakeFiles/timesplitters.dir/D_/Programming/GitHub/Timesplitters/project/generated/fflush_0x2eb050.cpp.obj
fflush_0x2eb050.cpp
[ 33%] Building CXX object timesplitters/CMakeFiles/timesplitters.dir/D_/Programming/GitHub/Timesplitters/project/generated/fileCopy_0x21a5f8.cpp.obj
fileCopy_0x21a5f8.cpp
[ 33%] Building CXX object timesplitters/CMakeFiles/timesplitters.dir/D_/Programming/GitHub/Timesplitters/project/generated/fileGetMem_0x21a288.cpp.obj
fileGetMem_0x21a288.cpp
[ 33%] Building CXX object timesplitters/CMakeFiles/timesplitters.dir/D_/Programming/GitHub/Timesplitters/project/generated/fileGetSector_0x21a2f8.cpp.obj
fileGetSector_0x21a2f8.cpp
[ 33%] Building CXX object timesplitters/CMakeFiles/timesplitters.dir/D_/Programming/GitHub/Timesplitters/project/generated/fileInflate_0x21c1b0.cpp.obj
fileInflate_0x21c1b0.cpp
[ 33%] Building CXX object timesplitters/CMakeFiles/timesplitters.dir/D_/Programming/GitHub/Timesplitters/project/generated/fileLoadCD_0x219cc8.cpp.obj
fileLoadCD_0x219cc8.cpp
[ 33%] Building CXX object timesplitters/CMakeFiles/timesplitters.dir/D_/Programming/GitHub/Timesplitters/project/generated/fileLoadTo_0x21a488.cpp.obj
fileLoadTo_0x21a488.cpp
[ 33%] Building CXX object timesplitters/CMakeFiles/timesplitters.dir/D_/Programming/GitHub/Timesplitters/project/generated/fileLoad_0x21a3f8.cpp.obj
fileLoad_0x21a3f8.cpp
[ 33%] Building CXX object timesplitters/CMakeFiles/timesplitters.dir/D_/Programming/GitHub/Timesplitters/project/generated/fileSave_0x21a598.cpp.obj
fileSave_0x21a598.cpp
[ 33%] Building CXX object timesplitters/CMakeFiles/timesplitters.dir/D_/Programming/GitHub/Timesplitters/project/generated/fileSize_0x21a338.cpp.obj
fileSize_0x21a338.cpp
[ 33%] Building CXX object timesplitters/CMakeFiles/timesplitters.dir/D_/Programming/GitHub/Timesplitters/project/generated/findHighlightPad_0x250b38.cpp.obj
findHighlightPad_0x250b38.cpp
[ 33%] Building CXX object timesplitters/CMakeFiles/timesplitters.dir/D_/Programming/GitHub/Timesplitters/project/generated/findNextPad_0x2bf680.cpp.obj
findNextPad_0x2bf680.cpp
[ 33%] Building CXX object timesplitters/CMakeFiles/timesplitters.dir/D_/Programming/GitHub/Timesplitters/project/generated/findTwinPlugPad_0x264e90.cpp.obj
findTwinPlugPad_0x264e90.cpp
[ 33%] Building CXX object timesplitters/CMakeFiles/timesplitters.dir/D_/Programming/GitHub/Timesplitters/project/generated/findbearings_0x2c6018.cpp.obj
findbearings_0x2c6018.cpp
[ 33%] Building CXX object timesplitters/CMakeFiles/timesplitters.dir/D_/Programming/GitHub/Timesplitters/project/generated/findlink_0x2648e0.cpp.obj
findlink_0x2648e0.cpp
[ 34%] Building CXX object timesplitters/CMakeFiles/timesplitters.dir/D_/Programming/GitHub/Timesplitters/project/generated/findmypad_0x2c64c8.cpp.obj
findmypad_0x2c64c8.cpp
[ 34%] Building CXX object timesplitters/CMakeFiles/timesplitters.dir/D_/Programming/GitHub/Timesplitters/project/generated/findpadslinked2pad_0x264a18.cpp.obj
findpadslinked2pad_0x264a18.cpp
[ 34%] Building CXX object timesplitters/CMakeFiles/timesplitters.dir/D_/Programming/GitHub/Timesplitters/project/generated/findweapon_0x2c4d70.cpp.obj
findweapon_0x2c4d70.cpp
[ 34%] Building CXX object timesplitters/CMakeFiles/timesplitters.dir/D_/Programming/GitHub/Timesplitters/project/generated/finite_0x2dbec0.cpp.obj
finite_0x2dbec0.cpp
[ 34%] Building CXX object timesplitters/CMakeFiles/timesplitters.dir/D_/Programming/GitHub/Timesplitters/project/generated/finitef_0x2dc5c0.cpp.obj
finitef_0x2dc5c0.cpp
[ 34%] Building CXX object timesplitters/CMakeFiles/timesplitters.dir/D_/Programming/GitHub/Timesplitters/project/generated/fiprintf_0x2e4980.cpp.obj
fiprintf_0x2e4980.cpp
[ 34%] Building CXX object timesplitters/CMakeFiles/timesplitters.dir/D_/Programming/GitHub/Timesplitters/project/generated/fireCartridges_0x28df28.cpp.obj
fireCartridges_0x28df28.cpp
[ 34%] Building CXX object timesplitters/CMakeFiles/timesplitters.dir/D_/Programming/GitHub/Timesplitters/project/generated/flareGfx_0x2a67b8.cpp.obj
flareGfx_0x2a67b8.cpp
[ 34%] Building CXX object timesplitters/CMakeFiles/timesplitters.dir/D_/Programming/GitHub/Timesplitters/project/generated/floor_0x2d6ff0.cpp.obj
floor_0x2d6ff0.cpp
[ 34%] Building CXX object timesplitters/CMakeFiles/timesplitters.dir/D_/Programming/GitHub/Timesplitters/project/generated/floorf_0x2d72b0.cpp.obj
floorf_0x2d72b0.cpp
[ 34%] Building CXX object timesplitters/CMakeFiles/timesplitters.dir/D_/Programming/GitHub/Timesplitters/project/generated/focusnext_0x20c9a8.cpp.obj
focusnext_0x20c9a8.cpp
[ 34%] Building CXX object timesplitters/CMakeFiles/timesplitters.dir/D_/Programming/GitHub/Timesplitters/project/generated/focusprev_0x20ca20.cpp.obj
focusprev_0x20ca20.cpp
[ 34%] Building CXX object timesplitters/CMakeFiles/timesplitters.dir/D_/Programming/GitHub/Timesplitters/project/generated/followTarget_0x2c1480.cpp.obj
followTarget_0x2c1480.cpp
[ 34%] Building CXX object timesplitters/CMakeFiles/timesplitters.dir/D_/Programming/GitHub/Timesplitters/project/generated/fpadd_0x2e3e40.cpp.obj
fpadd_0x2e3e40.cpp
[ 34%] Building CXX object timesplitters/CMakeFiles/timesplitters.dir/D_/Programming/GitHub/Timesplitters/project/generated/fpcmp_0x2e4370.cpp.obj
fpcmp_0x2e4370.cpp
[ 34%] Building CXX object timesplitters/CMakeFiles/timesplitters.dir/D_/Programming/GitHub/Timesplitters/project/generated/fpdiv_0x2e40f8.cpp.obj
fpdiv_0x2e40f8.cpp
[ 34%] Building CXX object timesplitters/CMakeFiles/timesplitters.dir/D_/Programming/GitHub/Timesplitters/project/generated/fpmul_0x2e3f00.cpp.obj
fpmul_0x2e3f00.cpp
[ 34%] Building CXX object timesplitters/CMakeFiles/timesplitters.dir/D_/Programming/GitHub/Timesplitters/project/generated/fpsub_0x2e3e98.cpp.obj
fpsub_0x2e3e98.cpp
[ 34%] Building CXX object timesplitters/CMakeFiles/timesplitters.dir/D_/Programming/GitHub/Timesplitters/project/generated/fptodp_0x2e4608.cpp.obj
fptodp_0x2e4608.cpp
[ 34%] Building CXX object timesplitters/CMakeFiles/timesplitters.dir/D_/Programming/GitHub/Timesplitters/project/generated/fptosi_0x2e4478.cpp.obj
fptosi_0x2e4478.cpp
[ 34%] Building CXX object timesplitters/CMakeFiles/timesplitters.dir/D_/Programming/GitHub/Timesplitters/project/generated/fptoui_0x2e4508.cpp.obj
fptoui_0x2e4508.cpp
[ 34%] Building CXX object timesplitters/CMakeFiles/timesplitters.dir/D_/Programming/GitHub/Timesplitters/project/generated/fread_0x2eb158.cpp.obj
fread_0x2eb158.cpp
[ 34%] Building CXX object timesplitters/CMakeFiles/timesplitters.dir/D_/Programming/GitHub/Timesplitters/project/generated/free_0x2e4a78.cpp.obj
free_0x2e4a78.cpp
[ 34%] Building CXX object timesplitters/CMakeFiles/timesplitters.dir/D_/Programming/GitHub/Timesplitters/project/generated/freehead_0x2686c0.cpp.obj
freehead_0x2686c0.cpp
[ 34%] Building CXX object timesplitters/CMakeFiles/timesplitters.dir/D_/Programming/GitHub/Timesplitters/project/generated/frombcd_0x2e0ca8.cpp.obj
frombcd_0x2e0ca8.cpp
[ 34%] Building CXX object timesplitters/CMakeFiles/timesplitters.dir/D_/Programming/GitHub/Timesplitters/project/generated/frontControlsTick_0x22c4b0.cpp.obj
frontControlsTick_0x22c4b0.cpp
[ 34%] Building CXX object timesplitters/CMakeFiles/timesplitters.dir/D_/Programming/GitHub/Timesplitters/project/generated/frontEnd_0x22ce78.cpp.obj
frontEnd_0x22ce78.cpp
[ 34%] Building CXX object timesplitters/CMakeFiles/timesplitters.dir/D_/Programming/GitHub/Timesplitters/project/generated/frontFocusTick_0x22c9e8.cpp.obj
frontFocusTick_0x22c9e8.cpp
[ 34%] Building CXX object timesplitters/CMakeFiles/timesplitters.dir/D_/Programming/GitHub/Timesplitters/project/generated/frontGetBox_0x22c470.cpp.obj
frontGetBox_0x22c470.cpp
[ 35%] Building CXX object timesplitters/CMakeFiles/timesplitters.dir/D_/Programming/GitHub/Timesplitters/project/generated/frontGetPageSize_0x22c3b0.cpp.obj
frontGetPageSize_0x22c3b0.cpp
[ 35%] Building CXX object timesplitters/CMakeFiles/timesplitters.dir/D_/Programming/GitHub/Timesplitters/project/generated/frontGet_0x22cb40.cpp.obj
frontGet_0x22cb40.cpp
[ 35%] Building CXX object timesplitters/CMakeFiles/timesplitters.dir/D_/Programming/GitHub/Timesplitters/project/generated/frontGfx_0x22cd30.cpp.obj
frontGfx_0x22cd30.cpp
[ 35%] Building CXX object timesplitters/CMakeFiles/timesplitters.dir/D_/Programming/GitHub/Timesplitters/project/generated/frontMouseTick_0x22c868.cpp.obj
frontMouseTick_0x22c868.cpp
[ 35%] Building CXX object timesplitters/CMakeFiles/timesplitters.dir/D_/Programming/GitHub/Timesplitters/project/generated/frontPageSet_0x22ceb0.cpp.obj
frontPageSet_0x22ceb0.cpp
[ 35%] Building CXX object timesplitters/CMakeFiles/timesplitters.dir/D_/Programming/GitHub/Timesplitters/project/generated/frontReset_0x22caa8.cpp.obj
frontReset_0x22caa8.cpp
[ 35%] Building CXX object timesplitters/CMakeFiles/timesplitters.dir/D_/Programming/GitHub/Timesplitters/project/generated/frontRestart_0x22ca70.cpp.obj
frontRestart_0x22ca70.cpp
[ 35%] Building CXX object timesplitters/CMakeFiles/timesplitters.dir/D_/Programming/GitHub/Timesplitters/project/generated/frontSet_0x22cb20.cpp.obj
frontSet_0x22cb20.cpp
[ 35%] Building CXX object timesplitters/CMakeFiles/timesplitters.dir/D_/Programming/GitHub/Timesplitters/project/generated/frontStartMessage_0x231458.cpp.obj
frontStartMessage_0x231458.cpp
[ 35%] Building CXX object timesplitters/CMakeFiles/timesplitters.dir/D_/Programming/GitHub/Timesplitters/project/generated/frontTick_0x22cb58.cpp.obj
frontTick_0x22cb58.cpp
[ 35%] Building CXX object timesplitters/CMakeFiles/timesplitters.dir/D_/Programming/GitHub/Timesplitters/project/generated/frontfxBgGfx_0x22bd10.cpp.obj
frontfxBgGfx_0x22bd10.cpp
[ 35%] Building CXX object timesplitters/CMakeFiles/timesplitters.dir/D_/Programming/GitHub/Timesplitters/project/generated/frontfxBgTick_0x22b600.cpp.obj
frontfxBgTick_0x22b600.cpp
[ 35%] Building CXX object timesplitters/CMakeFiles/timesplitters.dir/D_/Programming/GitHub/Timesplitters/project/generated/frontfxFinished_0x22a5b0.cpp.obj
frontfxFinished_0x22a5b0.cpp
[ 35%] Building CXX object timesplitters/CMakeFiles/timesplitters.dir/D_/Programming/GitHub/Timesplitters/project/generated/frontfxGfx_0x22ab90.cpp.obj
frontfxGfx_0x22ab90.cpp
[ 35%] Building CXX object timesplitters/CMakeFiles/timesplitters.dir/D_/Programming/GitHub/Timesplitters/project/generated/frontfxGoodiesGfx_0x22c068.cpp.obj
frontfxGoodiesGfx_0x22c068.cpp
[ 35%] Building CXX object timesplitters/CMakeFiles/timesplitters.dir/D_/Programming/GitHub/Timesplitters/project/generated/frontfxGoodiesReset_0x22be58.cpp.obj
frontfxGoodiesReset_0x22be58.cpp
[ 35%] Building CXX object timesplitters/CMakeFiles/timesplitters.dir/D_/Programming/GitHub/Timesplitters/project/generated/frontfxGoodiesTick_0x22be98.cpp.obj
frontfxGoodiesTick_0x22be98.cpp
[ 35%] Building CXX object timesplitters/CMakeFiles/timesplitters.dir/D_/Programming/GitHub/Timesplitters/project/generated/frontfxLogoGfx_0x22ae40.cpp.obj
frontfxLogoGfx_0x22ae40.cpp
[ 35%] Building CXX object timesplitters/CMakeFiles/timesplitters.dir/D_/Programming/GitHub/Timesplitters/project/generated/frontfxPageIn_0x22b5f0.cpp.obj
frontfxPageIn_0x22b5f0.cpp
[ 35%] Building CXX object timesplitters/CMakeFiles/timesplitters.dir/D_/Programming/GitHub/Timesplitters/project/generated/frontfxPageOut_0x22b5f8.cpp.obj
frontfxPageOut_0x22b5f8.cpp
[ 35%] Building CXX object timesplitters/CMakeFiles/timesplitters.dir/D_/Programming/GitHub/Timesplitters/project/generated/frontfxPreload_0x22a390.cpp.obj
frontfxPreload_0x22a390.cpp
[ 35%] Building CXX object timesplitters/CMakeFiles/timesplitters.dir/D_/Programming/GitHub/Timesplitters/project/generated/frontfxRenderLayer_0x22b340.cpp.obj
frontfxRenderLayer_0x22b340.cpp
[ 35%] Building CXX object timesplitters/CMakeFiles/timesplitters.dir/D_/Programming/GitHub/Timesplitters/project/generated/frontfxReset_0x22a440.cpp.obj
frontfxReset_0x22a440.cpp
[ 35%] Building CXX object timesplitters/CMakeFiles/timesplitters.dir/D_/Programming/GitHub/Timesplitters/project/generated/frontfxTick_0x22a610.cpp.obj
frontfxTick_0x22a610.cpp
[ 35%] Building CXX object timesplitters/CMakeFiles/timesplitters.dir/D_/Programming/GitHub/Timesplitters/project/generated/frontfxWaveyTexture_0x22b6b8.cpp.obj
frontfxWaveyTexture_0x22b6b8.cpp
[ 35%] Building CXX object timesplitters/CMakeFiles/timesplitters.dir/D_/Programming/GitHub/Timesplitters/project/generated/frontmpgEnd_0x241538.cpp.obj
frontmpgEnd_0x241538.cpp
[ 35%] Building CXX object timesplitters/CMakeFiles/timesplitters.dir/D_/Programming/GitHub/Timesplitters/project/generated/frontmpgGetGunComboNum_0x232d48.cpp.obj
frontmpgGetGunComboNum_0x232d48.cpp
[ 35%] Building CXX object timesplitters/CMakeFiles/timesplitters.dir/D_/Programming/GitHub/Timesplitters/project/generated/frontmpgMake_0x240f38.cpp.obj
frontmpgMake_0x240f38.cpp
[ 35%] Building CXX object timesplitters/CMakeFiles/timesplitters.dir/D_/Programming/GitHub/Timesplitters/project/generated/frontmpgNewGoodies_0x240558.cpp.obj
frontmpgNewGoodies_0x240558.cpp
[ 35%] Building CXX object timesplitters/CMakeFiles/timesplitters.dir/D_/Programming/GitHub/Timesplitters/project/generated/frontmpgPreload_0x2410a0.cpp.obj
frontmpgPreload_0x2410a0.cpp
[ 36%] Building CXX object timesplitters/CMakeFiles/timesplitters.dir/D_/Programming/GitHub/Timesplitters/project/generated/frontmpgReset_0x241160.cpp.obj
frontmpgReset_0x241160.cpp
[ 36%] Building CXX object timesplitters/CMakeFiles/timesplitters.dir/D_/Programming/GitHub/Timesplitters/project/generated/frontmpgSetFlags_0x241540.cpp.obj
frontmpgSetFlags_0x241540.cpp
[ 36%] Building CXX object timesplitters/CMakeFiles/timesplitters.dir/D_/Programming/GitHub/Timesplitters/project/generated/frontmpgSetGoodiesPage_0x240e50.cpp.obj
frontmpgSetGoodiesPage_0x240e50.cpp
[ 36%] Building CXX object timesplitters/CMakeFiles/timesplitters.dir/D_/Programming/GitHub/Timesplitters/project/generated/frontmpgStartGame_0x2415a8.cpp.obj
frontmpgStartGame_0x2415a8.cpp
[ 36%] Building CXX object timesplitters/CMakeFiles/timesplitters.dir/D_/Programming/GitHub/Timesplitters/project/generated/frontmpgStoreGoodies_0x240510.cpp.obj
frontmpgStoreGoodies_0x240510.cpp
[ 36%] Building CXX object timesplitters/CMakeFiles/timesplitters.dir/D_/Programming/GitHub/Timesplitters/project/generated/frontredEnd_0x22ff40.cpp.obj
frontredEnd_0x22ff40.cpp
[ 36%] Building CXX object timesplitters/CMakeFiles/timesplitters.dir/D_/Programming/GitHub/Timesplitters/project/generated/frontredGfx_0x22ffd8.cpp.obj
frontredGfx_0x22ffd8.cpp
[ 36%] Building CXX object timesplitters/CMakeFiles/timesplitters.dir/D_/Programming/GitHub/Timesplitters/project/generated/frontredReset_0x22fef8.cpp.obj
frontredReset_0x22fef8.cpp
[ 36%] Building CXX object timesplitters/CMakeFiles/timesplitters.dir/D_/Programming/GitHub/Timesplitters/project/generated/frontredTick_0x22ff48.cpp.obj
frontredTick_0x22ff48.cpp
[ 36%] Building CXX object timesplitters/CMakeFiles/timesplitters.dir/D_/Programming/GitHub/Timesplitters/project/generated/fs_read_intr_0x2d3800.cpp.obj
fs_read_intr_0x2d3800.cpp
[ 36%] Building CXX object timesplitters/CMakeFiles/timesplitters.dir/D_/Programming/GitHub/Timesplitters/project/generated/fstat_0x2d0808.cpp.obj
fstat_0x2d0808.cpp
[ 36%] Building CXX object timesplitters/CMakeFiles/timesplitters.dir/D_/Programming/GitHub/Timesplitters/project/generated/ftoi_0x2d14e8.cpp.obj
ftoi_0x2d14e8.cpp
[ 36%] Building CXX object timesplitters/CMakeFiles/timesplitters.dir/D_/Programming/GitHub/Timesplitters/project/generated/fxCreateStage_0x238028.cpp.obj
fxCreateStage_0x238028.cpp
[ 36%] Building CXX object timesplitters/CMakeFiles/timesplitters.dir/D_/Programming/GitHub/Timesplitters/project/generated/fxSelectCharFlashInit_0x238e00.cpp.obj
fxSelectCharFlashInit_0x238e00.cpp
[ 36%] Building CXX object timesplitters/CMakeFiles/timesplitters.dir/D_/Programming/GitHub/Timesplitters/project/generated/fxSelectCharGfx_0x238c60.cpp.obj
fxSelectCharGfx_0x238c60.cpp
[ 36%] Building CXX object timesplitters/CMakeFiles/timesplitters.dir/D_/Programming/GitHub/Timesplitters/project/generated/fxSelectCharInit_0x2384d8.cpp.obj
fxSelectCharInit_0x2384d8.cpp
[ 36%] Building CXX object timesplitters/CMakeFiles/timesplitters.dir/D_/Programming/GitHub/Timesplitters/project/generated/fxSelectCharLeft_0x238268.cpp.obj
fxSelectCharLeft_0x238268.cpp
[ 36%] Building CXX object timesplitters/CMakeFiles/timesplitters.dir/D_/Programming/GitHub/Timesplitters/project/generated/fxSelectCharReset_0x2380f8.cpp.obj
fxSelectCharReset_0x2380f8.cpp
[ 36%] Building CXX object timesplitters/CMakeFiles/timesplitters.dir/D_/Programming/GitHub/Timesplitters/project/generated/fxSelectCharRight_0x238388.cpp.obj
fxSelectCharRight_0x238388.cpp
[ 36%] Building CXX object timesplitters/CMakeFiles/timesplitters.dir/D_/Programming/GitHub/Timesplitters/project/generated/fxSelectCharTick_0x2385b0.cpp.obj
fxSelectCharTick_0x2385b0.cpp
[ 36%] Building CXX object timesplitters/CMakeFiles/timesplitters.dir/D_/Programming/GitHub/Timesplitters/project/generated/gameDeferedReset_0x21e7a8.cpp.obj
gameDeferedReset_0x21e7a8.cpp
[ 36%] Building CXX object timesplitters/CMakeFiles/timesplitters.dir/D_/Programming/GitHub/Timesplitters/project/generated/gameEndLevelSound_0x21d098.cpp.obj
gameEndLevelSound_0x21d098.cpp
[ 36%] Building CXX object timesplitters/CMakeFiles/timesplitters.dir/D_/Programming/GitHub/Timesplitters/project/generated/gameEnd_0x21f038.cpp.obj
gameEnd_0x21f038.cpp
[ 36%] Building CXX object timesplitters/CMakeFiles/timesplitters.dir/D_/Programming/GitHub/Timesplitters/project/generated/gameFormatBagTagTime_0x21ca10.cpp.obj
gameFormatBagTagTime_0x21ca10.cpp
[ 36%] Building CXX object timesplitters/CMakeFiles/timesplitters.dir/D_/Programming/GitHub/Timesplitters/project/generated/gameFormatTime_0x21cab0.cpp.obj
gameFormatTime_0x21cab0.cpp
[ 36%] Building CXX object timesplitters/CMakeFiles/timesplitters.dir/D_/Programming/GitHub/Timesplitters/project/generated/gameGetRankChr_0x21e370.cpp.obj
gameGetRankChr_0x21e370.cpp
[ 36%] Building CXX object timesplitters/CMakeFiles/timesplitters.dir/D_/Programming/GitHub/Timesplitters/project/generated/gameGetRankTeam_0x21e320.cpp.obj
gameGetRankTeam_0x21e320.cpp
[ 36%] Building CXX object timesplitters/CMakeFiles/timesplitters.dir/D_/Programming/GitHub/Timesplitters/project/generated/gameGetTeamName_0x21c948.cpp.obj
gameGetTeamName_0x21c948.cpp
[ 36%] Building CXX object timesplitters/CMakeFiles/timesplitters.dir/D_/Programming/GitHub/Timesplitters/project/generated/gameLevelCompleted_0x21d348.cpp.obj
gameLevelCompleted_0x21d348.cpp
[ 37%] Building CXX object timesplitters/CMakeFiles/timesplitters.dir/D_/Programming/GitHub/Timesplitters/project/generated/gameLevelQuit_0x21d338.cpp.obj
gameLevelQuit_0x21d338.cpp
[ 37%] Building CXX object timesplitters/CMakeFiles/timesplitters.dir/D_/Programming/GitHub/Timesplitters/project/generated/gameLevelRestart_0x21d320.cpp.obj
gameLevelRestart_0x21d320.cpp
[ 37%] Building CXX object timesplitters/CMakeFiles/timesplitters.dir/D_/Programming/GitHub/Timesplitters/project/generated/gameLevelTick_0x21e3c0.cpp.obj
gameLevelTick_0x21e3c0.cpp
[ 37%] Building CXX object timesplitters/CMakeFiles/timesplitters.dir/D_/Programming/GitHub/Timesplitters/project/generated/gameModeDisplayRank_0x21cc30.cpp.obj
gameModeDisplayRank_0x21cc30.cpp
[ 37%] Building CXX object timesplitters/CMakeFiles/timesplitters.dir/D_/Programming/GitHub/Timesplitters/project/generated/gameResetAfter_0x21ede8.cpp.obj
gameResetAfter_0x21ede8.cpp
[ 37%] Building CXX object timesplitters/CMakeFiles/timesplitters.dir/D_/Programming/GitHub/Timesplitters/project/generated/gameReset_0x21ea90.cpp.obj
gameReset_0x21ea90.cpp
[ 37%] Building CXX object timesplitters/CMakeFiles/timesplitters.dir/D_/Programming/GitHub/Timesplitters/project/generated/gameRestart_0x21e8c8.cpp.obj
gameRestart_0x21e8c8.cpp
[ 37%] Building CXX object timesplitters/CMakeFiles/timesplitters.dir/D_/Programming/GitHub/Timesplitters/project/generated/gameStatusUpdated_0x21ccd8.cpp.obj
gameStatusUpdated_0x21ccd8.cpp
[ 37%] Building CXX object timesplitters/CMakeFiles/timesplitters.dir/D_/Programming/GitHub/Timesplitters/project/generated/gameTick_0x21eeb8.cpp.obj
gameTick_0x21eeb8.cpp
[ 37%] Building CXX object timesplitters/CMakeFiles/timesplitters.dir/D_/Programming/GitHub/Timesplitters/project/generated/gameoptionsMake_0x238e38.cpp.obj
gameoptionsMake_0x238e38.cpp
[ 37%] Building CXX object timesplitters/CMakeFiles/timesplitters.dir/D_/Programming/GitHub/Timesplitters/project/generated/gametype_pageDraw_0x23dd68.cpp.obj
gametype_pageDraw_0x23dd68.cpp
[ 37%] Building CXX object timesplitters/CMakeFiles/timesplitters.dir/D_/Programming/GitHub/Timesplitters/project/generated/gametype_pageTick_0x23dd70.cpp.obj
gametype_pageTick_0x23dd70.cpp
[ 37%] Building CXX object timesplitters/CMakeFiles/timesplitters.dir/D_/Programming/GitHub/Timesplitters/project/generated/generatepad_0x2645f8.cpp.obj
generatepad_0x2645f8.cpp
[ 37%] Building CXX object timesplitters/CMakeFiles/timesplitters.dir/D_/Programming/GitHub/Timesplitters/project/generated/getAnimation_0x214998.cpp.obj
getAnimation_0x214998.cpp
[ 37%] Building CXX object timesplitters/CMakeFiles/timesplitters.dir/D_/Programming/GitHub/Timesplitters/project/generated/getBoneMatrixNum_0x262bf0.cpp.obj
getBoneMatrixNum_0x262bf0.cpp
[ 37%] Building CXX object timesplitters/CMakeFiles/timesplitters.dir/D_/Programming/GitHub/Timesplitters/project/generated/getCreditTunnelPos_0x2aeea8.cpp.obj
getCreditTunnelPos_0x2aeea8.cpp
[ 37%] Building CXX object timesplitters/CMakeFiles/timesplitters.dir/D_/Programming/GitHub/Timesplitters/project/generated/getCreditTunnelSection_0x2aefe0.cpp.obj
getCreditTunnelSection_0x2aefe0.cpp
[ 37%] Building CXX object timesplitters/CMakeFiles/timesplitters.dir/D_/Programming/GitHub/Timesplitters/project/generated/getGameModeOptions_0x238f40.cpp.obj
getGameModeOptions_0x238f40.cpp
[ 37%] Building CXX object timesplitters/CMakeFiles/timesplitters.dir/D_/Programming/GitHub/Timesplitters/project/generated/getHoursMinutesSeconds_0x2b3b88.cpp.obj
getHoursMinutesSeconds_0x2b3b88.cpp
[ 37%] Building CXX object timesplitters/CMakeFiles/timesplitters.dir/D_/Programming/GitHub/Timesplitters/project/generated/getKeyFrames_0x214c50.cpp.obj
getKeyFrames_0x214c50.cpp
[ 37%] Building CXX object timesplitters/CMakeFiles/timesplitters.dir/D_/Programming/GitHub/Timesplitters/project/generated/getLastStandInfo_0x21df58.cpp.obj
getLastStandInfo_0x21df58.cpp
[ 37%] Building CXX object timesplitters/CMakeFiles/timesplitters.dir/D_/Programming/GitHub/Timesplitters/project/generated/getNextChannel_0x205540.cpp.obj
getNextChannel_0x205540.cpp
[ 37%] Building CXX object timesplitters/CMakeFiles/timesplitters.dir/D_/Programming/GitHub/Timesplitters/project/generated/getNextGoodieString_0x240630.cpp.obj
getNextGoodieString_0x240630.cpp
[ 37%] Building CXX object timesplitters/CMakeFiles/timesplitters.dir/D_/Programming/GitHub/Timesplitters/project/generated/getNote_0x205f98.cpp.obj
getNote_0x205f98.cpp
[ 37%] Building CXX object timesplitters/CMakeFiles/timesplitters.dir/D_/Programming/GitHub/Timesplitters/project/generated/getOverrideChunk_0x274468.cpp.obj
getOverrideChunk_0x274468.cpp
[ 37%] Building CXX object timesplitters/CMakeFiles/timesplitters.dir/D_/Programming/GitHub/Timesplitters/project/generated/getPropType_0x267200.cpp.obj
getPropType_0x267200.cpp
[ 37%] Building CXX object timesplitters/CMakeFiles/timesplitters.dir/D_/Programming/GitHub/Timesplitters/project/generated/getPropViewportDrawFlags_0x268f00.cpp.obj
getPropViewportDrawFlags_0x268f00.cpp
[ 37%] Building CXX object timesplitters/CMakeFiles/timesplitters.dir/D_/Programming/GitHub/Timesplitters/project/generated/getSwingDirectionMultiplier_0x2794a0.cpp.obj
getSwingDirectionMultiplier_0x2794a0.cpp
[ 37%] Building CXX object timesplitters/CMakeFiles/timesplitters.dir/D_/Programming/GitHub/Timesplitters/project/generated/get_iob_0x2d33f0.cpp.obj
get_iob_0x2d33f0.cpp
[ 37%] Building CXX object timesplitters/CMakeFiles/timesplitters.dir/D_/Programming/GitHub/Timesplitters/project/generated/get_mem_info_0x2d08f8.cpp.obj
get_mem_info_0x2d08f8.cpp
[ 38%] Building CXX object timesplitters/CMakeFiles/timesplitters.dir/D_/Programming/GitHub/Timesplitters/project/generated/getcollisions_0x20d7e8.cpp.obj
getcollisions_0x20d7e8.cpp
[ 38%] Building CXX object timesplitters/CMakeFiles/timesplitters.dir/D_/Programming/GitHub/Timesplitters/project/generated/getdisplayperfstats_0x20d878.cpp.obj
getdisplayperfstats_0x20d878.cpp
[ 38%] Building CXX object timesplitters/CMakeFiles/timesplitters.dir/D_/Programming/GitHub/Timesplitters/project/generated/getdisplaypos_0x20d6f8.cpp.obj
getdisplaypos_0x20d6f8.cpp
[ 38%] Building CXX object timesplitters/CMakeFiles/timesplitters.dir/D_/Programming/GitHub/Timesplitters/project/generated/getdisplayrooms_0x20d898.cpp.obj
getdisplayrooms_0x20d898.cpp
[ 38%] Building CXX object timesplitters/CMakeFiles/timesplitters.dir/D_/Programming/GitHub/Timesplitters/project/generated/getdisplayspeed_0x20d858.cpp.obj
getdisplayspeed_0x20d858.cpp
[ 38%] Building CXX object timesplitters/CMakeFiles/timesplitters.dir/D_/Programming/GitHub/Timesplitters/project/generated/getfreehead_0x268678.cpp.obj
getfreehead_0x268678.cpp
[ 38%] Building CXX object timesplitters/CMakeFiles/timesplitters.dir/D_/Programming/GitHub/Timesplitters/project/generated/getgameview_0x20d568.cpp.obj
getgameview_0x20d568.cpp
[ 38%] Building CXX object timesplitters/CMakeFiles/timesplitters.dir/D_/Programming/GitHub/Timesplitters/project/generated/getgroup_0x296c90.cpp.obj
getgroup_0x296c90.cpp
[ 38%] Building CXX object timesplitters/CMakeFiles/timesplitters.dir/D_/Programming/GitHub/Timesplitters/project/generated/getinvincible_0x20d778.cpp.obj
getinvincible_0x20d778.cpp
[ 38%] Building CXX object timesplitters/CMakeFiles/timesplitters.dir/D_/Programming/GitHub/Timesplitters/project/generated/getinvisible_0x20d7b0.cpp.obj
getinvisible_0x20d7b0.cpp
[ 38%] Building CXX object timesplitters/CMakeFiles/timesplitters.dir/D_/Programming/GitHub/Timesplitters/project/generated/getlastinusedlist_0x296bf0.cpp.obj
getlastinusedlist_0x296bf0.cpp
[ 38%] Building CXX object timesplitters/CMakeFiles/timesplitters.dir/D_/Programming/GitHub/Timesplitters/project/generated/getmostpowerfulcombo_0x28d920.cpp.obj
getmostpowerfulcombo_0x28d920.cpp
[ 38%] Building CXX object timesplitters/CMakeFiles/timesplitters.dir/D_/Programming/GitHub/Timesplitters/project/generated/getmoveview_0x20d530.cpp.obj
getmoveview_0x20d530.cpp
[ 38%] Building CXX object timesplitters/CMakeFiles/timesplitters.dir/D_/Programming/GitHub/Timesplitters/project/generated/getnextcombo_0x28d828.cpp.obj
getnextcombo_0x28d828.cpp
[ 38%] Building CXX object timesplitters/CMakeFiles/timesplitters.dir/D_/Programming/GitHub/Timesplitters/project/generated/getpadlinkedit_0x20da58.cpp.obj
getpadlinkedit_0x20da58.cpp
[ 38%] Building CXX object timesplitters/CMakeFiles/timesplitters.dir/D_/Programming/GitHub/Timesplitters/project/generated/getpid_0x2d0820.cpp.obj
getpid_0x2d0820.cpp
[ 38%] Building CXX object timesplitters/CMakeFiles/timesplitters.dir/D_/Programming/GitHub/Timesplitters/project/generated/getprevcombo_0x28d9b8.cpp.obj
getprevcombo_0x28d9b8.cpp
[ 38%] Building CXX object timesplitters/CMakeFiles/timesplitters.dir/D_/Programming/GitHub/Timesplitters/project/generated/getpropedit_0x20da90.cpp.obj
getpropedit_0x20da90.cpp
[ 38%] Building CXX object timesplitters/CMakeFiles/timesplitters.dir/D_/Programming/GitHub/Timesplitters/project/generated/getpropview_0x20d628.cpp.obj
getpropview_0x20d628.cpp
[ 38%] Building CXX object timesplitters/CMakeFiles/timesplitters.dir/D_/Programming/GitHub/Timesplitters/project/generated/gettextfromfunction_0x20caa0.cpp.obj
gettextfromfunction_0x20caa0.cpp
[ 38%] Building CXX object timesplitters/CMakeFiles/timesplitters.dir/D_/Programming/GitHub/Timesplitters/project/generated/getthirdpersonview_0x20d598.cpp.obj
getthirdpersonview_0x20d598.cpp
[ 38%] Building CXX object timesplitters/CMakeFiles/timesplitters.dir/D_/Programming/GitHub/Timesplitters/project/generated/getturtlecpu_0x20dab0.cpp.obj
getturtlecpu_0x20dab0.cpp
[ 38%] Building CXX object timesplitters/CMakeFiles/timesplitters.dir/D_/Programming/GitHub/Timesplitters/project/generated/getturtlegs_0x20dad0.cpp.obj
getturtlegs_0x20dad0.cpp
[ 38%] Building CXX object timesplitters/CMakeFiles/timesplitters.dir/D_/Programming/GitHub/Timesplitters/project/generated/getviewbg_0x20da20.cpp.obj
getviewbg_0x20da20.cpp
[ 38%] Building CXX object timesplitters/CMakeFiles/timesplitters.dir/D_/Programming/GitHub/Timesplitters/project/generated/getviewfloors_0x20d940.cpp.obj
getviewfloors_0x20d940.cpp
[ 38%] Building CXX object timesplitters/CMakeFiles/timesplitters.dir/D_/Programming/GitHub/Timesplitters/project/generated/getviewguns_0x20d9e8.cpp.obj
getviewguns_0x20d9e8.cpp
[ 38%] Building CXX object timesplitters/CMakeFiles/timesplitters.dir/D_/Programming/GitHub/Timesplitters/project/generated/getviewportalrects_0x20d908.cpp.obj
getviewportalrects_0x20d908.cpp
[ 38%] Building CXX object timesplitters/CMakeFiles/timesplitters.dir/D_/Programming/GitHub/Timesplitters/project/generated/getviewportals_0x20d8d0.cpp.obj
getviewportals_0x20d8d0.cpp
[ 38%] Building CXX object timesplitters/CMakeFiles/timesplitters.dir/D_/Programming/GitHub/Timesplitters/project/generated/getviewvolumes_0x20d9b0.cpp.obj
getviewvolumes_0x20d9b0.cpp
[ 39%] Building CXX object timesplitters/CMakeFiles/timesplitters.dir/D_/Programming/GitHub/Timesplitters/project/generated/getviewwalls_0x20d978.cpp.obj
getviewwalls_0x20d978.cpp
[ 39%] Building CXX object timesplitters/CMakeFiles/timesplitters.dir/D_/Programming/GitHub/Timesplitters/project/generated/glassSetQuad_0x298870.cpp.obj
glassSetQuad_0x298870.cpp
[ 39%] Building CXX object timesplitters/CMakeFiles/timesplitters.dir/D_/Programming/GitHub/Timesplitters/project/generated/gmBagTagTick_0x21d788.cpp.obj
gmBagTagTick_0x21d788.cpp
[ 39%] Building CXX object timesplitters/CMakeFiles/timesplitters.dir/D_/Programming/GitHub/Timesplitters/project/generated/gmCtfTick_0x21d938.cpp.obj
gmCtfTick_0x21d938.cpp
[ 39%] Building CXX object timesplitters/CMakeFiles/timesplitters.dir/D_/Programming/GitHub/Timesplitters/project/generated/gmDeathmatchTick_0x21d468.cpp.obj
gmDeathmatchTick_0x21d468.cpp
[ 39%] Building CXX object timesplitters/CMakeFiles/timesplitters.dir/D_/Programming/GitHub/Timesplitters/project/generated/gmEscortSetup_0x21dd78.cpp.obj
gmEscortSetup_0x21dd78.cpp
[ 39%] Building CXX object timesplitters/CMakeFiles/timesplitters.dir/D_/Programming/GitHub/Timesplitters/project/generated/gmEscortTick_0x21de68.cpp.obj
gmEscortTick_0x21de68.cpp
[ 39%] Building CXX object timesplitters/CMakeFiles/timesplitters.dir/D_/Programming/GitHub/Timesplitters/project/generated/gmEscorteeReachedDest_0x21de28.cpp.obj
gmEscorteeReachedDest_0x21de28.cpp
[ 39%] Building CXX object timesplitters/CMakeFiles/timesplitters.dir/D_/Programming/GitHub/Timesplitters/project/generated/gmKnockOutTick_0x21dab0.cpp.obj
gmKnockOutTick_0x21dab0.cpp
[ 39%] Building CXX object timesplitters/CMakeFiles/timesplitters.dir/D_/Programming/GitHub/Timesplitters/project/generated/gmLastStandAllBasesDestroyed_0x21df90.cpp.obj
gmLastStandAllBasesDestroyed_0x21df90.cpp
[ 39%] Building CXX object timesplitters/CMakeFiles/timesplitters.dir/D_/Programming/GitHub/Timesplitters/project/generated/gmLastStandTick_0x21e018.cpp.obj
gmLastStandTick_0x21e018.cpp
[ 39%] Building CXX object timesplitters/CMakeFiles/timesplitters.dir/D_/Programming/GitHub/Timesplitters/project/generated/gmStoryTick_0x21d3d0.cpp.obj
gmStoryTick_0x21d3d0.cpp
[ 39%] Building CXX object timesplitters/CMakeFiles/timesplitters.dir/D_/Programming/GitHub/Timesplitters/project/generated/gongDamage_0x279858.cpp.obj
gongDamage_0x279858.cpp
[ 39%] Building CXX object timesplitters/CMakeFiles/timesplitters.dir/D_/Programming/GitHub/Timesplitters/project/generated/gongPropTick_0x279da0.cpp.obj
gongPropTick_0x279da0.cpp
[ 39%] Building CXX object timesplitters/CMakeFiles/timesplitters.dir/D_/Programming/GitHub/Timesplitters/project/generated/goodieMessageGfx_0x2408b0.cpp.obj
goodieMessageGfx_0x2408b0.cpp
[ 39%] Building CXX object timesplitters/CMakeFiles/timesplitters.dir/D_/Programming/GitHub/Timesplitters/project/generated/goodieMessage_0x240868.cpp.obj
goodieMessage_0x240868.cpp
[ 39%] Building CXX object timesplitters/CMakeFiles/timesplitters.dir/D_/Programming/GitHub/Timesplitters/project/generated/goodiesGetAvailableChrs_0x240380.cpp.obj
goodiesGetAvailableChrs_0x240380.cpp
[ 39%] Building CXX object timesplitters/CMakeFiles/timesplitters.dir/D_/Programming/GitHub/Timesplitters/project/generated/goodiesGetBotSets_0x2404b0.cpp.obj
goodiesGetBotSets_0x2404b0.cpp
[ 39%] Building CXX object timesplitters/CMakeFiles/timesplitters.dir/D_/Programming/GitHub/Timesplitters/project/generated/goodiesGetLevels_0x240320.cpp.obj
goodiesGetLevels_0x240320.cpp
[ 39%] Building CXX object timesplitters/CMakeFiles/timesplitters.dir/D_/Programming/GitHub/Timesplitters/project/generated/goodiesGetMisc_0x2402d8.cpp.obj
goodiesGetMisc_0x2402d8.cpp
[ 39%] Building CXX object timesplitters/CMakeFiles/timesplitters.dir/D_/Programming/GitHub/Timesplitters/project/generated/goodiesGetPlayableChrs_0x240418.cpp.obj
goodiesGetPlayableChrs_0x240418.cpp
[ 39%] Building CXX object timesplitters/CMakeFiles/timesplitters.dir/D_/Programming/GitHub/Timesplitters/project/generated/goodies_pageGfx_0x240c30.cpp.obj
goodies_pageGfx_0x240c30.cpp
[ 39%] Building CXX object timesplitters/CMakeFiles/timesplitters.dir/D_/Programming/GitHub/Timesplitters/project/generated/goodies_pageTick_0x240d18.cpp.obj
goodies_pageTick_0x240d18.cpp
[ 39%] Building CXX object timesplitters/CMakeFiles/timesplitters.dir/D_/Programming/GitHub/Timesplitters/project/generated/greenthingPropTick_0x27af68.cpp.obj
greenthingPropTick_0x27af68.cpp
[ 39%] Building CXX object timesplitters/CMakeFiles/timesplitters.dir/D_/Programming/GitHub/Timesplitters/project/generated/gsIntHandler_0x201330.cpp.obj
gsIntHandler_0x201330.cpp
[ 39%] Building CXX object timesplitters/CMakeFiles/timesplitters.dir/D_/Programming/GitHub/Timesplitters/project/generated/gsMain_0x200f20.cpp.obj
gsMain_0x200f20.cpp
[ 39%] Building CXX object timesplitters/CMakeFiles/timesplitters.dir/D_/Programming/GitHub/Timesplitters/project/generated/guiDrawBox_0x22eae0.cpp.obj
guiDrawBox_0x22eae0.cpp
[ 39%] Building CXX object timesplitters/CMakeFiles/timesplitters.dir/D_/Programming/GitHub/Timesplitters/project/generated/guiDrawButton_0x22e428.cpp.obj
guiDrawButton_0x22e428.cpp
[ 39%] Building CXX object timesplitters/CMakeFiles/timesplitters.dir/D_/Programming/GitHub/Timesplitters/project/generated/guiDrawFormattedText_0x22e930.cpp.obj
guiDrawFormattedText_0x22e930.cpp
[ 39%] Building CXX object timesplitters/CMakeFiles/timesplitters.dir/D_/Programming/GitHub/Timesplitters/project/generated/guiDrawImage_0x22e548.cpp.obj
guiDrawImage_0x22e548.cpp
[ 40%] Building CXX object timesplitters/CMakeFiles/timesplitters.dir/D_/Programming/GitHub/Timesplitters/project/generated/guiFlashAlpha_0x22e208.cpp.obj
guiFlashAlpha_0x22e208.cpp
[ 40%] Building CXX object timesplitters/CMakeFiles/timesplitters.dir/D_/Programming/GitHub/Timesplitters/project/generated/guiGetImageHeight_0x22e518.cpp.obj
guiGetImageHeight_0x22e518.cpp
[ 40%] Building CXX object timesplitters/CMakeFiles/timesplitters.dir/D_/Programming/GitHub/Timesplitters/project/generated/guiGetImageWidth_0x22e4e8.cpp.obj
guiGetImageWidth_0x22e4e8.cpp
[ 40%] Building CXX object timesplitters/CMakeFiles/timesplitters.dir/D_/Programming/GitHub/Timesplitters/project/generated/guiHGradient_0x22e7b0.cpp.obj
guiHGradient_0x22e7b0.cpp
[ 40%] Building CXX object timesplitters/CMakeFiles/timesplitters.dir/D_/Programming/GitHub/Timesplitters/project/generated/guiLoadingGfx_0x22ebb0.cpp.obj
guiLoadingGfx_0x22ebb0.cpp
[ 40%] Building CXX object timesplitters/CMakeFiles/timesplitters.dir/D_/Programming/GitHub/Timesplitters/project/generated/guiPreload_0x22e250.cpp.obj
guiPreload_0x22e250.cpp
[ 40%] Building CXX object timesplitters/CMakeFiles/timesplitters.dir/D_/Programming/GitHub/Timesplitters/project/generated/guiReset_0x22e420.cpp.obj
guiReset_0x22e420.cpp
[ 40%] Building CXX object timesplitters/CMakeFiles/timesplitters.dir/D_/Programming/GitHub/Timesplitters/project/generated/guiRestart_0x22e350.cpp.obj
guiRestart_0x22e350.cpp
[ 40%] Building CXX object timesplitters/CMakeFiles/timesplitters.dir/D_/Programming/GitHub/Timesplitters/project/generated/guiTriGradient_0x22e8b0.cpp.obj
guiTriGradient_0x22e8b0.cpp
[ 40%] Building CXX object timesplitters/CMakeFiles/timesplitters.dir/D_/Programming/GitHub/Timesplitters/project/generated/guiVGradient_0x22e830.cpp.obj
guiVGradient_0x22e830.cpp
[ 40%] Building CXX object timesplitters/CMakeFiles/timesplitters.dir/D_/Programming/GitHub/Timesplitters/project/generated/gunAddAmmo_0x294ac8.cpp.obj
gunAddAmmo_0x294ac8.cpp
[ 40%] Building CXX object timesplitters/CMakeFiles/timesplitters.dir/D_/Programming/GitHub/Timesplitters/project/generated/gunBothHandsActive_0x295190.cpp.obj
gunBothHandsActive_0x295190.cpp
[ 40%] Building CXX object timesplitters/CMakeFiles/timesplitters.dir/D_/Programming/GitHub/Timesplitters/project/generated/gunCanDetonateMines_0x295088.cpp.obj
gunCanDetonateMines_0x295088.cpp
[ 40%] Building CXX object timesplitters/CMakeFiles/timesplitters.dir/D_/Programming/GitHub/Timesplitters/project/generated/gunChrFire_0x28f2d0.cpp.obj
gunChrFire_0x28f2d0.cpp
[ 40%] Building CXX object timesplitters/CMakeFiles/timesplitters.dir/D_/Programming/GitHub/Timesplitters/project/generated/gunChrMuzzleOff_0x2944f0.cpp.obj
gunChrMuzzleOff_0x2944f0.cpp
[ 40%] Building CXX object timesplitters/CMakeFiles/timesplitters.dir/D_/Programming/GitHub/Timesplitters/project/generated/gunChrUpdate_0x294528.cpp.obj
gunChrUpdate_0x294528.cpp
[ 40%] Building CXX object timesplitters/CMakeFiles/timesplitters.dir/D_/Programming/GitHub/Timesplitters/project/generated/gunCreatePlayerGun_0x2941a8.cpp.obj
gunCreatePlayerGun_0x2941a8.cpp
[ 40%] Building CXX object timesplitters/CMakeFiles/timesplitters.dir/D_/Programming/GitHub/Timesplitters/project/generated/gunDebugPrintStats_0x295048.cpp.obj
gunDebugPrintStats_0x295048.cpp
[ 40%] Building CXX object timesplitters/CMakeFiles/timesplitters.dir/D_/Programming/GitHub/Timesplitters/project/generated/gunDetonateRemoteMines_0x294458.cpp.obj
gunDetonateRemoteMines_0x294458.cpp
[ 40%] Building CXX object timesplitters/CMakeFiles/timesplitters.dir/D_/Programming/GitHub/Timesplitters/project/generated/gunDoesAutoAim_0x295238.cpp.obj
gunDoesAutoAim_0x295238.cpp
[ 40%] Building CXX object timesplitters/CMakeFiles/timesplitters.dir/D_/Programming/GitHub/Timesplitters/project/generated/gunEnd_0x294ac0.cpp.obj
gunEnd_0x294ac0.cpp
[ 40%] Building CXX object timesplitters/CMakeFiles/timesplitters.dir/D_/Programming/GitHub/Timesplitters/project/generated/gunFireSfx_0x28de68.cpp.obj
gunFireSfx_0x28de68.cpp
[ 40%] Building CXX object timesplitters/CMakeFiles/timesplitters.dir/D_/Programming/GitHub/Timesplitters/project/generated/gunFire_0x2906c8.cpp.obj
gunFire_0x2906c8.cpp
[ 40%] Building CXX object timesplitters/CMakeFiles/timesplitters.dir/D_/Programming/GitHub/Timesplitters/project/generated/gunGetBulletType_0x2906a0.cpp.obj
gunGetBulletType_0x2906a0.cpp
[ 40%] Building CXX object timesplitters/CMakeFiles/timesplitters.dir/D_/Programming/GitHub/Timesplitters/project/generated/gunGetGunAmmo_0x294b48.cpp.obj
gunGetGunAmmo_0x294b48.cpp
[ 40%] Building CXX object timesplitters/CMakeFiles/timesplitters.dir/D_/Programming/GitHub/Timesplitters/project/generated/gunGfx_0x2949e0.cpp.obj
gunGfx_0x2949e0.cpp
[ 40%] Building CXX object timesplitters/CMakeFiles/timesplitters.dir/D_/Programming/GitHub/Timesplitters/project/generated/gunIsLeftGunVisible_0x2943e0.cpp.obj
gunIsLeftGunVisible_0x2943e0.cpp
[ 40%] Building CXX object timesplitters/CMakeFiles/timesplitters.dir/D_/Programming/GitHub/Timesplitters/project/generated/gunIsPunching_0x2951d8.cpp.obj
gunIsPunching_0x2951d8.cpp
[ 40%] Building CXX object timesplitters/CMakeFiles/timesplitters.dir/D_/Programming/GitHub/Timesplitters/project/generated/gunLeftHandAble_0x2950b8.cpp.obj
gunLeftHandAble_0x2950b8.cpp
[ 41%] Building CXX object timesplitters/CMakeFiles/timesplitters.dir/D_/Programming/GitHub/Timesplitters/project/generated/gunLeftHandActive_0x2950f0.cpp.obj
gunLeftHandActive_0x2950f0.cpp
[ 41%] Building CXX object timesplitters/CMakeFiles/timesplitters.dir/D_/Programming/GitHub/Timesplitters/project/generated/gunNew_0x269b10.cpp.obj
gunNew_0x269b10.cpp
[ 41%] Building CXX object timesplitters/CMakeFiles/timesplitters.dir/D_/Programming/GitHub/Timesplitters/project/generated/gunPickedUpAmmo_0x294e48.cpp.obj
gunPickedUpAmmo_0x294e48.cpp
[ 41%] Building CXX object timesplitters/CMakeFiles/timesplitters.dir/D_/Programming/GitHub/Timesplitters/project/generated/gunPlayerFire_0x28f010.cpp.obj
gunPlayerFire_0x28f010.cpp
[ 41%] Building CXX object timesplitters/CMakeFiles/timesplitters.dir/D_/Programming/GitHub/Timesplitters/project/generated/gunPreload_0x28d460.cpp.obj
gunPreload_0x28d460.cpp
[ 41%] Building CXX object timesplitters/CMakeFiles/timesplitters.dir/D_/Programming/GitHub/Timesplitters/project/generated/gunPropTick_0x26ece8.cpp.obj
gunPropTick_0x26ece8.cpp
[ 41%] Building CXX object timesplitters/CMakeFiles/timesplitters.dir/D_/Programming/GitHub/Timesplitters/project/generated/gunReloadCore_0x28db18.cpp.obj
gunReloadCore_0x28db18.cpp
[ 41%] Building CXX object timesplitters/CMakeFiles/timesplitters.dir/D_/Programming/GitHub/Timesplitters/project/generated/gunReload_0x28db90.cpp.obj
gunReload_0x28db90.cpp
[ 41%] Building CXX object timesplitters/CMakeFiles/timesplitters.dir/D_/Programming/GitHub/Timesplitters/project/generated/gunRemoteFire_0x290010.cpp.obj
gunRemoteFire_0x290010.cpp
[ 41%] Building CXX object timesplitters/CMakeFiles/timesplitters.dir/D_/Programming/GitHub/Timesplitters/project/generated/gunReset_0x28d820.cpp.obj
gunReset_0x28d820.cpp
[ 41%] Building CXX object timesplitters/CMakeFiles/timesplitters.dir/D_/Programming/GitHub/Timesplitters/project/generated/gunRestart_0x28d818.cpp.obj
gunRestart_0x28d818.cpp
[ 41%] Building CXX object timesplitters/CMakeFiles/timesplitters.dir/D_/Programming/GitHub/Timesplitters/project/generated/gunRightHandAble_0x2950c8.cpp.obj
gunRightHandAble_0x2950c8.cpp
[ 41%] Building CXX object timesplitters/CMakeFiles/timesplitters.dir/D_/Programming/GitHub/Timesplitters/project/generated/gunRightHandActive_0x295140.cpp.obj
gunRightHandActive_0x295140.cpp
[ 41%] Building CXX object timesplitters/CMakeFiles/timesplitters.dir/D_/Programming/GitHub/Timesplitters/project/generated/gunSetAmmoToMax_0x28d3a8.cpp.obj
gunSetAmmoToMax_0x28d3a8.cpp
[ 41%] Building CXX object timesplitters/CMakeFiles/timesplitters.dir/D_/Programming/GitHub/Timesplitters/project/generated/gunSetPlayerZoom_0x2922b0.cpp.obj
gunSetPlayerZoom_0x2922b0.cpp
[ 41%] Building CXX object timesplitters/CMakeFiles/timesplitters.dir/D_/Programming/GitHub/Timesplitters/project/generated/gunShouldKeepWithNoAmmo_0x295050.cpp.obj
gunShouldKeepWithNoAmmo_0x295050.cpp
[ 41%] Building CXX object timesplitters/CMakeFiles/timesplitters.dir/D_/Programming/GitHub/Timesplitters/project/generated/gunShouldSwitchToOnPickup_0x294f68.cpp.obj
gunShouldSwitchToOnPickup_0x294f68.cpp
[ 41%] Building CXX object timesplitters/CMakeFiles/timesplitters.dir/D_/Programming/GitHub/Timesplitters/project/generated/gunShouldSwitchTo_0x294c30.cpp.obj
gunShouldSwitchTo_0x294c30.cpp
[ 41%] Building CXX object timesplitters/CMakeFiles/timesplitters.dir/D_/Programming/GitHub/Timesplitters/project/generated/gunTick_0x2946c0.cpp.obj
gunTick_0x2946c0.cpp
[ 41%] Building CXX object timesplitters/CMakeFiles/timesplitters.dir/D_/Programming/GitHub/Timesplitters/project/generated/gunUpdateParts_0x2911e0.cpp.obj
gunUpdateParts_0x2911e0.cpp
[ 41%] Building CXX object timesplitters/CMakeFiles/timesplitters.dir/D_/Programming/GitHub/Timesplitters/project/generated/gunUpdate_0x2922d8.cpp.obj
gunUpdate_0x2922d8.cpp
[ 41%] Building CXX object timesplitters/CMakeFiles/timesplitters.dir/D_/Programming/GitHub/Timesplitters/project/generated/gvDispIndex_0x22c378.cpp.obj
gvDispIndex_0x22c378.cpp
[ 41%] Building CXX object timesplitters/CMakeFiles/timesplitters.dir/D_/Programming/GitHub/Timesplitters/project/generated/gvGetStringValue_0x22c1d0.cpp.obj
gvGetStringValue_0x22c1d0.cpp
[ 41%] Building CXX object timesplitters/CMakeFiles/timesplitters.dir/D_/Programming/GitHub/Timesplitters/project/generated/gvSetValue_0x22c308.cpp.obj
gvSetValue_0x22c308.cpp
[ 41%] Building CXX object timesplitters/CMakeFiles/timesplitters.dir/D_/Programming/GitHub/Timesplitters/project/generated/hallrouteCalc_0x2663e8.cpp.obj
hallrouteCalc_0x2663e8.cpp
[ 41%] Building CXX object timesplitters/CMakeFiles/timesplitters.dir/D_/Programming/GitHub/Timesplitters/project/generated/headPropNew_0x26b538.cpp.obj
headPropNew_0x26b538.cpp
[ 41%] Building CXX object timesplitters/CMakeFiles/timesplitters.dir/D_/Programming/GitHub/Timesplitters/project/generated/headPropTick_0x26b710.cpp.obj
headPropTick_0x26b710.cpp
[ 41%] Building CXX object timesplitters/CMakeFiles/timesplitters.dir/D_/Programming/GitHub/Timesplitters/project/generated/hittestBoxBox_0x2095b8.cpp.obj
hittestBoxBox_0x2095b8.cpp
[ 41%] Building CXX object timesplitters/CMakeFiles/timesplitters.dir/D_/Programming/GitHub/Timesplitters/project/generated/hittestLineBox_0x209640.cpp.obj
hittestLineBox_0x209640.cpp
[ 41%] Building CXX object timesplitters/CMakeFiles/timesplitters.dir/D_/Programming/GitHub/Timesplitters/project/generated/hittestLineCyl_0x209dc8.cpp.obj
hittestLineCyl_0x209dc8.cpp
[ 43%] Building CXX object timesplitters/CMakeFiles/timesplitters.dir/D_/Programming/GitHub/Timesplitters/project/generated/hittestLinePoly_0x209b08.cpp.obj
hittestLinePoly_0x209b08.cpp
[ 43%] Building CXX object timesplitters/CMakeFiles/timesplitters.dir/D_/Programming/GitHub/Timesplitters/project/generated/hittestLineTri_0x209818.cpp.obj
hittestLineTri_0x209818.cpp
[ 43%] Building CXX object timesplitters/CMakeFiles/timesplitters.dir/D_/Programming/GitHub/Timesplitters/project/generated/hittestMoveCircleToCircle_0x2094a0.cpp.obj
hittestMoveCircleToCircle_0x2094a0.cpp
[ 43%] Building CXX object timesplitters/CMakeFiles/timesplitters.dir/D_/Programming/GitHub/Timesplitters/project/generated/hittestMoveCircleToLine_0x209150.cpp.obj
hittestMoveCircleToLine_0x209150.cpp
[ 43%] Building CXX object timesplitters/CMakeFiles/timesplitters.dir/D_/Programming/GitHub/Timesplitters/project/generated/hittestMoveCircleToPoint_0x208f70.cpp.obj
hittestMoveCircleToPoint_0x208f70.cpp
[ 43%] Building CXX object timesplitters/CMakeFiles/timesplitters.dir/D_/Programming/GitHub/Timesplitters/project/generated/hologramPropTick_0x27b1d8.cpp.obj
hologramPropTick_0x27b1d8.cpp
[ 43%] Building CXX object timesplitters/CMakeFiles/timesplitters.dir/D_/Programming/GitHub/Timesplitters/project/generated/hr_addnewroutes_0x2661a8.cpp.obj
hr_addnewroutes_0x2661a8.cpp
[ 43%] Building CXX object timesplitters/CMakeFiles/timesplitters.dir/D_/Programming/GitHub/Timesplitters/project/generated/hr_addroute_0x265f08.cpp.obj
hr_addroute_0x265f08.cpp
[ 43%] Building CXX object timesplitters/CMakeFiles/timesplitters.dir/D_/Programming/GitHub/Timesplitters/project/generated/hr_calcestcost_0x266100.cpp.obj
hr_calcestcost_0x266100.cpp
[ 43%] Building CXX object timesplitters/CMakeFiles/timesplitters.dir/D_/Programming/GitHub/Timesplitters/project/generated/hr_calclinkcost_0x266188.cpp.obj
hr_calclinkcost_0x266188.cpp
[ 43%] Building CXX object timesplitters/CMakeFiles/timesplitters.dir/D_/Programming/GitHub/Timesplitters/project/generated/hr_deleteroute_0x266058.cpp.obj
hr_deleteroute_0x266058.cpp
[ 43%] Building CXX object timesplitters/CMakeFiles/timesplitters.dir/D_/Programming/GitHub/Timesplitters/project/generated/hr_findroute_0x265fc0.cpp.obj
hr_findroute_0x265fc0.cpp
[ 43%] Building CXX object timesplitters/CMakeFiles/timesplitters.dir/D_/Programming/GitHub/Timesplitters/project/generated/hr_findroutetohall_0x266000.cpp.obj
hr_findroutetohall_0x266000.cpp
[ 43%] Building CXX object timesplitters/CMakeFiles/timesplitters.dir/D_/Programming/GitHub/Timesplitters/project/generated/hr_initroutes_0x265eb0.cpp.obj
hr_initroutes_0x265eb0.cpp
[ 43%] Building CXX object timesplitters/CMakeFiles/timesplitters.dir/D_/Programming/GitHub/Timesplitters/project/generated/hsv2col_0x22e610.cpp.obj
hsv2col_0x22e610.cpp
[ 43%] Building CXX object timesplitters/CMakeFiles/timesplitters.dir/D_/Programming/GitHub/Timesplitters/project/generated/hudAmmoGfx_0x2b1c20.cpp.obj
hudAmmoGfx_0x2b1c20.cpp
[ 43%] Building CXX object timesplitters/CMakeFiles/timesplitters.dir/D_/Programming/GitHub/Timesplitters/project/generated/hudAmountBarGfx_0x2b1328.cpp.obj
hudAmountBarGfx_0x2b1328.cpp
[ 43%] Building CXX object timesplitters/CMakeFiles/timesplitters.dir/D_/Programming/GitHub/Timesplitters/project/generated/hudBagIconGfx_0x2b1ac0.cpp.obj
hudBagIconGfx_0x2b1ac0.cpp
[ 43%] Building CXX object timesplitters/CMakeFiles/timesplitters.dir/D_/Programming/GitHub/Timesplitters/project/generated/hudBaseGfx_0x2b1180.cpp.obj
hudBaseGfx_0x2b1180.cpp
[ 43%] Building CXX object timesplitters/CMakeFiles/timesplitters.dir/D_/Programming/GitHub/Timesplitters/project/generated/hudChallengeScoreGfx_0x2b1858.cpp.obj
hudChallengeScoreGfx_0x2b1858.cpp
[ 43%] Building CXX object timesplitters/CMakeFiles/timesplitters.dir/D_/Programming/GitHub/Timesplitters/project/generated/hudChallengeTimeLeftGfx_0x2b1780.cpp.obj
hudChallengeTimeLeftGfx_0x2b1780.cpp
[ 43%] Building CXX object timesplitters/CMakeFiles/timesplitters.dir/D_/Programming/GitHub/Timesplitters/project/generated/hudEnd_0x2b3598.cpp.obj
hudEnd_0x2b3598.cpp
[ 43%] Building CXX object timesplitters/CMakeFiles/timesplitters.dir/D_/Programming/GitHub/Timesplitters/project/generated/hudGetBagIconFileName_0x2b04f8.cpp.obj
hudGetBagIconFileName_0x2b04f8.cpp
[ 43%] Building CXX object timesplitters/CMakeFiles/timesplitters.dir/D_/Programming/GitHub/Timesplitters/project/generated/hudGfx_0x2b2d68.cpp.obj
hudGfx_0x2b2d68.cpp
[ 43%] Building CXX object timesplitters/CMakeFiles/timesplitters.dir/D_/Programming/GitHub/Timesplitters/project/generated/hudLSScoreGfx_0x2b1900.cpp.obj
hudLSScoreGfx_0x2b1900.cpp
[ 43%] Building CXX object timesplitters/CMakeFiles/timesplitters.dir/D_/Programming/GitHub/Timesplitters/project/generated/hudMessageDraw_0x2b0a30.cpp.obj
hudMessageDraw_0x2b0a30.cpp
[ 43%] Building CXX object timesplitters/CMakeFiles/timesplitters.dir/D_/Programming/GitHub/Timesplitters/project/generated/hudMessageTick_0x2b09e8.cpp.obj
hudMessageTick_0x2b09e8.cpp
[ 43%] Building CXX object timesplitters/CMakeFiles/timesplitters.dir/D_/Programming/GitHub/Timesplitters/project/generated/hudMessage_0x2b0990.cpp.obj
hudMessage_0x2b0990.cpp
[ 43%] Building CXX object timesplitters/CMakeFiles/timesplitters.dir/D_/Programming/GitHub/Timesplitters/project/generated/hudMeterGfx_0x2b2c10.cpp.obj
hudMeterGfx_0x2b2c10.cpp
[ 44%] Building CXX object timesplitters/CMakeFiles/timesplitters.dir/D_/Programming/GitHub/Timesplitters/project/generated/hudMinesGfx_0x2b1e98.cpp.obj
hudMinesGfx_0x2b1e98.cpp
[ 44%] Building CXX object timesplitters/CMakeFiles/timesplitters.dir/D_/Programming/GitHub/Timesplitters/project/generated/hudPainGfx_0x2b2948.cpp.obj
hudPainGfx_0x2b2948.cpp
[ 44%] Building CXX object timesplitters/CMakeFiles/timesplitters.dir/D_/Programming/GitHub/Timesplitters/project/generated/hudPreload_0x2b0530.cpp.obj
hudPreload_0x2b0530.cpp
[ 44%] Building CXX object timesplitters/CMakeFiles/timesplitters.dir/D_/Programming/GitHub/Timesplitters/project/generated/hudRadarGfx_0x2b2258.cpp.obj
hudRadarGfx_0x2b2258.cpp
[ 44%] Building CXX object timesplitters/CMakeFiles/timesplitters.dir/D_/Programming/GitHub/Timesplitters/project/generated/hudRankGfx_0x2b19b8.cpp.obj
hudRankGfx_0x2b19b8.cpp
[ 44%] Building CXX object timesplitters/CMakeFiles/timesplitters.dir/D_/Programming/GitHub/Timesplitters/project/generated/hudReset_0x2b0988.cpp.obj
hudReset_0x2b0988.cpp
[ 44%] Building CXX object timesplitters/CMakeFiles/timesplitters.dir/D_/Programming/GitHub/Timesplitters/project/generated/hudRestart_0x2b0890.cpp.obj
hudRestart_0x2b0890.cpp
[ 44%] Building CXX object timesplitters/CMakeFiles/timesplitters.dir/D_/Programming/GitHub/Timesplitters/project/generated/hudScoreGfx_0x2b15b8.cpp.obj
hudScoreGfx_0x2b15b8.cpp
[ 44%] Building CXX object timesplitters/CMakeFiles/timesplitters.dir/D_/Programming/GitHub/Timesplitters/project/generated/hudScoreWidth_0x2b1598.cpp.obj
hudScoreWidth_0x2b1598.cpp
[ 44%] Building CXX object timesplitters/CMakeFiles/timesplitters.dir/D_/Programming/GitHub/Timesplitters/project/generated/hudShowScore_0x2b0f70.cpp.obj
hudShowScore_0x2b0f70.cpp
[ 44%] Building CXX object timesplitters/CMakeFiles/timesplitters.dir/D_/Programming/GitHub/Timesplitters/project/generated/hudTick_0x2b0e80.cpp.obj
hudTick_0x2b0e80.cpp
[ 44%] Building CXX object timesplitters/CMakeFiles/timesplitters.dir/D_/Programming/GitHub/Timesplitters/project/generated/huft_build_0x21a7b0.cpp.obj
huft_build_0x21a7b0.cpp
[ 44%] Building CXX object timesplitters/CMakeFiles/timesplitters.dir/D_/Programming/GitHub/Timesplitters/project/generated/iCancelWakeupThread_0x2d0080.cpp.obj
iCancelWakeupThread_0x2d0080.cpp
[ 44%] Building CXX object timesplitters/CMakeFiles/timesplitters.dir/D_/Programming/GitHub/Timesplitters/project/generated/iChangeThreadPriority_0x2cffc0.cpp.obj
iChangeThreadPriority_0x2cffc0.cpp
[ 44%] Building CXX object timesplitters/CMakeFiles/timesplitters.dir/D_/Programming/GitHub/Timesplitters/project/generated/iCpuConfig_0x2d03e0.cpp.obj
iCpuConfig_0x2d03e0.cpp
[ 44%] Building CXX object timesplitters/CMakeFiles/timesplitters.dir/D_/Programming/GitHub/Timesplitters/project/generated/iDisableDmacHandler_0x2d0350.cpp.obj
iDisableDmacHandler_0x2d0350.cpp
[ 44%] Building CXX object timesplitters/CMakeFiles/timesplitters.dir/D_/Programming/GitHub/Timesplitters/project/generated/iDisableDmac_0x2d0e58.cpp.obj
iDisableDmac_0x2d0e58.cpp
[ 44%] Building CXX object timesplitters/CMakeFiles/timesplitters.dir/D_/Programming/GitHub/Timesplitters/project/generated/iDisableIntcHandler_0x2d0310.cpp.obj
iDisableIntcHandler_0x2d0310.cpp
[ 44%] Building CXX object timesplitters/CMakeFiles/timesplitters.dir/D_/Programming/GitHub/Timesplitters/project/generated/iDisableIntc_0x2d0e18.cpp.obj
iDisableIntc_0x2d0e18.cpp
[ 44%] Building CXX object timesplitters/CMakeFiles/timesplitters.dir/D_/Programming/GitHub/Timesplitters/project/generated/iEnableDmacHandler_0x2d0330.cpp.obj
iEnableDmacHandler_0x2d0330.cpp
[ 44%] Building CXX object timesplitters/CMakeFiles/timesplitters.dir/D_/Programming/GitHub/Timesplitters/project/generated/iEnableDmac_0x2d0e38.cpp.obj
iEnableDmac_0x2d0e38.cpp
[ 44%] Building CXX object timesplitters/CMakeFiles/timesplitters.dir/D_/Programming/GitHub/Timesplitters/project/generated/iEnableIntcHandler_0x2d02f0.cpp.obj
iEnableIntcHandler_0x2d02f0.cpp
[ 44%] Building CXX object timesplitters/CMakeFiles/timesplitters.dir/D_/Programming/GitHub/Timesplitters/project/generated/iEnableIntc_0x2d0df8.cpp.obj
iEnableIntc_0x2d0df8.cpp
[ 44%] Building CXX object timesplitters/CMakeFiles/timesplitters.dir/D_/Programming/GitHub/Timesplitters/project/generated/iFlushCache_0x2d03d0.cpp.obj
iFlushCache_0x2d03d0.cpp
[ 44%] Building CXX object timesplitters/CMakeFiles/timesplitters.dir/D_/Programming/GitHub/Timesplitters/project/generated/iGetCop0_0x2d03c0.cpp.obj
iGetCop0_0x2d03c0.cpp
[ 44%] Building CXX object timesplitters/CMakeFiles/timesplitters.dir/D_/Programming/GitHub/Timesplitters/project/generated/iGsGetIMR_0x2d0450.cpp.obj
iGsGetIMR_0x2d0450.cpp
[ 44%] Building CXX object timesplitters/CMakeFiles/timesplitters.dir/D_/Programming/GitHub/Timesplitters/project/generated/iGsPutIMR_0x2d0470.cpp.obj
iGsPutIMR_0x2d0470.cpp
[ 44%] Building CXX object timesplitters/CMakeFiles/timesplitters.dir/D_/Programming/GitHub/Timesplitters/project/generated/iInvalidDCache_0x2d0b68.cpp.obj
iInvalidDCache_0x2d0b68.cpp
[ 44%] Building CXX object timesplitters/CMakeFiles/timesplitters.dir/D_/Programming/GitHub/Timesplitters/project/generated/iPollSema_0x2d0180.cpp.obj
iPollSema_0x2d0180.cpp
[ 44%] Building CXX object timesplitters/CMakeFiles/timesplitters.dir/D_/Programming/GitHub/Timesplitters/project/generated/iReferSemaStatus_0x2d01a0.cpp.obj
iReferSemaStatus_0x2d01a0.cpp
[ 45%] Building CXX object timesplitters/CMakeFiles/timesplitters.dir/D_/Programming/GitHub/Timesplitters/project/generated/iReferThreadStatus_0x2d0030.cpp.obj
iReferThreadStatus_0x2d0030.cpp
[ 45%] Building CXX object timesplitters/CMakeFiles/timesplitters.dir/D_/Programming/GitHub/Timesplitters/project/generated/iReleaseAlarm_0x2d0e98.cpp.obj
iReleaseAlarm_0x2d0e98.cpp
[ 45%] Building CXX object timesplitters/CMakeFiles/timesplitters.dir/D_/Programming/GitHub/Timesplitters/project/generated/iReleaseWaitThread_0x2d0000.cpp.obj
iReleaseWaitThread_0x2d0000.cpp
[ 45%] Building CXX object timesplitters/CMakeFiles/timesplitters.dir/D_/Programming/GitHub/Timesplitters/project/generated/iResumeThread_0x2d00c0.cpp.obj
iResumeThread_0x2d00c0.cpp
[ 45%] Building CXX object timesplitters/CMakeFiles/timesplitters.dir/D_/Programming/GitHub/Timesplitters/project/generated/iRotateThreadReadyQueue_0x2cffe0.cpp.obj
iRotateThreadReadyQueue_0x2cffe0.cpp
[ 45%] Building CXX object timesplitters/CMakeFiles/timesplitters.dir/D_/Programming/GitHub/Timesplitters/project/generated/iSetAlarm_0x2d0e78.cpp.obj
iSetAlarm_0x2d0e78.cpp
[ 45%] Building CXX object timesplitters/CMakeFiles/timesplitters.dir/D_/Programming/GitHub/Timesplitters/project/generated/iSignalSema_0x2d0150.cpp.obj
iSignalSema_0x2d0150.cpp
[ 45%] Building CXX object timesplitters/CMakeFiles/timesplitters.dir/D_/Programming/GitHub/Timesplitters/project/generated/iSuspendThread_0x2d00a0.cpp.obj
iSuspendThread_0x2d00a0.cpp
[ 45%] Building CXX object timesplitters/CMakeFiles/timesplitters.dir/D_/Programming/GitHub/Timesplitters/project/generated/iSyncDCache_0x2d0a30.cpp.obj
iSyncDCache_0x2d0a30.cpp
[ 45%] Building CXX object timesplitters/CMakeFiles/timesplitters.dir/D_/Programming/GitHub/Timesplitters/project/generated/iTerminateThread_0x2cff80.cpp.obj
iTerminateThread_0x2cff80.cpp
[ 45%] Building CXX object timesplitters/CMakeFiles/timesplitters.dir/D_/Programming/GitHub/Timesplitters/project/generated/iWakeupThread_0x2d4690.cpp.obj
iWakeupThread_0x2d4690.cpp
[ 45%] Building CXX object timesplitters/CMakeFiles/timesplitters.dir/D_/Programming/GitHub/Timesplitters/project/generated/ilinkConnect_0x2cddc8.cpp.obj
ilinkConnect_0x2cddc8.cpp
[ 45%] Building CXX object timesplitters/CMakeFiles/timesplitters.dir/D_/Programming/GitHub/Timesplitters/project/generated/ilinkGetNumLocalPlayers_0x2cdde0.cpp.obj
ilinkGetNumLocalPlayers_0x2cdde0.cpp
[ 45%] Building CXX object timesplitters/CMakeFiles/timesplitters.dir/D_/Programming/GitHub/Timesplitters/project/generated/ilinkGetStartLocalPlayerNum_0x2cddf0.cpp.obj
ilinkGetStartLocalPlayerNum_0x2cddf0.cpp
[ 45%] Building CXX object timesplitters/CMakeFiles/timesplitters.dir/D_/Programming/GitHub/Timesplitters/project/generated/ilinkIsILinkGame_0x2cddf8.cpp.obj
ilinkIsILinkGame_0x2cddf8.cpp
[ 45%] Building CXX object timesplitters/CMakeFiles/timesplitters.dir/D_/Programming/GitHub/Timesplitters/project/generated/ilinkMake_0x2cddc0.cpp.obj
ilinkMake_0x2cddc0.cpp
[ 45%] Building CXX object timesplitters/CMakeFiles/timesplitters.dir/D_/Programming/GitHub/Timesplitters/project/generated/ilinkOKToTick_0x2cddd8.cpp.obj
ilinkOKToTick_0x2cddd8.cpp
[ 45%] Building CXX object timesplitters/CMakeFiles/timesplitters.dir/D_/Programming/GitHub/Timesplitters/project/generated/ilinkSetFramesi_0x2cde00.cpp.obj
ilinkSetFramesi_0x2cde00.cpp
[ 45%] Building CXX object timesplitters/CMakeFiles/timesplitters.dir/D_/Programming/GitHub/Timesplitters/project/generated/ilinkSetNumLocalPlayers_0x2cdde8.cpp.obj
ilinkSetNumLocalPlayers_0x2cdde8.cpp
[ 45%] Building CXX object timesplitters/CMakeFiles/timesplitters.dir/D_/Programming/GitHub/Timesplitters/project/generated/ilinkTick_0x2cddd0.cpp.obj
ilinkTick_0x2cddd0.cpp
[ 45%] Building CXX object timesplitters/CMakeFiles/timesplitters.dir/D_/Programming/GitHub/Timesplitters/project/generated/inPage_0x20e190.cpp.obj
inPage_0x20e190.cpp
[ 45%] Building CXX object timesplitters/CMakeFiles/timesplitters.dir/D_/Programming/GitHub/Timesplitters/project/generated/inflate_block_0x21bd38.cpp.obj
inflate_block_0x21bd38.cpp
[ 45%] Building CXX object timesplitters/CMakeFiles/timesplitters.dir/D_/Programming/GitHub/Timesplitters/project/generated/inflate_codes_0x21ad98.cpp.obj
inflate_codes_0x21ad98.cpp
[ 45%] Building CXX object timesplitters/CMakeFiles/timesplitters.dir/D_/Programming/GitHub/Timesplitters/project/generated/inflate_dynamic_0x21b660.cpp.obj
inflate_dynamic_0x21b660.cpp
[ 45%] Building CXX object timesplitters/CMakeFiles/timesplitters.dir/D_/Programming/GitHub/Timesplitters/project/generated/inflate_fixed_0x21b4e0.cpp.obj
inflate_fixed_0x21b4e0.cpp
[ 45%] Building CXX object timesplitters/CMakeFiles/timesplitters.dir/D_/Programming/GitHub/Timesplitters/project/generated/inflate_stored_0x21b2e0.cpp.obj
inflate_stored_0x21b2e0.cpp
[ 45%] Building CXX object timesplitters/CMakeFiles/timesplitters.dir/D_/Programming/GitHub/Timesplitters/project/generated/ingame_menutick_0x20e240.cpp.obj
ingame_menutick_0x20e240.cpp
[ 45%] Building CXX object timesplitters/CMakeFiles/timesplitters.dir/D_/Programming/GitHub/Timesplitters/project/generated/ingamemenuCheckUnpause_0x212b98.cpp.obj
ingamemenuCheckUnpause_0x212b98.cpp
[ 45%] Building CXX object timesplitters/CMakeFiles/timesplitters.dir/D_/Programming/GitHub/Timesplitters/project/generated/ingamemenuClear_0x212a90.cpp.obj
ingamemenuClear_0x212a90.cpp
[ 46%] Building CXX object timesplitters/CMakeFiles/timesplitters.dir/D_/Programming/GitHub/Timesplitters/project/generated/ingamemenuEnd_0x212cf0.cpp.obj
ingamemenuEnd_0x212cf0.cpp
[ 46%] Building CXX object timesplitters/CMakeFiles/timesplitters.dir/D_/Programming/GitHub/Timesplitters/project/generated/ingamemenuExit_0x212ae8.cpp.obj
ingamemenuExit_0x212ae8.cpp
[ 46%] Building CXX object timesplitters/CMakeFiles/timesplitters.dir/D_/Programming/GitHub/Timesplitters/project/generated/ingamemenuPause_0x2129e0.cpp.obj
ingamemenuPause_0x2129e0.cpp
[ 46%] Building CXX object timesplitters/CMakeFiles/timesplitters.dir/D_/Programming/GitHub/Timesplitters/project/generated/ingamemenuPreload_0x2124a0.cpp.obj
ingamemenuPreload_0x2124a0.cpp
[ 46%] Building CXX object timesplitters/CMakeFiles/timesplitters.dir/D_/Programming/GitHub/Timesplitters/project/generated/ingamemenuReset_0x212520.cpp.obj
ingamemenuReset_0x212520.cpp
[ 46%] Building CXX object timesplitters/CMakeFiles/timesplitters.dir/D_/Programming/GitHub/Timesplitters/project/generated/ingamemenuRestart_0x2124a8.cpp.obj
ingamemenuRestart_0x2124a8.cpp
[ 46%] Building CXX object timesplitters/CMakeFiles/timesplitters.dir/D_/Programming/GitHub/Timesplitters/project/generated/ingamemenuRoot_0x212538.cpp.obj
ingamemenuRoot_0x212538.cpp
[ 46%] Building CXX object timesplitters/CMakeFiles/timesplitters.dir/D_/Programming/GitHub/Timesplitters/project/generated/ingamemenuStart_0x212930.cpp.obj
ingamemenuStart_0x212930.cpp
[ 46%] Building CXX object timesplitters/CMakeFiles/timesplitters.dir/D_/Programming/GitHub/Timesplitters/project/generated/initDamagedProps_0x268d10.cpp.obj
initDamagedProps_0x268d10.cpp
[ 46%] Building CXX object timesplitters/CMakeFiles/timesplitters.dir/D_/Programming/GitHub/Timesplitters/project/generated/innerwheelsPropTick_0x27aa80.cpp.obj
innerwheelsPropTick_0x27aa80.cpp
[ 46%] Building CXX object timesplitters/CMakeFiles/timesplitters.dir/D_/Programming/GitHub/Timesplitters/project/generated/int2bcd_0x2b39a0.cpp.obj
int2bcd_0x2b39a0.cpp
[ 46%] Building CXX object timesplitters/CMakeFiles/timesplitters.dir/D_/Programming/GitHub/Timesplitters/project/generated/invlook_onchange_0x20f528.cpp.obj
invlook_onchange_0x20f528.cpp
[ 46%] Building CXX object timesplitters/CMakeFiles/timesplitters.dir/D_/Programming/GitHub/Timesplitters/project/generated/ioctl_0x2d0748.cpp.obj
ioctl_0x2d0748.cpp
[ 46%] Building CXX object timesplitters/CMakeFiles/timesplitters.dir/D_/Programming/GitHub/Timesplitters/project/generated/ipDefocus_0x295fc0.cpp.obj
ipDefocus_0x295fc0.cpp
[ 46%] Building CXX object timesplitters/CMakeFiles/timesplitters.dir/D_/Programming/GitHub/Timesplitters/project/generated/ipFishEye_0x2962d0.cpp.obj
ipFishEye_0x2962d0.cpp
[ 46%] Building CXX object timesplitters/CMakeFiles/timesplitters.dir/D_/Programming/GitHub/Timesplitters/project/generated/ipGfx_0x296678.cpp.obj
ipGfx_0x296678.cpp
[ 46%] Building CXX object timesplitters/CMakeFiles/timesplitters.dir/D_/Programming/GitHub/Timesplitters/project/generated/ipInvertScreen_0x2961f0.cpp.obj
ipInvertScreen_0x2961f0.cpp
[ 46%] Building CXX object timesplitters/CMakeFiles/timesplitters.dir/D_/Programming/GitHub/Timesplitters/project/generated/ipIsFisheyeOn_0x2965f0.cpp.obj
ipIsFisheyeOn_0x2965f0.cpp
[ 46%] Building CXX object timesplitters/CMakeFiles/timesplitters.dir/D_/Programming/GitHub/Timesplitters/project/generated/ipMotionBlur_0x2960b8.cpp.obj
ipMotionBlur_0x2960b8.cpp
[ 46%] Building CXX object timesplitters/CMakeFiles/timesplitters.dir/D_/Programming/GitHub/Timesplitters/project/generated/ipSetCurScreenAsTexture_0x295f88.cpp.obj
ipSetCurScreenAsTexture_0x295f88.cpp
[ 46%] Building CXX object timesplitters/CMakeFiles/timesplitters.dir/D_/Programming/GitHub/Timesplitters/project/generated/ipSetLastScreenAsTexture_0x295fa0.cpp.obj
ipSetLastScreenAsTexture_0x295fa0.cpp
[ 46%] Building CXX object timesplitters/CMakeFiles/timesplitters.dir/D_/Programming/GitHub/Timesplitters/project/generated/ipSetScreenAsTexture_0x295dd0.cpp.obj
ipSetScreenAsTexture_0x295dd0.cpp
[ 46%] Building CXX object timesplitters/CMakeFiles/timesplitters.dir/D_/Programming/GitHub/Timesplitters/project/generated/ipSetZBAsTexture_0x295fb8.cpp.obj
ipSetZBAsTexture_0x295fb8.cpp
[ 46%] Building CXX object timesplitters/CMakeFiles/timesplitters.dir/D_/Programming/GitHub/Timesplitters/project/generated/ipTick_0x296610.cpp.obj
ipTick_0x296610.cpp
[ 46%] Building CXX object timesplitters/CMakeFiles/timesplitters.dir/D_/Programming/GitHub/Timesplitters/project/generated/ipViewZB_0x296120.cpp.obj
ipViewZB_0x296120.cpp
[ 46%] Building CXX object timesplitters/CMakeFiles/timesplitters.dir/D_/Programming/GitHub/Timesplitters/project/generated/isRoomVisibleByAnyPlayer_0x253fd0.cpp.obj
isRoomVisibleByAnyPlayer_0x253fd0.cpp
[ 46%] Building CXX object timesplitters/CMakeFiles/timesplitters.dir/D_/Programming/GitHub/Timesplitters/project/generated/isatty_0x2d0800.cpp.obj
isatty_0x2d0800.cpp
[ 46%] Building CXX object timesplitters/CMakeFiles/timesplitters.dir/D_/Programming/GitHub/Timesplitters/project/generated/isceSifDmaStat_0x2d04d0.cpp.obj
isceSifDmaStat_0x2d04d0.cpp
[ 46%] Building CXX object timesplitters/CMakeFiles/timesplitters.dir/D_/Programming/GitHub/Timesplitters/project/generated/isceSifSendCmd_0x2d2310.cpp.obj
isceSifSendCmd_0x2d2310.cpp
[ 47%] Building CXX object timesplitters/CMakeFiles/timesplitters.dir/D_/Programming/GitHub/Timesplitters/project/generated/isceSifSetDChain_0x2d0510.cpp.obj
isceSifSetDChain_0x2d0510.cpp
[ 47%] Building CXX object timesplitters/CMakeFiles/timesplitters.dir/D_/Programming/GitHub/Timesplitters/project/generated/isceSifSetDma_0x2d04f0.cpp.obj
isceSifSetDma_0x2d04f0.cpp
[ 47%] Building CXX object timesplitters/CMakeFiles/timesplitters.dir/D_/Programming/GitHub/Timesplitters/project/generated/isinf_0x2ed0b8.cpp.obj
isinf_0x2ed0b8.cpp
[ 47%] Building CXX object timesplitters/CMakeFiles/timesplitters.dir/D_/Programming/GitHub/Timesplitters/project/generated/isinlist_0x22dec8.cpp.obj
isinlist_0x22dec8.cpp
[ 47%] Building CXX object timesplitters/CMakeFiles/timesplitters.dir/D_/Programming/GitHub/Timesplitters/project/generated/isnan_0x2dbee0.cpp.obj
isnan_0x2dbee0.cpp
[ 47%] Building CXX object timesplitters/CMakeFiles/timesplitters.dir/D_/Programming/GitHub/Timesplitters/project/generated/isnanf_0x2dc5e8.cpp.obj
isnanf_0x2dc5e8.cpp
[ 47%] Building CXX object timesplitters/CMakeFiles/timesplitters.dir/D_/Programming/GitHub/Timesplitters/project/generated/isroomvisible_0x253f80.cpp.obj
isroomvisible_0x253f80.cpp
[ 47%] Building CXX object timesplitters/CMakeFiles/timesplitters.dir/D_/Programming/GitHub/Timesplitters/project/generated/istext_0x20ca90.cpp.obj
istext_0x20ca90.cpp
[ 47%] Building CXX object timesplitters/CMakeFiles/timesplitters.dir/D_/Programming/GitHub/Timesplitters/project/generated/itof_0x2d1578.cpp.obj
itof_0x2d1578.cpp
[ 47%] Building CXX object timesplitters/CMakeFiles/timesplitters.dir/D_/Programming/GitHub/Timesplitters/project/generated/joyButLOCAL_0x203ea0.cpp.obj
joyButLOCAL_0x203ea0.cpp
[ 47%] Building CXX object timesplitters/CMakeFiles/timesplitters.dir/D_/Programming/GitHub/Timesplitters/project/generated/joyBut_0x203860.cpp.obj
joyBut_0x203860.cpp
[ 47%] Building CXX object timesplitters/CMakeFiles/timesplitters.dir/D_/Programming/GitHub/Timesplitters/project/generated/joyClearAll_0x203a88.cpp.obj
joyClearAll_0x203a88.cpp
[ 47%] Building CXX object timesplitters/CMakeFiles/timesplitters.dir/D_/Programming/GitHub/Timesplitters/project/generated/joyClearButs_0x2039e8.cpp.obj
joyClearButs_0x2039e8.cpp
[ 47%] Building CXX object timesplitters/CMakeFiles/timesplitters.dir/D_/Programming/GitHub/Timesplitters/project/generated/joyFixVal_0x203088.cpp.obj
joyFixVal_0x203088.cpp
[ 47%] Building CXX object timesplitters/CMakeFiles/timesplitters.dir/D_/Programming/GitHub/Timesplitters/project/generated/joyGetAxisLOCAL_0x203ee0.cpp.obj
joyGetAxisLOCAL_0x203ee0.cpp
[ 47%] Building CXX object timesplitters/CMakeFiles/timesplitters.dir/D_/Programming/GitHub/Timesplitters/project/generated/joyGetAxis_0x203bb8.cpp.obj
joyGetAxis_0x203bb8.cpp
[ 47%] Building CXX object timesplitters/CMakeFiles/timesplitters.dir/D_/Programming/GitHub/Timesplitters/project/generated/joyGetShockLeft_0x203d70.cpp.obj
joyGetShockLeft_0x203d70.cpp
[ 47%] Building CXX object timesplitters/CMakeFiles/timesplitters.dir/D_/Programming/GitHub/Timesplitters/project/generated/joyGetShockRight_0x203df0.cpp.obj
joyGetShockRight_0x203df0.cpp
[ 47%] Building CXX object timesplitters/CMakeFiles/timesplitters.dir/D_/Programming/GitHub/Timesplitters/project/generated/joyMake_0x203fa0.cpp.obj
joyMake_0x203fa0.cpp
[ 47%] Building CXX object timesplitters/CMakeFiles/timesplitters.dir/D_/Programming/GitHub/Timesplitters/project/generated/joyMtapGetSlots_0x203610.cpp.obj
joyMtapGetSlots_0x203610.cpp
[ 47%] Building CXX object timesplitters/CMakeFiles/timesplitters.dir/D_/Programming/GitHub/Timesplitters/project/generated/joyMtapTick_0x2035a8.cpp.obj
joyMtapTick_0x2035a8.cpp
[ 47%] Building CXX object timesplitters/CMakeFiles/timesplitters.dir/D_/Programming/GitHub/Timesplitters/project/generated/joyNewButLOCAL_0x203e70.cpp.obj
joyNewButLOCAL_0x203e70.cpp
[ 47%] Building CXX object timesplitters/CMakeFiles/timesplitters.dir/D_/Programming/GitHub/Timesplitters/project/generated/joyNewBut_0x2038e8.cpp.obj
joyNewBut_0x2038e8.cpp
[ 47%] Building CXX object timesplitters/CMakeFiles/timesplitters.dir/D_/Programming/GitHub/Timesplitters/project/generated/joyNum_0x202ff0.cpp.obj
joyNum_0x202ff0.cpp
[ 47%] Building CXX object timesplitters/CMakeFiles/timesplitters.dir/D_/Programming/GitHub/Timesplitters/project/generated/joyReleaseBut_0x203968.cpp.obj
joyReleaseBut_0x203968.cpp
[ 47%] Building CXX object timesplitters/CMakeFiles/timesplitters.dir/D_/Programming/GitHub/Timesplitters/project/generated/joySetCentreZone_0x203b30.cpp.obj
joySetCentreZone_0x203b30.cpp
[ 47%] Building CXX object timesplitters/CMakeFiles/timesplitters.dir/D_/Programming/GitHub/Timesplitters/project/generated/joySetShock_0x203cc0.cpp.obj
joySetShock_0x203cc0.cpp
[ 47%] Building CXX object timesplitters/CMakeFiles/timesplitters.dir/D_/Programming/GitHub/Timesplitters/project/generated/joyTick_0x2037f8.cpp.obj
joyTick_0x2037f8.cpp
[ 47%] Building CXX object timesplitters/CMakeFiles/timesplitters.dir/D_/Programming/GitHub/Timesplitters/project/generated/joyUpdatePorts_0x203030.cpp.obj
joyUpdatePorts_0x203030.cpp
[ 47%] Building CXX object timesplitters/CMakeFiles/timesplitters.dir/D_/Programming/GitHub/Timesplitters/project/generated/kill_0x2d0828.cpp.obj
kill_0x2d0828.cpp
[ 48%] Building CXX object timesplitters/CMakeFiles/timesplitters.dir/D_/Programming/GitHub/Timesplitters/project/generated/knockoutSetup_0x21d9b8.cpp.obj
knockoutSetup_0x21d9b8.cpp
[ 48%] Building CXX object timesplitters/CMakeFiles/timesplitters.dir/D_/Programming/GitHub/Timesplitters/project/generated/kprintf_0x2d1d38.cpp.obj
kprintf_0x2d1d38.cpp
[ 48%] Building CXX object timesplitters/CMakeFiles/timesplitters.dir/D_/Programming/GitHub/Timesplitters/project/generated/kputchar_0x2d13c8.cpp.obj
kputchar_0x2d13c8.cpp
[ 48%] Building CXX object timesplitters/CMakeFiles/timesplitters.dir/D_/Programming/GitHub/Timesplitters/project/generated/kputs_0x2d48e8.cpp.obj
kputs_0x2d48e8.cpp
[ 48%] Building CXX object timesplitters/CMakeFiles/timesplitters.dir/D_/Programming/GitHub/Timesplitters/project/generated/lanternDamage_0x2799e0.cpp.obj
lanternDamage_0x2799e0.cpp
[ 48%] Building CXX object timesplitters/CMakeFiles/timesplitters.dir/D_/Programming/GitHub/Timesplitters/project/generated/lanternPropTick_0x279f70.cpp.obj
lanternPropTick_0x279f70.cpp
[ 48%] Building CXX object timesplitters/CMakeFiles/timesplitters.dir/D_/Programming/GitHub/Timesplitters/project/generated/laserPropTick_0x27b440.cpp.obj
laserPropTick_0x27b440.cpp
[ 48%] Building CXX object timesplitters/CMakeFiles/timesplitters.dir/D_/Programming/GitHub/Timesplitters/project/generated/levelAvailSTORY_0x224d58.cpp.obj
levelAvailSTORY_0x224d58.cpp
[ 48%] Building CXX object timesplitters/CMakeFiles/timesplitters.dir/D_/Programming/GitHub/Timesplitters/project/generated/levelAvail_0x224dd0.cpp.obj
levelAvail_0x224dd0.cpp
[ 48%] Building CXX object timesplitters/CMakeFiles/timesplitters.dir/D_/Programming/GitHub/Timesplitters/project/generated/lflush_0x2ecf20.cpp.obj
lflush_0x2ecf20.cpp
[ 48%] Building CXX object timesplitters/CMakeFiles/timesplitters.dir/D_/Programming/GitHub/Timesplitters/project/generated/liftPropTick_0x27b698.cpp.obj
liftPropTick_0x27b698.cpp
[ 48%] Building CXX object timesplitters/CMakeFiles/timesplitters.dir/D_/Programming/GitHub/Timesplitters/project/generated/linkDisable_0x264e68.cpp.obj
linkDisable_0x264e68.cpp
[ 48%] Building CXX object timesplitters/CMakeFiles/timesplitters.dir/D_/Programming/GitHub/Timesplitters/project/generated/linkEnable_0x264e48.cpp.obj
linkEnable_0x264e48.cpp
[ 48%] Building CXX object timesplitters/CMakeFiles/timesplitters.dir/D_/Programming/GitHub/Timesplitters/project/generated/litodp_0x2e37b8.cpp.obj
litodp_0x2e37b8.cpp
[ 48%] Building CXX object timesplitters/CMakeFiles/timesplitters.dir/D_/Programming/GitHub/Timesplitters/project/generated/loadAnimation_0x2147e0.cpp.obj
loadAnimation_0x2147e0.cpp
[ 48%] Building CXX object timesplitters/CMakeFiles/timesplitters.dir/D_/Programming/GitHub/Timesplitters/project/generated/loadSkeleton_0x215cb8.cpp.obj
loadSkeleton_0x215cb8.cpp
[ 48%] Building CXX object timesplitters/CMakeFiles/timesplitters.dir/D_/Programming/GitHub/Timesplitters/project/generated/loadingGfx_0x22a190.cpp.obj
loadingGfx_0x22a190.cpp
[ 48%] Building CXX object timesplitters/CMakeFiles/timesplitters.dir/D_/Programming/GitHub/Timesplitters/project/generated/loadingPreload_0x22a0c0.cpp.obj
loadingPreload_0x22a0c0.cpp
[ 48%] Building CXX object timesplitters/CMakeFiles/timesplitters.dir/D_/Programming/GitHub/Timesplitters/project/generated/loadingReset_0x22a0b0.cpp.obj
loadingReset_0x22a0b0.cpp
[ 48%] Building CXX object timesplitters/CMakeFiles/timesplitters.dir/D_/Programming/GitHub/Timesplitters/project/generated/loadingTick_0x22a148.cpp.obj
loadingTick_0x22a148.cpp
[ 48%] Building CXX object timesplitters/CMakeFiles/timesplitters.dir/D_/Programming/GitHub/Timesplitters/project/generated/lobsterPropTick_0x269fc8.cpp.obj
lobsterPropTick_0x269fc8.cpp
[ 48%] Building CXX object timesplitters/CMakeFiles/timesplitters.dir/D_/Programming/GitHub/Timesplitters/project/generated/localeconv_0x2ebba8.cpp.obj
localeconv_0x2ebba8.cpp
[ 48%] Building CXX object timesplitters/CMakeFiles/timesplitters.dir/D_/Programming/GitHub/Timesplitters/project/generated/lockupalarm_0x200f10.cpp.obj
lockupalarm_0x200f10.cpp
[ 48%] Building CXX object timesplitters/CMakeFiles/timesplitters.dir/D_/Programming/GitHub/Timesplitters/project/generated/lookahead_onchange_0x20f4f8.cpp.obj
lookahead_onchange_0x20f4f8.cpp
[ 48%] Building CXX object timesplitters/CMakeFiles/timesplitters.dir/D_/Programming/GitHub/Timesplitters/project/generated/lseek_0x2d0750.cpp.obj
lseek_0x2d0750.cpp
[ 48%] Building CXX object timesplitters/CMakeFiles/timesplitters.dir/D_/Programming/GitHub/Timesplitters/project/generated/lvAllocTileSetSetup_0x226fd0.cpp.obj
lvAllocTileSetSetup_0x226fd0.cpp
[ 48%] Building CXX object timesplitters/CMakeFiles/timesplitters.dir/D_/Programming/GitHub/Timesplitters/project/generated/lvCheckCreateFlagsChallenge_0x228e60.cpp.obj
lvCheckCreateFlagsChallenge_0x228e60.cpp
[ 48%] Building CXX object timesplitters/CMakeFiles/timesplitters.dir/D_/Programming/GitHub/Timesplitters/project/generated/lvCheckCreateFlags_0x228d88.cpp.obj
lvCheckCreateFlags_0x228d88.cpp
[ 48%] Building CXX object timesplitters/CMakeFiles/timesplitters.dir/D_/Programming/GitHub/Timesplitters/project/generated/lvCreateTileSetSetup_0x227158.cpp.obj
lvCreateTileSetSetup_0x227158.cpp
[ 49%] Building CXX object timesplitters/CMakeFiles/timesplitters.dir/D_/Programming/GitHub/Timesplitters/project/generated/lvEnd_0x226110.cpp.obj
lvEnd_0x226110.cpp
[ 49%] Building CXX object timesplitters/CMakeFiles/timesplitters.dir/D_/Programming/GitHub/Timesplitters/project/generated/lvGetARCADESetup_0x2279b8.cpp.obj
lvGetARCADESetup_0x2279b8.cpp
[ 49%] Building CXX object timesplitters/CMakeFiles/timesplitters.dir/D_/Programming/GitHub/Timesplitters/project/generated/lvGetBgCol_0x225bb0.cpp.obj
lvGetBgCol_0x225bb0.cpp
[ 49%] Building CXX object timesplitters/CMakeFiles/timesplitters.dir/D_/Programming/GitHub/Timesplitters/project/generated/lvGetChrTypeNumFromSetup_0x227648.cpp.obj
lvGetChrTypeNumFromSetup_0x227648.cpp
[ 49%] Building CXX object timesplitters/CMakeFiles/timesplitters.dir/D_/Programming/GitHub/Timesplitters/project/generated/lvGetDitherForXLU_0x226df8.cpp.obj
lvGetDitherForXLU_0x226df8.cpp
[ 49%] Building CXX object timesplitters/CMakeFiles/timesplitters.dir/D_/Programming/GitHub/Timesplitters/project/generated/lvGetGlowTexNum_0x225b10.cpp.obj
lvGetGlowTexNum_0x225b10.cpp
[ 49%] Building CXX object timesplitters/CMakeFiles/timesplitters.dir/D_/Programming/GitHub/Timesplitters/project/generated/lvGetGunComboNums_0x227790.cpp.obj
lvGetGunComboNums_0x227790.cpp
[ 49%] Building CXX object timesplitters/CMakeFiles/timesplitters.dir/D_/Programming/GitHub/Timesplitters/project/generated/lvGetLevelChrTypeNums_0x227568.cpp.obj
lvGetLevelChrTypeNums_0x227568.cpp
[ 49%] Building CXX object timesplitters/CMakeFiles/timesplitters.dir/D_/Programming/GitHub/Timesplitters/project/generated/lvGetLevelSetup_0x227b90.cpp.obj
lvGetLevelSetup_0x227b90.cpp
[ 49%] Building CXX object timesplitters/CMakeFiles/timesplitters.dir/D_/Programming/GitHub/Timesplitters/project/generated/lvGetNameFromNum_0x2258b8.cpp.obj
lvGetNameFromNum_0x2258b8.cpp
[ 49%] Building CXX object timesplitters/CMakeFiles/timesplitters.dir/D_/Programming/GitHub/Timesplitters/project/generated/lvGetNumFromName_0x2257e8.cpp.obj
lvGetNumFromName_0x2257e8.cpp
[ 49%] Building CXX object timesplitters/CMakeFiles/timesplitters.dir/D_/Programming/GitHub/Timesplitters/project/generated/lvGetOverseerBackSleepTime_0x2298e0.cpp.obj
lvGetOverseerBackSleepTime_0x2298e0.cpp
[ 49%] Building CXX object timesplitters/CMakeFiles/timesplitters.dir/D_/Programming/GitHub/Timesplitters/project/generated/lvGetOverseerState_0x2298b8.cpp.obj
lvGetOverseerState_0x2298b8.cpp
[ 49%] Building CXX object timesplitters/CMakeFiles/timesplitters.dir/D_/Programming/GitHub/Timesplitters/project/generated/lvGetPadExtrefFromData_0x228be8.cpp.obj
lvGetPadExtrefFromData_0x228be8.cpp
[ 49%] Building CXX object timesplitters/CMakeFiles/timesplitters.dir/D_/Programming/GitHub/Timesplitters/project/generated/lvGetPropNum_0x227c20.cpp.obj
lvGetPropNum_0x227c20.cpp
[ 49%] Building CXX object timesplitters/CMakeFiles/timesplitters.dir/D_/Programming/GitHub/Timesplitters/project/generated/lvGetPseudoRandomPadExtref_0x228590.cpp.obj
lvGetPseudoRandomPadExtref_0x228590.cpp
[ 49%] Building CXX object timesplitters/CMakeFiles/timesplitters.dir/D_/Programming/GitHub/Timesplitters/project/generated/lvGetRandomAiSpawn_0x228390.cpp.obj
lvGetRandomAiSpawn_0x228390.cpp
[ 49%] Building CXX object timesplitters/CMakeFiles/timesplitters.dir/D_/Programming/GitHub/Timesplitters/project/generated/lvGetRandomLastStandNPC_0x227f00.cpp.obj
lvGetRandomLastStandNPC_0x227f00.cpp
[ 49%] Building CXX object timesplitters/CMakeFiles/timesplitters.dir/D_/Programming/GitHub/Timesplitters/project/generated/lvGetRandomPadExtref_0x2283b0.cpp.obj
lvGetRandomPadExtref_0x2283b0.cpp
[ 49%] Building CXX object timesplitters/CMakeFiles/timesplitters.dir/D_/Programming/GitHub/Timesplitters/project/generated/lvGetRandomPad_0x2280b0.cpp.obj
lvGetRandomPad_0x2280b0.cpp
[ 49%] Building CXX object timesplitters/CMakeFiles/timesplitters.dir/D_/Programming/GitHub/Timesplitters/project/generated/lvGetRandomPlayerSpawn_0x228370.cpp.obj
lvGetRandomPlayerSpawn_0x228370.cpp
[ 49%] Building CXX object timesplitters/CMakeFiles/timesplitters.dir/D_/Programming/GitHub/Timesplitters/project/generated/lvGetSTORYSetup_0x227af0.cpp.obj
lvGetSTORYSetup_0x227af0.cpp
[ 49%] Building CXX object timesplitters/CMakeFiles/timesplitters.dir/D_/Programming/GitHub/Timesplitters/project/generated/lvGetSkyPropNum_0x225a70.cpp.obj
lvGetSkyPropNum_0x225a70.cpp
[ 49%] Building CXX object timesplitters/CMakeFiles/timesplitters.dir/D_/Programming/GitHub/Timesplitters/project/generated/lvGetTuneNum_0x225950.cpp.obj
lvGetTuneNum_0x225950.cpp
[ 49%] Building CXX object timesplitters/CMakeFiles/timesplitters.dir/D_/Programming/GitHub/Timesplitters/project/generated/lvGfx_0x2266f8.cpp.obj
lvGfx_0x2266f8.cpp
[ 49%] Building CXX object timesplitters/CMakeFiles/timesplitters.dir/D_/Programming/GitHub/Timesplitters/project/generated/lvInitStoryState_0x229928.cpp.obj
lvInitStoryState_0x229928.cpp
[ 49%] Building CXX object timesplitters/CMakeFiles/timesplitters.dir/D_/Programming/GitHub/Timesplitters/project/generated/lvIsValidGunCombo_0x227960.cpp.obj
lvIsValidGunCombo_0x227960.cpp
[ 49%] Building CXX object timesplitters/CMakeFiles/timesplitters.dir/D_/Programming/GitHub/Timesplitters/project/generated/lvLevelSetPadNumbers_0x228c10.cpp.obj
lvLevelSetPadNumbers_0x228c10.cpp
[ 49%] Building CXX object timesplitters/CMakeFiles/timesplitters.dir/D_/Programming/GitHub/Timesplitters/project/generated/lvLevelSetupPreload_0x228e70.cpp.obj
lvLevelSetupPreload_0x228e70.cpp
[ 49%] Building CXX object timesplitters/CMakeFiles/timesplitters.dir/D_/Programming/GitHub/Timesplitters/project/generated/lvLevelSetup_0x2291e8.cpp.obj
lvLevelSetup_0x2291e8.cpp
[ 50%] Building CXX object timesplitters/CMakeFiles/timesplitters.dir/D_/Programming/GitHub/Timesplitters/project/generated/lvPreload_0x225d98.cpp.obj
lvPreload_0x225d98.cpp
[ 50%] Building CXX object timesplitters/CMakeFiles/timesplitters.dir/D_/Programming/GitHub/Timesplitters/project/generated/lvResetAfter_0x225f68.cpp.obj
lvResetAfter_0x225f68.cpp
[ 50%] Building CXX object timesplitters/CMakeFiles/timesplitters.dir/D_/Programming/GitHub/Timesplitters/project/generated/lvResetBefore_0x225cd8.cpp.obj
lvResetBefore_0x225cd8.cpp
[ 50%] Building CXX object timesplitters/CMakeFiles/timesplitters.dir/D_/Programming/GitHub/Timesplitters/project/generated/lvRestartAfter_0x225e98.cpp.obj
lvRestartAfter_0x225e98.cpp
[ 50%] Building CXX object timesplitters/CMakeFiles/timesplitters.dir/D_/Programming/GitHub/Timesplitters/project/generated/lvRestartBefore_0x225c50.cpp.obj
lvRestartBefore_0x225c50.cpp
[ 50%] Building CXX object timesplitters/CMakeFiles/timesplitters.dir/D_/Programming/GitHub/Timesplitters/project/generated/lvSoundsReset_0x226be0.cpp.obj
lvSoundsReset_0x226be0.cpp
[ 50%] Building CXX object timesplitters/CMakeFiles/timesplitters.dir/D_/Programming/GitHub/Timesplitters/project/generated/lvSoundsRestart_0x226be8.cpp.obj
lvSoundsRestart_0x226be8.cpp
[ 50%] Building CXX object timesplitters/CMakeFiles/timesplitters.dir/D_/Programming/GitHub/Timesplitters/project/generated/lvSoundsTick_0x226df0.cpp.obj
lvSoundsTick_0x226df0.cpp
[ 50%] Building CXX object timesplitters/CMakeFiles/timesplitters.dir/D_/Programming/GitHub/Timesplitters/project/generated/lvTickAfter_0x2263a0.cpp.obj
lvTickAfter_0x2263a0.cpp
[ 50%] Building CXX object timesplitters/CMakeFiles/timesplitters.dir/D_/Programming/GitHub/Timesplitters/project/generated/lvTickBefore_0x2262c8.cpp.obj
lvTickBefore_0x2262c8.cpp
[ 50%] Building CXX object timesplitters/CMakeFiles/timesplitters.dir/D_/Programming/GitHub/Timesplitters/project/generated/lvTickPlayer_0x2265a8.cpp.obj
lvTickPlayer_0x2265a8.cpp
[ 50%] Building CXX object timesplitters/CMakeFiles/timesplitters.dir/D_/Programming/GitHub/Timesplitters/project/generated/lvTileSetLevelPreload_0x226e10.cpp.obj
lvTileSetLevelPreload_0x226e10.cpp
[ 50%] Building CXX object timesplitters/CMakeFiles/timesplitters.dir/D_/Programming/GitHub/Timesplitters/project/generated/main_pageDraw_0x207000.cpp.obj
main_pageDraw_0x207000.cpp
[ 50%] Building CXX object timesplitters/CMakeFiles/timesplitters.dir/D_/Programming/GitHub/Timesplitters/project/generated/main_pageGfx_0x2120b8.cpp.obj
main_pageGfx_0x2120b8.cpp
[ 50%] Building CXX object timesplitters/CMakeFiles/timesplitters.dir/D_/Programming/GitHub/Timesplitters/project/generated/main_pageTick_0x2073c0.cpp.obj
main_pageTick_0x2073c0.cpp
[ 50%] Building CXX object timesplitters/CMakeFiles/timesplitters.dir/D_/Programming/GitHub/Timesplitters/project/generated/main_pageTick_0x2122c0.cpp.obj
main_pageTick_0x2122c0.cpp
[ 50%] Building CXX object timesplitters/CMakeFiles/timesplitters.dir/D_/Programming/GitHub/Timesplitters/project/generated/mainsetup_pageTick_0x210fc8.cpp.obj
mainsetup_pageTick_0x210fc8.cpp
[ 50%] Building CXX object timesplitters/CMakeFiles/timesplitters.dir/D_/Programming/GitHub/Timesplitters/project/generated/makeIconSys_0x2077d8.cpp.obj
makeIconSys_0x2077d8.cpp
[ 50%] Building CXX object timesplitters/CMakeFiles/timesplitters.dir/D_/Programming/GitHub/Timesplitters/project/generated/makeInt_0x2b3920.cpp.obj
makeInt_0x2b3920.cpp
[ 50%] Building CXX object timesplitters/CMakeFiles/timesplitters.dir/D_/Programming/GitHub/Timesplitters/project/generated/makebox_0x22cec0.cpp.obj
makebox_0x22cec0.cpp
[ 50%] Building CXX object timesplitters/CMakeFiles/timesplitters.dir/D_/Programming/GitHub/Timesplitters/project/generated/makecolourdialog_0x251768.cpp.obj
makecolourdialog_0x251768.cpp
[ 50%] Building CXX object timesplitters/CMakeFiles/timesplitters.dir/D_/Programming/GitHub/Timesplitters/project/generated/makedialog_0x251f10.cpp.obj
makedialog_0x251f10.cpp
[ 50%] Building CXX object timesplitters/CMakeFiles/timesplitters.dir/D_/Programming/GitHub/Timesplitters/project/generated/makemtreeTitle_0x2300b8.cpp.obj
makemtreeTitle_0x2300b8.cpp
[ 50%] Building CXX object timesplitters/CMakeFiles/timesplitters.dir/D_/Programming/GitHub/Timesplitters/project/generated/makesignonmenu_0x23e088.cpp.obj
makesignonmenu_0x23e088.cpp
[ 50%] Building CXX object timesplitters/CMakeFiles/timesplitters.dir/D_/Programming/GitHub/Timesplitters/project/generated/mallclockPropTick_0x2793e8.cpp.obj
mallclockPropTick_0x2793e8.cpp
[ 50%] Building CXX object timesplitters/CMakeFiles/timesplitters.dir/D_/Programming/GitHub/Timesplitters/project/generated/mallfan1PropTick_0x2791b0.cpp.obj
mallfan1PropTick_0x2791b0.cpp
[ 50%] Building CXX object timesplitters/CMakeFiles/timesplitters.dir/D_/Programming/GitHub/Timesplitters/project/generated/mallfan2PropTick_0x2791f8.cpp.obj
mallfan2PropTick_0x2791f8.cpp
[ 50%] Building CXX object timesplitters/CMakeFiles/timesplitters.dir/D_/Programming/GitHub/Timesplitters/project/generated/malloc_0x2e4a50.cpp.obj
malloc_0x2e4a50.cpp
[ 50%] Building CXX object timesplitters/CMakeFiles/timesplitters.dir/D_/Programming/GitHub/Timesplitters/project/generated/malloc_extend_top_0x2e4a88.cpp.obj
malloc_extend_top_0x2e4a88.cpp
[ 51%] Building CXX object timesplitters/CMakeFiles/timesplitters.dir/D_/Programming/GitHub/Timesplitters/project/generated/mapfile_pageDraw_0x24d3d0.cpp.obj
mapfile_pageDraw_0x24d3d0.cpp
[ 51%] Building CXX object timesplitters/CMakeFiles/timesplitters.dir/D_/Programming/GitHub/Timesplitters/project/generated/mapfile_pageTick_0x24d6b8.cpp.obj
mapfile_pageTick_0x24d6b8.cpp
[ 51%] Building CXX object timesplitters/CMakeFiles/timesplitters.dir/D_/Programming/GitHub/Timesplitters/project/generated/mapmakerEnd_0x248570.cpp.obj
mapmakerEnd_0x248570.cpp
[ 51%] Building CXX object timesplitters/CMakeFiles/timesplitters.dir/D_/Programming/GitHub/Timesplitters/project/generated/mapmakerGfx_0x24b688.cpp.obj
mapmakerGfx_0x24b688.cpp
[ 51%] Building CXX object timesplitters/CMakeFiles/timesplitters.dir/D_/Programming/GitHub/Timesplitters/project/generated/mapmakerMake_0x2483a8.cpp.obj
mapmakerMake_0x2483a8.cpp
[ 51%] Building CXX object timesplitters/CMakeFiles/timesplitters.dir/D_/Programming/GitHub/Timesplitters/project/generated/mapmakerPreload_0x2483e0.cpp.obj
mapmakerPreload_0x2483e0.cpp
[ 51%] Building CXX object timesplitters/CMakeFiles/timesplitters.dir/D_/Programming/GitHub/Timesplitters/project/generated/mapmakerReset_0x248410.cpp.obj
mapmakerReset_0x248410.cpp
[ 51%] Building CXX object timesplitters/CMakeFiles/timesplitters.dir/D_/Programming/GitHub/Timesplitters/project/generated/mapmakerTick_0x246ae8.cpp.obj
mapmakerTick_0x246ae8.cpp
[ 51%] Building CXX object timesplitters/CMakeFiles/timesplitters.dir/D_/Programming/GitHub/Timesplitters/project/generated/mapmakercolour_pageDraw_0x251888.cpp.obj
mapmakercolour_pageDraw_0x251888.cpp
[ 51%] Building CXX object timesplitters/CMakeFiles/timesplitters.dir/D_/Programming/GitHub/Timesplitters/project/generated/mapmakercolour_pageTick_0x2518a8.cpp.obj
mapmakercolour_pageTick_0x2518a8.cpp
[ 51%] Building CXX object timesplitters/CMakeFiles/timesplitters.dir/D_/Programming/GitHub/Timesplitters/project/generated/mapmakermain_pageDrawAfter_0x252b68.cpp.obj
mapmakermain_pageDrawAfter_0x252b68.cpp
[ 51%] Building CXX object timesplitters/CMakeFiles/timesplitters.dir/D_/Programming/GitHub/Timesplitters/project/generated/mapmakermain_pageDraw_0x2525a0.cpp.obj
mapmakermain_pageDraw_0x2525a0.cpp
[ 51%] Building CXX object timesplitters/CMakeFiles/timesplitters.dir/D_/Programming/GitHub/Timesplitters/project/generated/mapmakermain_pageTick_0x252c50.cpp.obj
mapmakermain_pageTick_0x252c50.cpp
[ 51%] Building CXX object timesplitters/CMakeFiles/timesplitters.dir/D_/Programming/GitHub/Timesplitters/project/generated/mapnameedit_pageDraw_0x24d1f0.cpp.obj
mapnameedit_pageDraw_0x24d1f0.cpp
[ 51%] Building CXX object timesplitters/CMakeFiles/timesplitters.dir/D_/Programming/GitHub/Timesplitters/project/generated/mapnameedit_pageTick_0x24d220.cpp.obj
mapnameedit_pageTick_0x24d220.cpp
[ 51%] Building CXX object timesplitters/CMakeFiles/timesplitters.dir/D_/Programming/GitHub/Timesplitters/project/generated/mapsettings_pageTick_0x24ce08.cpp.obj
mapsettings_pageTick_0x24ce08.cpp
[ 51%] Building CXX object timesplitters/CMakeFiles/timesplitters.dir/D_/Programming/GitHub/Timesplitters/project/generated/matherr_0x2dbf18.cpp.obj
matherr_0x2dbf18.cpp
[ 51%] Building CXX object timesplitters/CMakeFiles/timesplitters.dir/D_/Programming/GitHub/Timesplitters/project/generated/matrix2Euler_0x2b5f10.cpp.obj
matrix2Euler_0x2b5f10.cpp
[ 51%] Building CXX object timesplitters/CMakeFiles/timesplitters.dir/D_/Programming/GitHub/Timesplitters/project/generated/matrixAlign_0x262f80.cpp.obj
matrixAlign_0x262f80.cpp
[ 51%] Building CXX object timesplitters/CMakeFiles/timesplitters.dir/D_/Programming/GitHub/Timesplitters/project/generated/matrixDoScaleX_0x2b4ee8.cpp.obj
matrixDoScaleX_0x2b4ee8.cpp
[ 51%] Building CXX object timesplitters/CMakeFiles/timesplitters.dir/D_/Programming/GitHub/Timesplitters/project/generated/matrixLerp_0x2b5d80.cpp.obj
matrixLerp_0x2b5d80.cpp
[ 51%] Building CXX object timesplitters/CMakeFiles/timesplitters.dir/D_/Programming/GitHub/Timesplitters/project/generated/matrixLookAt_0x2b5208.cpp.obj
matrixLookAt_0x2b5208.cpp
[ 51%] Building CXX object timesplitters/CMakeFiles/timesplitters.dir/D_/Programming/GitHub/Timesplitters/project/generated/matrixLook_0x2b4f78.cpp.obj
matrixLook_0x2b4f78.cpp
[ 51%] Building CXX object timesplitters/CMakeFiles/timesplitters.dir/D_/Programming/GitHub/Timesplitters/project/generated/matrixOrtho_0x2b5368.cpp.obj
matrixOrtho_0x2b5368.cpp
[ 51%] Building CXX object timesplitters/CMakeFiles/timesplitters.dir/D_/Programming/GitHub/Timesplitters/project/generated/matrixPerspective_0x2b5258.cpp.obj
matrixPerspective_0x2b5258.cpp
[ 51%] Building CXX object timesplitters/CMakeFiles/timesplitters.dir/D_/Programming/GitHub/Timesplitters/project/generated/matrixPrintf_0x2b5690.cpp.obj
matrixPrintf_0x2b5690.cpp
[ 51%] Building CXX object timesplitters/CMakeFiles/timesplitters.dir/D_/Programming/GitHub/Timesplitters/project/generated/matrixRotX_0x2b49f8.cpp.obj
matrixRotX_0x2b49f8.cpp
[ 51%] Building CXX object timesplitters/CMakeFiles/timesplitters.dir/D_/Programming/GitHub/Timesplitters/project/generated/matrixRotY_0x2b4a58.cpp.obj
matrixRotY_0x2b4a58.cpp
[ 51%] Building CXX object timesplitters/CMakeFiles/timesplitters.dir/D_/Programming/GitHub/Timesplitters/project/generated/matrixRotZXY_0x2b4b18.cpp.obj
matrixRotZXY_0x2b4b18.cpp
[ 51%] Building CXX object timesplitters/CMakeFiles/timesplitters.dir/D_/Programming/GitHub/Timesplitters/project/generated/matrixRotZ_0x2b4ab8.cpp.obj
matrixRotZ_0x2b4ab8.cpp
[ 52%] Building CXX object timesplitters/CMakeFiles/timesplitters.dir/D_/Programming/GitHub/Timesplitters/project/generated/matrixScaleSet_0x2b4f20.cpp.obj
matrixScaleSet_0x2b4f20.cpp
[ 52%] Building CXX object timesplitters/CMakeFiles/timesplitters.dir/D_/Programming/GitHub/Timesplitters/project/generated/matrixScale_0x2b4ea8.cpp.obj
matrixScale_0x2b4ea8.cpp
[ 52%] Building CXX object timesplitters/CMakeFiles/timesplitters.dir/D_/Programming/GitHub/Timesplitters/project/generated/matrixSetTrans_0x2b4e98.cpp.obj
matrixSetTrans_0x2b4e98.cpp
[ 52%] Building CXX object timesplitters/CMakeFiles/timesplitters.dir/D_/Programming/GitHub/Timesplitters/project/generated/matrixToQuaternionNew_0x2b5970.cpp.obj
matrixToQuaternionNew_0x2b5970.cpp
[ 52%] Building CXX object timesplitters/CMakeFiles/timesplitters.dir/D_/Programming/GitHub/Timesplitters/project/generated/matrixToQuaternion_0x2b56d8.cpp.obj
matrixToQuaternion_0x2b56d8.cpp
[ 52%] Building CXX object timesplitters/CMakeFiles/timesplitters.dir/D_/Programming/GitHub/Timesplitters/project/generated/matrixTransRotY_0x2b4c50.cpp.obj
matrixTransRotY_0x2b4c50.cpp
[ 52%] Building CXX object timesplitters/CMakeFiles/timesplitters.dir/D_/Programming/GitHub/Timesplitters/project/generated/matrixTransRotZXY_0x2b4ce0.cpp.obj
matrixTransRotZXY_0x2b4ce0.cpp
[ 52%] Building CXX object timesplitters/CMakeFiles/timesplitters.dir/D_/Programming/GitHub/Timesplitters/project/generated/matrixTrans_0x2b4e40.cpp.obj
matrixTrans_0x2b4e40.cpp
[ 52%] Building CXX object timesplitters/CMakeFiles/timesplitters.dir/D_/Programming/GitHub/Timesplitters/project/generated/matrixVec3Mul4Aligned_0x2b5570.cpp.obj
matrixVec3Mul4Aligned_0x2b5570.cpp
[ 52%] Building CXX object timesplitters/CMakeFiles/timesplitters.dir/D_/Programming/GitHub/Timesplitters/project/generated/matrixVec3Mul4_0x2b54f8.cpp.obj
matrixVec3Mul4_0x2b54f8.cpp
[ 52%] Building CXX object timesplitters/CMakeFiles/timesplitters.dir/D_/Programming/GitHub/Timesplitters/project/generated/matrixVecMulAligned_0x2b54c8.cpp.obj
matrixVecMulAligned_0x2b54c8.cpp
[ 52%] Building CXX object timesplitters/CMakeFiles/timesplitters.dir/D_/Programming/GitHub/Timesplitters/project/generated/matrixVecMul_0x2b5428.cpp.obj
matrixVecMul_0x2b5428.cpp
[ 52%] Building CXX object timesplitters/CMakeFiles/timesplitters.dir/D_/Programming/GitHub/Timesplitters/project/generated/matrixVecRotAligned_0x2b5638.cpp.obj
matrixVecRotAligned_0x2b5638.cpp
[ 52%] Building CXX object timesplitters/CMakeFiles/timesplitters.dir/D_/Programming/GitHub/Timesplitters/project/generated/matrixVecRot_0x2b55a0.cpp.obj
matrixVecRot_0x2b55a0.cpp
[ 52%] Building CXX object timesplitters/CMakeFiles/timesplitters.dir/D_/Programming/GitHub/Timesplitters/project/generated/matrixVecTrans_0x2b5660.cpp.obj
matrixVecTrans_0x2b5660.cpp
[ 52%] Building CXX object timesplitters/CMakeFiles/timesplitters.dir/D_/Programming/GitHub/Timesplitters/project/generated/matrixroll_0x2b5c28.cpp.obj
matrixroll_0x2b5c28.cpp
[ 52%] Building CXX object timesplitters/CMakeFiles/timesplitters.dir/D_/Programming/GitHub/Timesplitters/project/generated/mcardCheckCards_0x208c18.cpp.obj
mcardCheckCards_0x208c18.cpp
[ 52%] Building CXX object timesplitters/CMakeFiles/timesplitters.dir/D_/Programming/GitHub/Timesplitters/project/generated/mcardCheckDir_0x208d00.cpp.obj
mcardCheckDir_0x208d00.cpp
[ 52%] Building CXX object timesplitters/CMakeFiles/timesplitters.dir/D_/Programming/GitHub/Timesplitters/project/generated/mcardEnd_0x207ac8.cpp.obj
mcardEnd_0x207ac8.cpp
[ 52%] Building CXX object timesplitters/CMakeFiles/timesplitters.dir/D_/Programming/GitHub/Timesplitters/project/generated/mcardFileDelete_0x208e80.cpp.obj
mcardFileDelete_0x208e80.cpp
[ 52%] Building CXX object timesplitters/CMakeFiles/timesplitters.dir/D_/Programming/GitHub/Timesplitters/project/generated/mcardFileExists_0x208d70.cpp.obj
mcardFileExists_0x208d70.cpp
[ 52%] Building CXX object timesplitters/CMakeFiles/timesplitters.dir/D_/Programming/GitHub/Timesplitters/project/generated/mcardFileRead_0x208da0.cpp.obj
mcardFileRead_0x208da0.cpp
[ 52%] Building CXX object timesplitters/CMakeFiles/timesplitters.dir/D_/Programming/GitHub/Timesplitters/project/generated/mcardFileWrite_0x208e08.cpp.obj
mcardFileWrite_0x208e08.cpp
[ 52%] Building CXX object timesplitters/CMakeFiles/timesplitters.dir/D_/Programming/GitHub/Timesplitters/project/generated/mcardFormat_0x208c48.cpp.obj
mcardFormat_0x208c48.cpp
[ 52%] Building CXX object timesplitters/CMakeFiles/timesplitters.dir/D_/Programming/GitHub/Timesplitters/project/generated/mcardGetEntSpace_0x208c58.cpp.obj
mcardGetEntSpace_0x208c58.cpp
[ 52%] Building CXX object timesplitters/CMakeFiles/timesplitters.dir/D_/Programming/GitHub/Timesplitters/project/generated/mcardGetResult_0x208eb0.cpp.obj
mcardGetResult_0x208eb0.cpp
[ 52%] Building CXX object timesplitters/CMakeFiles/timesplitters.dir/D_/Programming/GitHub/Timesplitters/project/generated/mcardIconClusters_0x207a30.cpp.obj
mcardIconClusters_0x207a30.cpp
[ 52%] Building CXX object timesplitters/CMakeFiles/timesplitters.dir/D_/Programming/GitHub/Timesplitters/project/generated/mcardMake_0x207a60.cpp.obj
mcardMake_0x207a60.cpp
[ 52%] Building CXX object timesplitters/CMakeFiles/timesplitters.dir/D_/Programming/GitHub/Timesplitters/project/generated/mcardMkdir_0x208c70.cpp.obj
mcardMkdir_0x208c70.cpp
[ 53%] Building CXX object timesplitters/CMakeFiles/timesplitters.dir/D_/Programming/GitHub/Timesplitters/project/generated/mcardReset_0x207a68.cpp.obj
mcardReset_0x207a68.cpp
[ 53%] Building CXX object timesplitters/CMakeFiles/timesplitters.dir/D_/Programming/GitHub/Timesplitters/project/generated/mcardSelectCard_0x208c38.cpp.obj
mcardSelectCard_0x208c38.cpp
[ 53%] Building CXX object timesplitters/CMakeFiles/timesplitters.dir/D_/Programming/GitHub/Timesplitters/project/generated/mcardTick_0x207ad0.cpp.obj
mcardTick_0x207ad0.cpp
[ 53%] Building CXX object timesplitters/CMakeFiles/timesplitters.dir/D_/Programming/GitHub/Timesplitters/project/generated/mceGetInfoApdx_0x2dcf38.cpp.obj
mceGetInfoApdx_0x2dcf38.cpp
[ 53%] Building CXX object timesplitters/CMakeFiles/timesplitters.dir/D_/Programming/GitHub/Timesplitters/project/generated/mceIntrReadFixAlign_0x2dcba8.cpp.obj
mceIntrReadFixAlign_0x2dcba8.cpp
[ 53%] Building CXX object timesplitters/CMakeFiles/timesplitters.dir/D_/Programming/GitHub/Timesplitters/project/generated/mceStorePwd_0x2dd1c0.cpp.obj
mceStorePwd_0x2dd1c0.cpp
[ 53%] Building CXX object timesplitters/CMakeFiles/timesplitters.dir/D_/Programming/GitHub/Timesplitters/project/generated/mcseqAddOption_0x244cf8.cpp.obj
mcseqAddOption_0x244cf8.cpp
[ 53%] Building CXX object timesplitters/CMakeFiles/timesplitters.dir/D_/Programming/GitHub/Timesplitters/project/generated/mcseqController_0x244cf0.cpp.obj
mcseqController_0x244cf0.cpp
[ 53%] Building CXX object timesplitters/CMakeFiles/timesplitters.dir/D_/Programming/GitHub/Timesplitters/project/generated/mcseqGetCurCard_0x244da0.cpp.obj
mcseqGetCurCard_0x244da0.cpp
[ 53%] Building CXX object timesplitters/CMakeFiles/timesplitters.dir/D_/Programming/GitHub/Timesplitters/project/generated/mcseqGetMsg_0x244ee8.cpp.obj
mcseqGetMsg_0x244ee8.cpp
[ 53%] Building CXX object timesplitters/CMakeFiles/timesplitters.dir/D_/Programming/GitHub/Timesplitters/project/generated/mcseqGetNumCards_0x244de0.cpp.obj
mcseqGetNumCards_0x244de0.cpp
[ 53%] Building CXX object timesplitters/CMakeFiles/timesplitters.dir/D_/Programming/GitHub/Timesplitters/project/generated/mcseqGetRequiredSpace_0x244a80.cpp.obj
mcseqGetRequiredSpace_0x244a80.cpp
[ 53%] Building CXX object timesplitters/CMakeFiles/timesplitters.dir/D_/Programming/GitHub/Timesplitters/project/generated/mcseqGetResult_0x244a88.cpp.obj
mcseqGetResult_0x244a88.cpp
[ 53%] Building CXX object timesplitters/CMakeFiles/timesplitters.dir/D_/Programming/GitHub/Timesplitters/project/generated/mcseqGetState_0x244a90.cpp.obj
mcseqGetState_0x244a90.cpp
[ 53%] Building CXX object timesplitters/CMakeFiles/timesplitters.dir/D_/Programming/GitHub/Timesplitters/project/generated/mcseqLoad_0x244b28.cpp.obj
mcseqLoad_0x244b28.cpp
[ 53%] Building CXX object timesplitters/CMakeFiles/timesplitters.dir/D_/Programming/GitHub/Timesplitters/project/generated/mcseqMake_0x244e18.cpp.obj
mcseqMake_0x244e18.cpp
[ 53%] Building CXX object timesplitters/CMakeFiles/timesplitters.dir/D_/Programming/GitHub/Timesplitters/project/generated/mcseqMessage_0x244e40.cpp.obj
mcseqMessage_0x244e40.cpp
[ 53%] Building CXX object timesplitters/CMakeFiles/timesplitters.dir/D_/Programming/GitHub/Timesplitters/project/generated/mcseqPollCount_0x244d48.cpp.obj
mcseqPollCount_0x244d48.cpp
[ 53%] Building CXX object timesplitters/CMakeFiles/timesplitters.dir/D_/Programming/GitHub/Timesplitters/project/generated/mcseqPollLoop_0x244d18.cpp.obj
mcseqPollLoop_0x244d18.cpp
[ 53%] Building CXX object timesplitters/CMakeFiles/timesplitters.dir/D_/Programming/GitHub/Timesplitters/project/generated/mcseqSave_0x244c08.cpp.obj
mcseqSave_0x244c08.cpp
[ 53%] Building CXX object timesplitters/CMakeFiles/timesplitters.dir/D_/Programming/GitHub/Timesplitters/project/generated/mcseqSetCurCard_0x244da8.cpp.obj
mcseqSetCurCard_0x244da8.cpp
[ 53%] Building CXX object timesplitters/CMakeFiles/timesplitters.dir/D_/Programming/GitHub/Timesplitters/project/generated/mcseqSlotGetLongName_0x243428.cpp.obj
mcseqSlotGetLongName_0x243428.cpp
[ 53%] Building CXX object timesplitters/CMakeFiles/timesplitters.dir/D_/Programming/GitHub/Timesplitters/project/generated/mcseqSlotGetShortName_0x243458.cpp.obj
mcseqSlotGetShortName_0x243458.cpp
[ 53%] Building CXX object timesplitters/CMakeFiles/timesplitters.dir/D_/Programming/GitHub/Timesplitters/project/generated/mcseqSlotMakeName_0x243328.cpp.obj
mcseqSlotMakeName_0x243328.cpp
[ 53%] Building CXX object timesplitters/CMakeFiles/timesplitters.dir/D_/Programming/GitHub/Timesplitters/project/generated/mcseqTick_0x2434a8.cpp.obj
mcseqTick_0x2434a8.cpp
[ 53%] Building CXX object timesplitters/CMakeFiles/timesplitters.dir/D_/Programming/GitHub/Timesplitters/project/generated/mcseqUnvalidateCards_0x244d50.cpp.obj
mcseqUnvalidateCards_0x244d50.cpp
[ 53%] Building CXX object timesplitters/CMakeFiles/timesplitters.dir/D_/Programming/GitHub/Timesplitters/project/generated/mcseqWindowClose_0x244a60.cpp.obj
mcseqWindowClose_0x244a60.cpp
[ 53%] Building CXX object timesplitters/CMakeFiles/timesplitters.dir/D_/Programming/GitHub/Timesplitters/project/generated/mcseqWindowOpen_0x244a38.cpp.obj
mcseqWindowOpen_0x244a38.cpp
[ 53%] Building CXX object timesplitters/CMakeFiles/timesplitters.dir/D_/Programming/GitHub/Timesplitters/project/generated/mcseqWindowSet_0x243f28.cpp.obj
mcseqWindowSet_0x243f28.cpp
[ 53%] Building CXX object timesplitters/CMakeFiles/timesplitters.dir/D_/Programming/GitHub/Timesplitters/project/generated/mcseq_pageDraw_0x243fa0.cpp.obj
mcseq_pageDraw_0x243fa0.cpp
[ 54%] Building CXX object timesplitters/CMakeFiles/timesplitters.dir/D_/Programming/GitHub/Timesplitters/project/generated/mcseq_pageTick_0x244188.cpp.obj
mcseq_pageTick_0x244188.cpp
[ 54%] Building CXX object timesplitters/CMakeFiles/timesplitters.dir/D_/Programming/GitHub/Timesplitters/project/generated/mcunformat_0x208be8.cpp.obj
mcunformat_0x208be8.cpp
[ 54%] Building CXX object timesplitters/CMakeFiles/timesplitters.dir/D_/Programming/GitHub/Timesplitters/project/generated/memAllocAlign64_0x201d38.cpp.obj
memAllocAlign64_0x201d38.cpp
[ 54%] Building CXX object timesplitters/CMakeFiles/timesplitters.dir/D_/Programming/GitHub/Timesplitters/project/generated/memAlloc_0x201c38.cpp.obj
memAlloc_0x201c38.cpp
[ 54%] Building CXX object timesplitters/CMakeFiles/timesplitters.dir/D_/Programming/GitHub/Timesplitters/project/generated/memCheck_0x201ac0.cpp.obj
memCheck_0x201ac0.cpp
[ 54%] Building CXX object timesplitters/CMakeFiles/timesplitters.dir/D_/Programming/GitHub/Timesplitters/project/generated/memEnd_0x201c10.cpp.obj
memEnd_0x201c10.cpp
[ 54%] Building CXX object timesplitters/CMakeFiles/timesplitters.dir/D_/Programming/GitHub/Timesplitters/project/generated/memFree_0x201dd0.cpp.obj
memFree_0x201dd0.cpp
[ 54%] Building CXX object timesplitters/CMakeFiles/timesplitters.dir/D_/Programming/GitHub/Timesplitters/project/generated/memGetFreeEter_0x201e80.cpp.obj
memGetFreeEter_0x201e80.cpp
[ 54%] Building CXX object timesplitters/CMakeFiles/timesplitters.dir/D_/Programming/GitHub/Timesplitters/project/generated/memGetFreeLevel_0x201e70.cpp.obj
memGetFreeLevel_0x201e70.cpp
[ 54%] Building CXX object timesplitters/CMakeFiles/timesplitters.dir/D_/Programming/GitHub/Timesplitters/project/generated/memLocalFree_0x201e50.cpp.obj
memLocalFree_0x201e50.cpp
[ 54%] Building CXX object timesplitters/CMakeFiles/timesplitters.dir/D_/Programming/GitHub/Timesplitters/project/generated/memMake_0x201b38.cpp.obj
memMake_0x201b38.cpp
[ 54%] Building CXX object timesplitters/CMakeFiles/timesplitters.dir/D_/Programming/GitHub/Timesplitters/project/generated/memMark_0x201a60.cpp.obj
memMark_0x201a60.cpp
[ 54%] Building CXX object timesplitters/CMakeFiles/timesplitters.dir/D_/Programming/GitHub/Timesplitters/project/generated/memPrintFree_0x201e90.cpp.obj
memPrintFree_0x201e90.cpp
[ 54%] Building CXX object timesplitters/CMakeFiles/timesplitters.dir/D_/Programming/GitHub/Timesplitters/project/generated/memReset_0x201bb0.cpp.obj
memReset_0x201bb0.cpp
[ 54%] Building CXX object timesplitters/CMakeFiles/timesplitters.dir/D_/Programming/GitHub/Timesplitters/project/generated/memRestart_0x201ba8.cpp.obj
memRestart_0x201ba8.cpp
[ 54%] Building CXX object timesplitters/CMakeFiles/timesplitters.dir/D_/Programming/GitHub/Timesplitters/project/generated/memcardFileAlloc_0x208ec0.cpp.obj
memcardFileAlloc_0x208ec0.cpp
[ 54%] Building CXX object timesplitters/CMakeFiles/timesplitters.dir/D_/Programming/GitHub/Timesplitters/project/generated/memcardFileCheck_0x208f30.cpp.obj
memcardFileCheck_0x208f30.cpp
[ 54%] Building CXX object timesplitters/CMakeFiles/timesplitters.dir/D_/Programming/GitHub/Timesplitters/project/generated/memcardFileMakeCRC_0x208ee8.cpp.obj
memcardFileMakeCRC_0x208ee8.cpp
[ 54%] Building CXX object timesplitters/CMakeFiles/timesplitters.dir/D_/Programming/GitHub/Timesplitters/project/generated/memcardFileSize_0x208eb8.cpp.obj
memcardFileSize_0x208eb8.cpp
[ 54%] Building CXX object timesplitters/CMakeFiles/timesplitters.dir/D_/Programming/GitHub/Timesplitters/project/generated/memchr_0x2ebdbc.cpp.obj
memchr_0x2ebdbc.cpp
[ 54%] Building CXX object timesplitters/CMakeFiles/timesplitters.dir/D_/Programming/GitHub/Timesplitters/project/generated/memclr_0x2cf118.cpp.obj
memclr_0x2cf118.cpp
[ 54%] Building CXX object timesplitters/CMakeFiles/timesplitters.dir/D_/Programming/GitHub/Timesplitters/project/generated/memcpy_0x2e5458.cpp.obj
memcpy_0x2e5458.cpp
[ 54%] Building CXX object timesplitters/CMakeFiles/timesplitters.dir/D_/Programming/GitHub/Timesplitters/project/generated/memdbAlloc_0x201f78.cpp.obj
memdbAlloc_0x201f78.cpp
[ 54%] Building CXX object timesplitters/CMakeFiles/timesplitters.dir/D_/Programming/GitHub/Timesplitters/project/generated/memdbPrintFree_0x201f98.cpp.obj
memdbPrintFree_0x201f98.cpp
[ 54%] Building CXX object timesplitters/CMakeFiles/timesplitters.dir/D_/Programming/GitHub/Timesplitters/project/generated/memdbReset_0x201ef8.cpp.obj
memdbReset_0x201ef8.cpp
[ 54%] Building CXX object timesplitters/CMakeFiles/timesplitters.dir/D_/Programming/GitHub/Timesplitters/project/generated/memdbRestart_0x201e98.cpp.obj
memdbRestart_0x201e98.cpp
[ 54%] Building CXX object timesplitters/CMakeFiles/timesplitters.dir/D_/Programming/GitHub/Timesplitters/project/generated/memdbTick_0x201f50.cpp.obj
memdbTick_0x201f50.cpp
[ 54%] Building CXX object timesplitters/CMakeFiles/timesplitters.dir/D_/Programming/GitHub/Timesplitters/project/generated/memmove_0x2e5508.cpp.obj
memmove_0x2e5508.cpp
[ 54%] Building CXX object timesplitters/CMakeFiles/timesplitters.dir/D_/Programming/GitHub/Timesplitters/project/generated/memset_0x2e560c.cpp.obj
memset_0x2e560c.cpp
[ 55%] Building CXX object timesplitters/CMakeFiles/timesplitters.dir/D_/Programming/GitHub/Timesplitters/project/generated/menuDefMsgWaitFunc_0x20d3d0.cpp.obj
menuDefMsgWaitFunc_0x20d3d0.cpp
[ 55%] Building CXX object timesplitters/CMakeFiles/timesplitters.dir/D_/Programming/GitHub/Timesplitters/project/generated/menuEndMessage_0x20d448.cpp.obj
menuEndMessage_0x20d448.cpp
[ 55%] Building CXX object timesplitters/CMakeFiles/timesplitters.dir/D_/Programming/GitHub/Timesplitters/project/generated/menuEnd_0x20cda0.cpp.obj
menuEnd_0x20cda0.cpp
[ 55%] Building CXX object timesplitters/CMakeFiles/timesplitters.dir/D_/Programming/GitHub/Timesplitters/project/generated/menuGfx_0x20cff8.cpp.obj
menuGfx_0x20cff8.cpp
[ 55%] Building CXX object timesplitters/CMakeFiles/timesplitters.dir/D_/Programming/GitHub/Timesplitters/project/generated/menuStartMessage_0x20d418.cpp.obj
menuStartMessage_0x20d418.cpp
[ 55%] Building CXX object timesplitters/CMakeFiles/timesplitters.dir/D_/Programming/GitHub/Timesplitters/project/generated/menuStart_0x20cce0.cpp.obj
menuStart_0x20cce0.cpp
[ 55%] Building CXX object timesplitters/CMakeFiles/timesplitters.dir/D_/Programming/GitHub/Timesplitters/project/generated/menuTextBoxGfx_0x20d458.cpp.obj
menuTextBoxGfx_0x20d458.cpp
[ 55%] Building CXX object timesplitters/CMakeFiles/timesplitters.dir/D_/Programming/GitHub/Timesplitters/project/generated/menuTick_0x20ce18.cpp.obj
menuTick_0x20ce18.cpp
[ 55%] Building CXX object timesplitters/CMakeFiles/timesplitters.dir/D_/Programming/GitHub/Timesplitters/project/generated/menu_pageDrawAfter_0x24eef8.cpp.obj
menu_pageDrawAfter_0x24eef8.cpp
[ 55%] Building CXX object timesplitters/CMakeFiles/timesplitters.dir/D_/Programming/GitHub/Timesplitters/project/generated/menuitemCalcPos_0x20cb50.cpp.obj
menuitemCalcPos_0x20cb50.cpp
[ 55%] Building CXX object timesplitters/CMakeFiles/timesplitters.dir/D_/Programming/GitHub/Timesplitters/project/generated/menuitemCalcSize_0x20cac0.cpp.obj
menuitemCalcSize_0x20cac0.cpp
[ 55%] Building CXX object timesplitters/CMakeFiles/timesplitters.dir/D_/Programming/GitHub/Timesplitters/project/generated/menuitemGetSelect_0x22dd68.cpp.obj
menuitemGetSelect_0x22dd68.cpp
[ 55%] Building CXX object timesplitters/CMakeFiles/timesplitters.dir/D_/Programming/GitHub/Timesplitters/project/generated/menuitemGfx_0x20cf00.cpp.obj
menuitemGfx_0x20cf00.cpp
[ 55%] Building CXX object timesplitters/CMakeFiles/timesplitters.dir/D_/Programming/GitHub/Timesplitters/project/generated/menuitemHighlight_0x22de68.cpp.obj
menuitemHighlight_0x22de68.cpp
[ 55%] Building CXX object timesplitters/CMakeFiles/timesplitters.dir/D_/Programming/GitHub/Timesplitters/project/generated/menuitemInit_0x20cc28.cpp.obj
menuitemInit_0x20cc28.cpp
[ 55%] Building CXX object timesplitters/CMakeFiles/timesplitters.dir/D_/Programming/GitHub/Timesplitters/project/generated/menuitemSelect_0x22ddf8.cpp.obj
menuitemSelect_0x22ddf8.cpp
[ 55%] Building CXX object timesplitters/CMakeFiles/timesplitters.dir/D_/Programming/GitHub/Timesplitters/project/generated/menuitem_0x22dcd8.cpp.obj
menuitem_0x22dcd8.cpp
[ 55%] Building CXX object timesplitters/CMakeFiles/timesplitters.dir/D_/Programming/GitHub/Timesplitters/project/generated/menuitemmake_0x24bff8.cpp.obj
menuitemmake_0x24bff8.cpp
[ 55%] Building CXX object timesplitters/CMakeFiles/timesplitters.dir/D_/Programming/GitHub/Timesplitters/project/generated/menulistmake_0x24c168.cpp.obj
menulistmake_0x24c168.cpp
[ 55%] Building CXX object timesplitters/CMakeFiles/timesplitters.dir/D_/Programming/GitHub/Timesplitters/project/generated/menumake_0x24c270.cpp.obj
menumake_0x24c270.cpp
[ 55%] Building CXX object timesplitters/CMakeFiles/timesplitters.dir/D_/Programming/GitHub/Timesplitters/project/generated/menusToSettings_0x241580.cpp.obj
menusToSettings_0x241580.cpp
[ 55%] Building CXX object timesplitters/CMakeFiles/timesplitters.dir/D_/Programming/GitHub/Timesplitters/project/generated/menutick_0x2062c0.cpp.obj
menutick_0x2062c0.cpp
[ 55%] Building CXX object timesplitters/CMakeFiles/timesplitters.dir/D_/Programming/GitHub/Timesplitters/project/generated/menutick_0x230238.cpp.obj
menutick_0x230238.cpp
[ 55%] Building CXX object timesplitters/CMakeFiles/timesplitters.dir/D_/Programming/GitHub/Timesplitters/project/generated/menutick_0x24c3a8.cpp.obj
menutick_0x24c3a8.cpp
[ 55%] Building CXX object timesplitters/CMakeFiles/timesplitters.dir/D_/Programming/GitHub/Timesplitters/project/generated/messageGetState_0x2312c0.cpp.obj
messageGetState_0x2312c0.cpp
[ 55%] Building CXX object timesplitters/CMakeFiles/timesplitters.dir/D_/Programming/GitHub/Timesplitters/project/generated/messageGetState_0x24c908.cpp.obj
messageGetState_0x24c908.cpp
[ 55%] Building CXX object timesplitters/CMakeFiles/timesplitters.dir/D_/Programming/GitHub/Timesplitters/project/generated/message_pageDraw_0x206b08.cpp.obj
message_pageDraw_0x206b08.cpp
[ 55%] Building CXX object timesplitters/CMakeFiles/timesplitters.dir/D_/Programming/GitHub/Timesplitters/project/generated/message_pageDraw_0x2312e0.cpp.obj
message_pageDraw_0x2312e0.cpp
[ 55%] Building CXX object timesplitters/CMakeFiles/timesplitters.dir/D_/Programming/GitHub/Timesplitters/project/generated/message_pageDraw_0x24c910.cpp.obj
message_pageDraw_0x24c910.cpp
[ 55%] Building CXX object timesplitters/CMakeFiles/timesplitters.dir/D_/Programming/GitHub/Timesplitters/project/generated/message_pageTick_0x206b90.cpp.obj
message_pageTick_0x206b90.cpp
[ 56%] Building CXX object timesplitters/CMakeFiles/timesplitters.dir/D_/Programming/GitHub/Timesplitters/project/generated/message_pageTick_0x2313b0.cpp.obj
message_pageTick_0x2313b0.cpp
[ 56%] Building CXX object timesplitters/CMakeFiles/timesplitters.dir/D_/Programming/GitHub/Timesplitters/project/generated/message_pageTick_0x24c990.cpp.obj
message_pageTick_0x24c990.cpp
[ 56%] Building CXX object timesplitters/CMakeFiles/timesplitters.dir/D_/Programming/GitHub/Timesplitters/project/generated/metalcrateDamage_0x274bb0.cpp.obj
metalcrateDamage_0x274bb0.cpp
[ 56%] Building CXX object timesplitters/CMakeFiles/timesplitters.dir/D_/Programming/GitHub/Timesplitters/project/generated/mmAllocItem_0x2489e0.cpp.obj
mmAllocItem_0x2489e0.cpp
[ 56%] Building CXX object timesplitters/CMakeFiles/timesplitters.dir/D_/Programming/GitHub/Timesplitters/project/generated/mmAllocObject_0x248650.cpp.obj
mmAllocObject_0x248650.cpp
[ 56%] Building CXX object timesplitters/CMakeFiles/timesplitters.dir/D_/Programming/GitHub/Timesplitters/project/generated/mmAllocTile_0x248f18.cpp.obj
mmAllocTile_0x248f18.cpp
[ 56%] Building CXX object timesplitters/CMakeFiles/timesplitters.dir/D_/Programming/GitHub/Timesplitters/project/generated/mmBackupMap_0x2482e8.cpp.obj
mmBackupMap_0x2482e8.cpp
[ 56%] Building CXX object timesplitters/CMakeFiles/timesplitters.dir/D_/Programming/GitHub/Timesplitters/project/generated/mmCalcFileSize_0x247c38.cpp.obj
mmCalcFileSize_0x247c38.cpp
[ 56%] Building CXX object timesplitters/CMakeFiles/timesplitters.dir/D_/Programming/GitHub/Timesplitters/project/generated/mmCellBits_0x2452e8.cpp.obj
mmCellBits_0x2452e8.cpp
[ 56%] Building CXX object timesplitters/CMakeFiles/timesplitters.dir/D_/Programming/GitHub/Timesplitters/project/generated/mmCenterFlyingObj_0x245ba8.cpp.obj
mmCenterFlyingObj_0x245ba8.cpp
[ 56%] Building CXX object timesplitters/CMakeFiles/timesplitters.dir/D_/Programming/GitHub/Timesplitters/project/generated/mmCenterMap_0x249628.cpp.obj
mmCenterMap_0x249628.cpp
[ 56%] Building CXX object timesplitters/CMakeFiles/timesplitters.dir/D_/Programming/GitHub/Timesplitters/project/generated/mmCheckGameModes_0x247a00.cpp.obj
mmCheckGameModes_0x247a00.cpp
[ 56%] Building CXX object timesplitters/CMakeFiles/timesplitters.dir/D_/Programming/GitHub/Timesplitters/project/generated/mmCheckObject_0x245238.cpp.obj
mmCheckObject_0x245238.cpp
[ 56%] Building CXX object timesplitters/CMakeFiles/timesplitters.dir/D_/Programming/GitHub/Timesplitters/project/generated/mmCheckPlacement_0x245650.cpp.obj
mmCheckPlacement_0x245650.cpp
[ 56%] Building CXX object timesplitters/CMakeFiles/timesplitters.dir/D_/Programming/GitHub/Timesplitters/project/generated/mmClampMouse_0x246920.cpp.obj
mmClampMouse_0x246920.cpp
[ 56%] Building CXX object timesplitters/CMakeFiles/timesplitters.dir/D_/Programming/GitHub/Timesplitters/project/generated/mmClampView_0x246530.cpp.obj
mmClampView_0x246530.cpp
[ 56%] Building CXX object timesplitters/CMakeFiles/timesplitters.dir/D_/Programming/GitHub/Timesplitters/project/generated/mmClearLassoed_0x245b68.cpp.obj
mmClearLassoed_0x245b68.cpp
[ 56%] Building CXX object timesplitters/CMakeFiles/timesplitters.dir/D_/Programming/GitHub/Timesplitters/project/generated/mmClearMap_0x2464f8.cpp.obj
mmClearMap_0x2464f8.cpp
[ 56%] Building CXX object timesplitters/CMakeFiles/timesplitters.dir/D_/Programming/GitHub/Timesplitters/project/generated/mmClearObjects_0x2485b8.cpp.obj
mmClearObjects_0x2485b8.cpp
[ 56%] Building CXX object timesplitters/CMakeFiles/timesplitters.dir/D_/Programming/GitHub/Timesplitters/project/generated/mmClearTiles_0x248ee8.cpp.obj
mmClearTiles_0x248ee8.cpp
[ 56%] Building CXX object timesplitters/CMakeFiles/timesplitters.dir/D_/Programming/GitHub/Timesplitters/project/generated/mmDebugObjects_0x248580.cpp.obj
mmDebugObjects_0x248580.cpp
[ 56%] Building CXX object timesplitters/CMakeFiles/timesplitters.dir/D_/Programming/GitHub/Timesplitters/project/generated/mmDeleteAllMarked_0x245c80.cpp.obj
mmDeleteAllMarked_0x245c80.cpp
[ 56%] Building CXX object timesplitters/CMakeFiles/timesplitters.dir/D_/Programming/GitHub/Timesplitters/project/generated/mmDialogsGetCurLightColRGB_0x24fae0.cpp.obj
mmDialogsGetCurLightColRGB_0x24fae0.cpp
[ 56%] Building CXX object timesplitters/CMakeFiles/timesplitters.dir/D_/Programming/GitHub/Timesplitters/project/generated/mmDialogsMake_0x253498.cpp.obj
mmDialogsMake_0x253498.cpp
[ 56%] Building CXX object timesplitters/CMakeFiles/timesplitters.dir/D_/Programming/GitHub/Timesplitters/project/generated/mmDialogsReset_0x253530.cpp.obj
mmDialogsReset_0x253530.cpp
[ 56%] Building CXX object timesplitters/CMakeFiles/timesplitters.dir/D_/Programming/GitHub/Timesplitters/project/generated/mmDialogsSetCurLightCol_0x24fac0.cpp.obj
mmDialogsSetCurLightCol_0x24fac0.cpp
[ 56%] Building CXX object timesplitters/CMakeFiles/timesplitters.dir/D_/Programming/GitHub/Timesplitters/project/generated/mmDoCopy_0x245cd0.cpp.obj
mmDoCopy_0x245cd0.cpp
[ 56%] Building CXX object timesplitters/CMakeFiles/timesplitters.dir/D_/Programming/GitHub/Timesplitters/project/generated/mmDoPaste_0x246140.cpp.obj
mmDoPaste_0x246140.cpp
[ 56%] Building CXX object timesplitters/CMakeFiles/timesplitters.dir/D_/Programming/GitHub/Timesplitters/project/generated/mmDraw2DView_0x24b1e0.cpp.obj
mmDraw2DView_0x24b1e0.cpp
[ 58%] Building CXX object timesplitters/CMakeFiles/timesplitters.dir/D_/Programming/GitHub/Timesplitters/project/generated/mmDrawCursor_0x24fe68.cpp.obj
mmDrawCursor_0x24fe68.cpp
[ 58%] Building CXX object timesplitters/CMakeFiles/timesplitters.dir/D_/Programming/GitHub/Timesplitters/project/generated/mmDrawGrid_0x24a710.cpp.obj
mmDrawGrid_0x24a710.cpp
[ 58%] Building CXX object timesplitters/CMakeFiles/timesplitters.dir/D_/Programming/GitHub/Timesplitters/project/generated/mmDrawItems_0x249b90.cpp.obj
mmDrawItems_0x249b90.cpp
[ 58%] Building CXX object timesplitters/CMakeFiles/timesplitters.dir/D_/Programming/GitHub/Timesplitters/project/generated/mmDrawLasso_0x24b0c8.cpp.obj
mmDrawLasso_0x24b0c8.cpp
[ 58%] Building CXX object timesplitters/CMakeFiles/timesplitters.dir/D_/Programming/GitHub/Timesplitters/project/generated/mmDrawLevelBox_0x24b240.cpp.obj
mmDrawLevelBox_0x24b240.cpp
[ 58%] Building CXX object timesplitters/CMakeFiles/timesplitters.dir/D_/Programming/GitHub/Timesplitters/project/generated/mmDrawLine_0x249450.cpp.obj
mmDrawLine_0x249450.cpp
[ 58%] Building CXX object timesplitters/CMakeFiles/timesplitters.dir/D_/Programming/GitHub/Timesplitters/project/generated/mmDrawMemFree_0x24b508.cpp.obj
mmDrawMemFree_0x24b508.cpp
[ 58%] Building CXX object timesplitters/CMakeFiles/timesplitters.dir/D_/Programming/GitHub/Timesplitters/project/generated/mmDrawPad_0x24ade8.cpp.obj
mmDrawPad_0x24ade8.cpp
[ 58%] Building CXX object timesplitters/CMakeFiles/timesplitters.dir/D_/Programming/GitHub/Timesplitters/project/generated/mmDrawPopup_0x24b398.cpp.obj
mmDrawPopup_0x24b398.cpp
[ 58%] Building CXX object timesplitters/CMakeFiles/timesplitters.dir/D_/Programming/GitHub/Timesplitters/project/generated/mmDrawRect_0x249340.cpp.obj
mmDrawRect_0x249340.cpp
[ 58%] Building CXX object timesplitters/CMakeFiles/timesplitters.dir/D_/Programming/GitHub/Timesplitters/project/generated/mmDrawRooms_0x24aa08.cpp.obj
mmDrawRooms_0x24aa08.cpp
[ 58%] Building CXX object timesplitters/CMakeFiles/timesplitters.dir/D_/Programming/GitHub/Timesplitters/project/generated/mmDrawTile_0x24a008.cpp.obj
mmDrawTile_0x24a008.cpp
[ 58%] Building CXX object timesplitters/CMakeFiles/timesplitters.dir/D_/Programming/GitHub/Timesplitters/project/generated/mmDrawUsedObject_0x24ac00.cpp.obj
mmDrawUsedObject_0x24ac00.cpp
[ 58%] Building CXX object timesplitters/CMakeFiles/timesplitters.dir/D_/Programming/GitHub/Timesplitters/project/generated/mmDuplicateItems_0x248ab8.cpp.obj
mmDuplicateItems_0x248ab8.cpp
[ 58%] Building CXX object timesplitters/CMakeFiles/timesplitters.dir/D_/Programming/GitHub/Timesplitters/project/generated/mmExitMenu_0x24ba08.cpp.obj
mmExitMenu_0x24ba08.cpp
[ 58%] Building CXX object timesplitters/CMakeFiles/timesplitters.dir/D_/Programming/GitHub/Timesplitters/project/generated/mmFindBoundaries_0x249530.cpp.obj
mmFindBoundaries_0x249530.cpp
[ 58%] Building CXX object timesplitters/CMakeFiles/timesplitters.dir/D_/Programming/GitHub/Timesplitters/project/generated/mmFindLassoed_0x2458a8.cpp.obj
mmFindLassoed_0x2458a8.cpp
[ 58%] Building CXX object timesplitters/CMakeFiles/timesplitters.dir/D_/Programming/GitHub/Timesplitters/project/generated/mmFindPlug_0x249e80.cpp.obj
mmFindPlug_0x249e80.cpp
[ 58%] Building CXX object timesplitters/CMakeFiles/timesplitters.dir/D_/Programming/GitHub/Timesplitters/project/generated/mmFreeItem_0x248a18.cpp.obj
mmFreeItem_0x248a18.cpp
[ 58%] Building CXX object timesplitters/CMakeFiles/timesplitters.dir/D_/Programming/GitHub/Timesplitters/project/generated/mmFreeObject_0x248798.cpp.obj
mmFreeObject_0x248798.cpp
[ 58%] Building CXX object timesplitters/CMakeFiles/timesplitters.dir/D_/Programming/GitHub/Timesplitters/project/generated/mmFreeSingleObject_0x2486a0.cpp.obj
mmFreeSingleObject_0x2486a0.cpp
[ 58%] Building CXX object timesplitters/CMakeFiles/timesplitters.dir/D_/Programming/GitHub/Timesplitters/project/generated/mmGetTuneNum_0x24c870.cpp.obj
mmGetTuneNum_0x24c870.cpp
[ 58%] Building CXX object timesplitters/CMakeFiles/timesplitters.dir/D_/Programming/GitHub/Timesplitters/project/generated/mmInitView_0x2498c8.cpp.obj
mmInitView_0x2498c8.cpp
[ 58%] Building CXX object timesplitters/CMakeFiles/timesplitters.dir/D_/Programming/GitHub/Timesplitters/project/generated/mmItemCount_0x248cd0.cpp.obj
mmItemCount_0x248cd0.cpp
[ 58%] Building CXX object timesplitters/CMakeFiles/timesplitters.dir/D_/Programming/GitHub/Timesplitters/project/generated/mmItemGroupCount_0x248d50.cpp.obj
mmItemGroupCount_0x248d50.cpp
[ 58%] Building CXX object timesplitters/CMakeFiles/timesplitters.dir/D_/Programming/GitHub/Timesplitters/project/generated/mmItemGroupName_0x248d98.cpp.obj
mmItemGroupName_0x248d98.cpp
[ 58%] Building CXX object timesplitters/CMakeFiles/timesplitters.dir/D_/Programming/GitHub/Timesplitters/project/generated/mmItemListCount_0x248c98.cpp.obj
mmItemListCount_0x248c98.cpp
[ 58%] Building CXX object timesplitters/CMakeFiles/timesplitters.dir/D_/Programming/GitHub/Timesplitters/project/generated/mmLoadMapFile_0x248060.cpp.obj
mmLoadMapFile_0x248060.cpp
[ 58%] Building CXX object timesplitters/CMakeFiles/timesplitters.dir/D_/Programming/GitHub/Timesplitters/project/generated/mmLoadTiles_0x249278.cpp.obj
mmLoadTiles_0x249278.cpp
[ 58%] Building CXX object timesplitters/CMakeFiles/timesplitters.dir/D_/Programming/GitHub/Timesplitters/project/generated/mmMakeSeals_0x247858.cpp.obj
mmMakeSeals_0x247858.cpp
[ 59%] Building CXX object timesplitters/CMakeFiles/timesplitters.dir/D_/Programming/GitHub/Timesplitters/project/generated/mmMakeTileRotations_0x248fa0.cpp.obj
mmMakeTileRotations_0x248fa0.cpp
[ 59%] Building CXX object timesplitters/CMakeFiles/timesplitters.dir/D_/Programming/GitHub/Timesplitters/project/generated/mmMapCost_0x248c20.cpp.obj
mmMapCost_0x248c20.cpp
[ 59%] Building CXX object timesplitters/CMakeFiles/timesplitters.dir/D_/Programming/GitHub/Timesplitters/project/generated/mmMapViewHelp_0x2465f8.cpp.obj
mmMapViewHelp_0x2465f8.cpp
[ 59%] Building CXX object timesplitters/CMakeFiles/timesplitters.dir/D_/Programming/GitHub/Timesplitters/project/generated/mmNewItem_0x248b30.cpp.obj
mmNewItem_0x248b30.cpp
[ 59%] Building CXX object timesplitters/CMakeFiles/timesplitters.dir/D_/Programming/GitHub/Timesplitters/project/generated/mmNewTile_0x248910.cpp.obj
mmNewTile_0x248910.cpp
[ 59%] Building CXX object timesplitters/CMakeFiles/timesplitters.dir/D_/Programming/GitHub/Timesplitters/project/generated/mmObjCount_0x248bd8.cpp.obj
mmObjCount_0x248bd8.cpp
[ 59%] Building CXX object timesplitters/CMakeFiles/timesplitters.dir/D_/Programming/GitHub/Timesplitters/project/generated/mmObjectUnderCursor_0x2454d8.cpp.obj
mmObjectUnderCursor_0x2454d8.cpp
[ 59%] Building CXX object timesplitters/CMakeFiles/timesplitters.dir/D_/Programming/GitHub/Timesplitters/project/generated/mmPanWindow_0x249b58.cpp.obj
mmPanWindow_0x249b58.cpp
[ 59%] Building CXX object timesplitters/CMakeFiles/timesplitters.dir/D_/Programming/GitHub/Timesplitters/project/generated/mmPlaceObject_0x2487d0.cpp.obj
mmPlaceObject_0x2487d0.cpp
[ 59%] Building CXX object timesplitters/CMakeFiles/timesplitters.dir/D_/Programming/GitHub/Timesplitters/project/generated/mmPopCursorPos_0x24fde8.cpp.obj
mmPopCursorPos_0x24fde8.cpp
[ 59%] Building CXX object timesplitters/CMakeFiles/timesplitters.dir/D_/Programming/GitHub/Timesplitters/project/generated/mmPushCursorPos_0x24fd58.cpp.obj
mmPushCursorPos_0x24fd58.cpp
[ 59%] Building CXX object timesplitters/CMakeFiles/timesplitters.dir/D_/Programming/GitHub/Timesplitters/project/generated/mmResetCursorPos_0x24fcf0.cpp.obj
mmResetCursorPos_0x24fcf0.cpp
[ 59%] Building CXX object timesplitters/CMakeFiles/timesplitters.dir/D_/Programming/GitHub/Timesplitters/project/generated/mmResetTiles_0x248eb0.cpp.obj
mmResetTiles_0x248eb0.cpp
[ 59%] Building CXX object timesplitters/CMakeFiles/timesplitters.dir/D_/Programming/GitHub/Timesplitters/project/generated/mmSaveMapFile_0x247c78.cpp.obj
mmSaveMapFile_0x247c78.cpp
[ 59%] Building CXX object timesplitters/CMakeFiles/timesplitters.dir/D_/Programming/GitHub/Timesplitters/project/generated/mmSetLightFromRGB_0x246318.cpp.obj
mmSetLightFromRGB_0x246318.cpp
[ 59%] Building CXX object timesplitters/CMakeFiles/timesplitters.dir/D_/Programming/GitHub/Timesplitters/project/generated/mmSetTileLight_0x246308.cpp.obj
mmSetTileLight_0x246308.cpp
[ 59%] Building CXX object timesplitters/CMakeFiles/timesplitters.dir/D_/Programming/GitHub/Timesplitters/project/generated/mmSetTuneNum_0x24c890.cpp.obj
mmSetTuneNum_0x24c890.cpp
[ 59%] Building CXX object timesplitters/CMakeFiles/timesplitters.dir/D_/Programming/GitHub/Timesplitters/project/generated/mmStartMainDialog_0x252fa0.cpp.obj
mmStartMainDialog_0x252fa0.cpp
[ 59%] Building CXX object timesplitters/CMakeFiles/timesplitters.dir/D_/Programming/GitHub/Timesplitters/project/generated/mmStartMainMenu_0x24edc0.cpp.obj
mmStartMainMenu_0x24edc0.cpp
[ 59%] Building CXX object timesplitters/CMakeFiles/timesplitters.dir/D_/Programming/GitHub/Timesplitters/project/generated/mmStartMessage_0x24ca80.cpp.obj
mmStartMessage_0x24ca80.cpp
[ 59%] Building CXX object timesplitters/CMakeFiles/timesplitters.dir/D_/Programming/GitHub/Timesplitters/project/generated/mmStartZoomTileView_0x253360.cpp.obj
mmStartZoomTileView_0x253360.cpp
[ 59%] Building CXX object timesplitters/CMakeFiles/timesplitters.dir/D_/Programming/GitHub/Timesplitters/project/generated/mmUndoMap_0x248370.cpp.obj
mmUndoMap_0x248370.cpp
[ 59%] Building CXX object timesplitters/CMakeFiles/timesplitters.dir/D_/Programming/GitHub/Timesplitters/project/generated/mmUpdateMapCost_0x246980.cpp.obj
mmUpdateMapCost_0x246980.cpp
[ 59%] Building CXX object timesplitters/CMakeFiles/timesplitters.dir/D_/Programming/GitHub/Timesplitters/project/generated/mmWriteChunk_0x247840.cpp.obj
mmWriteChunk_0x247840.cpp
[ 59%] Building CXX object timesplitters/CMakeFiles/timesplitters.dir/D_/Programming/GitHub/Timesplitters/project/generated/mm_makepadinfo_0x250300.cpp.obj
mm_makepadinfo_0x250300.cpp
[ 59%] Building CXX object timesplitters/CMakeFiles/timesplitters.dir/D_/Programming/GitHub/Timesplitters/project/generated/mm_setpadicon_0x250438.cpp.obj
mm_setpadicon_0x250438.cpp
[ 59%] Building CXX object timesplitters/CMakeFiles/timesplitters.dir/D_/Programming/GitHub/Timesplitters/project/generated/mmenterdesc_pageDraw_0x24cc68.cpp.obj
mmenterdesc_pageDraw_0x24cc68.cpp
[ 59%] Building CXX object timesplitters/CMakeFiles/timesplitters.dir/D_/Programming/GitHub/Timesplitters/project/generated/mmenterdesc_pageTick_0x24ccb0.cpp.obj
mmenterdesc_pageTick_0x24ccb0.cpp
[ 59%] Building CXX object timesplitters/CMakeFiles/timesplitters.dir/D_/Programming/GitHub/Timesplitters/project/generated/mmfileDirBuiltinMaps_0x253568.cpp.obj
mmfileDirBuiltinMaps_0x253568.cpp
[ 60%] Building CXX object timesplitters/CMakeFiles/timesplitters.dir/D_/Programming/GitHub/Timesplitters/project/generated/mmfileDirLoaded_0x2539c8.cpp.obj
mmfileDirLoaded_0x2539c8.cpp
[ 60%] Building CXX object timesplitters/CMakeFiles/timesplitters.dir/D_/Programming/GitHub/Timesplitters/project/generated/mmfileDirReset_0x253918.cpp.obj
mmfileDirReset_0x253918.cpp
[ 60%] Building CXX object timesplitters/CMakeFiles/timesplitters.dir/D_/Programming/GitHub/Timesplitters/project/generated/mmfileDirSize_0x2538e8.cpp.obj
mmfileDirSize_0x2538e8.cpp
[ 60%] Building CXX object timesplitters/CMakeFiles/timesplitters.dir/D_/Programming/GitHub/Timesplitters/project/generated/mmfileEntryDelete_0x253b20.cpp.obj
mmfileEntryDelete_0x253b20.cpp
[ 60%] Building CXX object timesplitters/CMakeFiles/timesplitters.dir/D_/Programming/GitHub/Timesplitters/project/generated/mmfileEntryNew_0x253a98.cpp.obj
mmfileEntryNew_0x253a98.cpp
[ 60%] Building CXX object timesplitters/CMakeFiles/timesplitters.dir/D_/Programming/GitHub/Timesplitters/project/generated/mmfileGetFreeBlock_0x253a08.cpp.obj
mmfileGetFreeBlock_0x253a08.cpp
[ 60%] Building CXX object timesplitters/CMakeFiles/timesplitters.dir/D_/Programming/GitHub/Timesplitters/project/generated/mmfileGetInfo_0x253710.cpp.obj
mmfileGetInfo_0x253710.cpp
[ 60%] Building CXX object timesplitters/CMakeFiles/timesplitters.dir/D_/Programming/GitHub/Timesplitters/project/generated/mmfileGetItemCount_0x2537b0.cpp.obj
mmfileGetItemCount_0x2537b0.cpp
[ 60%] Building CXX object timesplitters/CMakeFiles/timesplitters.dir/D_/Programming/GitHub/Timesplitters/project/generated/mmfileLoadBuiltinMap_0x253678.cpp.obj
mmfileLoadBuiltinMap_0x253678.cpp
[ 60%] Building CXX object timesplitters/CMakeFiles/timesplitters.dir/D_/Programming/GitHub/Timesplitters/project/generated/mmfileMaxSize_0x2538f0.cpp.obj
mmfileMaxSize_0x2538f0.cpp
[ 60%] Building CXX object timesplitters/CMakeFiles/timesplitters.dir/D_/Programming/GitHub/Timesplitters/project/generated/mmfileOffset_0x253998.cpp.obj
mmfileOffset_0x253998.cpp
[ 60%] Building CXX object timesplitters/CMakeFiles/timesplitters.dir/D_/Programming/GitHub/Timesplitters/project/generated/mmfilePreloadBuiltinMaps_0x253620.cpp.obj
mmfilePreloadBuiltinMaps_0x253620.cpp
[ 60%] Building CXX object timesplitters/CMakeFiles/timesplitters.dir/D_/Programming/GitHub/Timesplitters/project/generated/mmfileReset_0x253950.cpp.obj
mmfileReset_0x253950.cpp
[ 60%] Building CXX object timesplitters/CMakeFiles/timesplitters.dir/D_/Programming/GitHub/Timesplitters/project/generated/mmmain_pageTick_0x24ef40.cpp.obj
mmmain_pageTick_0x24ef40.cpp
[ 60%] Building CXX object timesplitters/CMakeFiles/timesplitters.dir/D_/Programming/GitHub/Timesplitters/project/generated/moveCylGfx_0x27dff8.cpp.obj
moveCylGfx_0x27dff8.cpp
[ 60%] Building CXX object timesplitters/CMakeFiles/timesplitters.dir/D_/Programming/GitHub/Timesplitters/project/generated/moveFindFloorHeight_0x27c578.cpp.obj
moveFindFloorHeight_0x27c578.cpp
[ 60%] Building CXX object timesplitters/CMakeFiles/timesplitters.dir/D_/Programming/GitHub/Timesplitters/project/generated/moveFindFloorRoom_0x27c798.cpp.obj
moveFindFloorRoom_0x27c798.cpp
[ 60%] Building CXX object timesplitters/CMakeFiles/timesplitters.dir/D_/Programming/GitHub/Timesplitters/project/generated/moveFindFloor_0x27c9f0.cpp.obj
moveFindFloor_0x27c9f0.cpp
[ 60%] Building CXX object timesplitters/CMakeFiles/timesplitters.dir/D_/Programming/GitHub/Timesplitters/project/generated/moveFindRoom_0x27c870.cpp.obj
moveFindRoom_0x27c870.cpp
[ 60%] Building CXX object timesplitters/CMakeFiles/timesplitters.dir/D_/Programming/GitHub/Timesplitters/project/generated/moveTestDoSlide_0x27db10.cpp.obj
moveTestDoSlide_0x27db10.cpp
[ 60%] Building CXX object timesplitters/CMakeFiles/timesplitters.dir/D_/Programming/GitHub/Timesplitters/project/generated/moveTest_0x27d0c0.cpp.obj
moveTest_0x27d0c0.cpp
[ 60%] Building CXX object timesplitters/CMakeFiles/timesplitters.dir/D_/Programming/GitHub/Timesplitters/project/generated/musicClose_0x205aa0.cpp.obj
musicClose_0x205aa0.cpp
[ 60%] Building CXX object timesplitters/CMakeFiles/timesplitters.dir/D_/Programming/GitHub/Timesplitters/project/generated/musicDefinitelyStopped_0x205b68.cpp.obj
musicDefinitelyStopped_0x205b68.cpp
[ 60%] Building CXX object timesplitters/CMakeFiles/timesplitters.dir/D_/Programming/GitHub/Timesplitters/project/generated/musicEnd_0x205cf0.cpp.obj
musicEnd_0x205cf0.cpp
[ 60%] Building CXX object timesplitters/CMakeFiles/timesplitters.dir/D_/Programming/GitHub/Timesplitters/project/generated/musicGetState_0x205ad0.cpp.obj
musicGetState_0x205ad0.cpp
[ 60%] Building CXX object timesplitters/CMakeFiles/timesplitters.dir/D_/Programming/GitHub/Timesplitters/project/generated/musicMake_0x205c38.cpp.obj
musicMake_0x205c38.cpp
[ 60%] Building CXX object timesplitters/CMakeFiles/timesplitters.dir/D_/Programming/GitHub/Timesplitters/project/generated/musicOpen_0x205a50.cpp.obj
musicOpen_0x205a50.cpp
[ 60%] Building CXX object timesplitters/CMakeFiles/timesplitters.dir/D_/Programming/GitHub/Timesplitters/project/generated/musicPrintState_0x205b60.cpp.obj
musicPrintState_0x205b60.cpp
[ 60%] Building CXX object timesplitters/CMakeFiles/timesplitters.dir/D_/Programming/GitHub/Timesplitters/project/generated/musicReset_0x205ce8.cpp.obj
musicReset_0x205ce8.cpp
[ 60%] Building CXX object timesplitters/CMakeFiles/timesplitters.dir/D_/Programming/GitHub/Timesplitters/project/generated/musicRestart_0x205c78.cpp.obj
musicRestart_0x205c78.cpp
[ 61%] Building CXX object timesplitters/CMakeFiles/timesplitters.dir/D_/Programming/GitHub/Timesplitters/project/generated/musicSetFrontEndVolume_0x205bf8.cpp.obj
musicSetFrontEndVolume_0x205bf8.cpp
[ 61%] Building CXX object timesplitters/CMakeFiles/timesplitters.dir/D_/Programming/GitHub/Timesplitters/project/generated/musicSetVol_0x205bd8.cpp.obj
musicSetVol_0x205bd8.cpp
[ 61%] Building CXX object timesplitters/CMakeFiles/timesplitters.dir/D_/Programming/GitHub/Timesplitters/project/generated/musicStart_0x205ad8.cpp.obj
musicStart_0x205ad8.cpp
[ 61%] Building CXX object timesplitters/CMakeFiles/timesplitters.dir/D_/Programming/GitHub/Timesplitters/project/generated/musicStopClose_0x205b90.cpp.obj
musicStopClose_0x205b90.cpp
[ 61%] Building CXX object timesplitters/CMakeFiles/timesplitters.dir/D_/Programming/GitHub/Timesplitters/project/generated/musicStop_0x205b20.cpp.obj
musicStop_0x205b20.cpp
[ 61%] Building CXX object timesplitters/CMakeFiles/timesplitters.dir/D_/Programming/GitHub/Timesplitters/project/generated/musicTick_0x205d10.cpp.obj
musicTick_0x205d10.cpp
[ 61%] Building CXX object timesplitters/CMakeFiles/timesplitters.dir/D_/Programming/GitHub/Timesplitters/project/generated/musicvolume_onchange_0x231288.cpp.obj
musicvolume_onchange_0x231288.cpp
[ 61%] Building CXX object timesplitters/CMakeFiles/timesplitters.dir/D_/Programming/GitHub/Timesplitters/project/generated/ncmd_prechk_0x2de7e0.cpp.obj
ncmd_prechk_0x2de7e0.cpp
[ 61%] Building CXX object timesplitters/CMakeFiles/timesplitters.dir/D_/Programming/GitHub/Timesplitters/project/generated/new_iob_0x2d3380.cpp.obj
new_iob_0x2d3380.cpp
[ 61%] Building CXX object timesplitters/CMakeFiles/timesplitters.dir/D_/Programming/GitHub/Timesplitters/project/generated/newlink_0x264868.cpp.obj
newlink_0x264868.cpp
[ 61%] Building CXX object timesplitters/CMakeFiles/timesplitters.dir/D_/Programming/GitHub/Timesplitters/project/generated/newrnd2_0x2b6888.cpp.obj
newrnd2_0x2b6888.cpp
[ 61%] Building CXX object timesplitters/CMakeFiles/timesplitters.dir/D_/Programming/GitHub/Timesplitters/project/generated/newrnd_0x2b68d0.cpp.obj
newrnd_0x2b68d0.cpp
[ 61%] Building CXX object timesplitters/CMakeFiles/timesplitters.dir/D_/Programming/GitHub/Timesplitters/project/generated/newrndseed_0x2b68f8.cpp.obj
newrndseed_0x2b68f8.cpp
[ 61%] Building CXX object timesplitters/CMakeFiles/timesplitters.dir/D_/Programming/GitHub/Timesplitters/project/generated/notdone_0x20d808.cpp.obj
notdone_0x20d808.cpp
[ 61%] Building CXX object timesplitters/CMakeFiles/timesplitters.dir/D_/Programming/GitHub/Timesplitters/project/generated/npcThrowGrenade_0x290500.cpp.obj
npcThrowGrenade_0x290500.cpp
[ 61%] Building CXX object timesplitters/CMakeFiles/timesplitters.dir/D_/Programming/GitHub/Timesplitters/project/generated/nplayers_pageGfx_0x23fd68.cpp.obj
nplayers_pageGfx_0x23fd68.cpp
[ 61%] Building CXX object timesplitters/CMakeFiles/timesplitters.dir/D_/Programming/GitHub/Timesplitters/project/generated/nplayers_pageTick_0x23fd70.cpp.obj
nplayers_pageTick_0x23fd70.cpp
[ 61%] Building CXX object timesplitters/CMakeFiles/timesplitters.dir/D_/Programming/GitHub/Timesplitters/project/generated/nullOverridePointers_0x274400.cpp.obj
nullOverridePointers_0x274400.cpp
[ 61%] Building CXX object timesplitters/CMakeFiles/timesplitters.dir/D_/Programming/GitHub/Timesplitters/project/generated/numAllowedTeams_0x2353b0.cpp.obj
numAllowedTeams_0x2353b0.cpp
[ 61%] Building CXX object timesplitters/CMakeFiles/timesplitters.dir/D_/Programming/GitHub/Timesplitters/project/generated/obBindSkeleton_0x260940.cpp.obj
obBindSkeleton_0x260940.cpp
[ 61%] Building CXX object timesplitters/CMakeFiles/timesplitters.dir/D_/Programming/GitHub/Timesplitters/project/generated/obCalcBounds_0x25e8c0.cpp.obj
obCalcBounds_0x25e8c0.cpp
[ 61%] Building CXX object timesplitters/CMakeFiles/timesplitters.dir/D_/Programming/GitHub/Timesplitters/project/generated/obCalcChunkBounds_0x25e4d8.cpp.obj
obCalcChunkBounds_0x25e4d8.cpp
[ 61%] Building CXX object timesplitters/CMakeFiles/timesplitters.dir/D_/Programming/GitHub/Timesplitters/project/generated/obCalcPartBounds_0x25e640.cpp.obj
obCalcPartBounds_0x25e640.cpp
[ 61%] Building CXX object timesplitters/CMakeFiles/timesplitters.dir/D_/Programming/GitHub/Timesplitters/project/generated/obColour_0x2606a0.cpp.obj
obColour_0x2606a0.cpp
[ 61%] Building CXX object timesplitters/CMakeFiles/timesplitters.dir/D_/Programming/GitHub/Timesplitters/project/generated/obConfirmLastHitInst_0x2636f0.cpp.obj
obConfirmLastHitInst_0x2636f0.cpp
[ 61%] Building CXX object timesplitters/CMakeFiles/timesplitters.dir/D_/Programming/GitHub/Timesplitters/project/generated/obFreeTextures_0x25edb8.cpp.obj
obFreeTextures_0x25edb8.cpp
[ 61%] Building CXX object timesplitters/CMakeFiles/timesplitters.dir/D_/Programming/GitHub/Timesplitters/project/generated/obGetLastHitInst_0x263730.cpp.obj
obGetLastHitInst_0x263730.cpp
[ 61%] Building CXX object timesplitters/CMakeFiles/timesplitters.dir/D_/Programming/GitHub/Timesplitters/project/generated/obInstDelete_0x260a58.cpp.obj
obInstDelete_0x260a58.cpp
[ 61%] Building CXX object timesplitters/CMakeFiles/timesplitters.dir/D_/Programming/GitHub/Timesplitters/project/generated/obInstGfx_0x262a60.cpp.obj
obInstGfx_0x262a60.cpp
[ 62%] Building CXX object timesplitters/CMakeFiles/timesplitters.dir/D_/Programming/GitHub/Timesplitters/project/generated/obInstLightUpdate_0x25c160.cpp.obj
obInstLightUpdate_0x25c160.cpp
[ 62%] Building CXX object timesplitters/CMakeFiles/timesplitters.dir/D_/Programming/GitHub/Timesplitters/project/generated/obInstLight_0x2a7ab0.cpp.obj
obInstLight_0x2a7ab0.cpp
[ 62%] Building CXX object timesplitters/CMakeFiles/timesplitters.dir/D_/Programming/GitHub/Timesplitters/project/generated/obInstLineTest_0x263768.cpp.obj
obInstLineTest_0x263768.cpp
[ 62%] Building CXX object timesplitters/CMakeFiles/timesplitters.dir/D_/Programming/GitHub/Timesplitters/project/generated/obInstNew_0x2606f0.cpp.obj
obInstNew_0x2606f0.cpp
[ 62%] Building CXX object timesplitters/CMakeFiles/timesplitters.dir/D_/Programming/GitHub/Timesplitters/project/generated/obInstResetOverride_0x260918.cpp.obj
obInstResetOverride_0x260918.cpp
[ 62%] Building CXX object timesplitters/CMakeFiles/timesplitters.dir/D_/Programming/GitHub/Timesplitters/project/generated/obInstSetAnim_0x260a78.cpp.obj
obInstSetAnim_0x260a78.cpp
[ 62%] Building CXX object timesplitters/CMakeFiles/timesplitters.dir/D_/Programming/GitHub/Timesplitters/project/generated/obInstSetOverrideCol_0x264008.cpp.obj
obInstSetOverrideCol_0x264008.cpp
[ 62%] Building CXX object timesplitters/CMakeFiles/timesplitters.dir/D_/Programming/GitHub/Timesplitters/project/generated/obInstSetOverrideStates_0x263ff0.cpp.obj
obInstSetOverrideStates_0x263ff0.cpp
[ 62%] Building CXX object timesplitters/CMakeFiles/timesplitters.dir/D_/Programming/GitHub/Timesplitters/project/generated/obLoadSetClip_0x25eb28.cpp.obj
obLoadSetClip_0x25eb28.cpp
[ 62%] Building CXX object timesplitters/CMakeFiles/timesplitters.dir/D_/Programming/GitHub/Timesplitters/project/generated/obLoadTextures_0x25ebe0.cpp.obj
obLoadTextures_0x25ebe0.cpp
[ 62%] Building CXX object timesplitters/CMakeFiles/timesplitters.dir/D_/Programming/GitHub/Timesplitters/project/generated/obLoad_0x25ee00.cpp.obj
obLoad_0x25ee00.cpp
[ 62%] Building CXX object timesplitters/CMakeFiles/timesplitters.dir/D_/Programming/GitHub/Timesplitters/project/generated/obMergeChunkPolys_0x25dec0.cpp.obj
obMergeChunkPolys_0x25dec0.cpp
[ 62%] Building CXX object timesplitters/CMakeFiles/timesplitters.dir/D_/Programming/GitHub/Timesplitters/project/generated/obMergePolys_0x25d210.cpp.obj
obMergePolys_0x25d210.cpp
[ 62%] Building CXX object timesplitters/CMakeFiles/timesplitters.dir/D_/Programming/GitHub/Timesplitters/project/generated/obPrecalcDbufGfxData_0x25fc90.cpp.obj
obPrecalcDbufGfxData_0x25fc90.cpp
[ 62%] Building CXX object timesplitters/CMakeFiles/timesplitters.dir/D_/Programming/GitHub/Timesplitters/project/generated/obPrecalcGfxData_0x25fb88.cpp.obj
obPrecalcGfxData_0x25fb88.cpp
[ 62%] Building CXX object timesplitters/CMakeFiles/timesplitters.dir/D_/Programming/GitHub/Timesplitters/project/generated/obPreloadTextures_0x25ea78.cpp.obj
obPreloadTextures_0x25ea78.cpp
[ 62%] Building CXX object timesplitters/CMakeFiles/timesplitters.dir/D_/Programming/GitHub/Timesplitters/project/generated/obRelocate_0x25e930.cpp.obj
obRelocate_0x25e930.cpp
[ 62%] Building CXX object timesplitters/CMakeFiles/timesplitters.dir/D_/Programming/GitHub/Timesplitters/project/generated/obResetTextures_0x25eb98.cpp.obj
obResetTextures_0x25eb98.cpp
[ 62%] Building CXX object timesplitters/CMakeFiles/timesplitters.dir/D_/Programming/GitHub/Timesplitters/project/generated/obReset_0x25d198.cpp.obj
obReset_0x25d198.cpp
[ 62%] Building CXX object timesplitters/CMakeFiles/timesplitters.dir/D_/Programming/GitHub/Timesplitters/project/generated/obRestart_0x25d188.cpp.obj
obRestart_0x25d188.cpp
[ 62%] Building CXX object timesplitters/CMakeFiles/timesplitters.dir/D_/Programming/GitHub/Timesplitters/project/generated/obSetLastHitInst_0x263718.cpp.obj
obSetLastHitInst_0x263718.cpp
[ 62%] Building CXX object timesplitters/CMakeFiles/timesplitters.dir/D_/Programming/GitHub/Timesplitters/project/generated/obSetTexList_0x260220.cpp.obj
obSetTexList_0x260220.cpp
[ 62%] Building CXX object timesplitters/CMakeFiles/timesplitters.dir/D_/Programming/GitHub/Timesplitters/project/generated/obTransform_0x260490.cpp.obj
obTransform_0x260490.cpp
[ 62%] Building CXX object timesplitters/CMakeFiles/timesplitters.dir/D_/Programming/GitHub/Timesplitters/project/generated/obinstCalcAmbientLight_0x25aae0.cpp.obj
obinstCalcAmbientLight_0x25aae0.cpp
[ 62%] Building CXX object timesplitters/CMakeFiles/timesplitters.dir/D_/Programming/GitHub/Timesplitters/project/generated/objFindItem_0x248b98.cpp.obj
objFindItem_0x248b98.cpp
[ 62%] Building CXX object timesplitters/CMakeFiles/timesplitters.dir/D_/Programming/GitHub/Timesplitters/project/generated/onlyoneselectableteam_0x235710.cpp.obj
onlyoneselectableteam_0x235710.cpp
[ 62%] Building CXX object timesplitters/CMakeFiles/timesplitters.dir/D_/Programming/GitHub/Timesplitters/project/generated/open_0x2d0718.cpp.obj
open_0x2d0718.cpp
[ 62%] Building CXX object timesplitters/CMakeFiles/timesplitters.dir/D_/Programming/GitHub/Timesplitters/project/generated/outPage_0x20e1e8.cpp.obj
outPage_0x20e1e8.cpp
[ 62%] Building CXX object timesplitters/CMakeFiles/timesplitters.dir/D_/Programming/GitHub/Timesplitters/project/generated/outerwheelsPropTick_0x27aa18.cpp.obj
outerwheelsPropTick_0x27aa18.cpp
[ 62%] Building CXX object timesplitters/CMakeFiles/timesplitters.dir/D_/Programming/GitHub/Timesplitters/project/generated/packfileEnd_0x21a728.cpp.obj
packfileEnd_0x21a728.cpp
[ 63%] Building CXX object timesplitters/CMakeFiles/timesplitters.dir/D_/Programming/GitHub/Timesplitters/project/generated/packfileLoad_0x219f10.cpp.obj
packfileLoad_0x219f10.cpp
[ 63%] Building CXX object timesplitters/CMakeFiles/timesplitters.dir/D_/Programming/GitHub/Timesplitters/project/generated/packfileMake_0x21a688.cpp.obj
packfileMake_0x21a688.cpp
[ 63%] Building CXX object timesplitters/CMakeFiles/timesplitters.dir/D_/Programming/GitHub/Timesplitters/project/generated/packfileReset_0x21a6f8.cpp.obj
packfileReset_0x21a6f8.cpp
[ 63%] Building CXX object timesplitters/CMakeFiles/timesplitters.dir/D_/Programming/GitHub/Timesplitters/project/generated/packfileRestart_0x21a6f0.cpp.obj
packfileRestart_0x21a6f0.cpp
[ 63%] Building CXX object timesplitters/CMakeFiles/timesplitters.dir/D_/Programming/GitHub/Timesplitters/project/generated/packfileSeek_0x21a150.cpp.obj
packfileSeek_0x21a150.cpp
[ 63%] Building CXX object timesplitters/CMakeFiles/timesplitters.dir/D_/Programming/GitHub/Timesplitters/project/generated/padAddTilePads_0x2650e8.cpp.obj
padAddTilePads_0x2650e8.cpp
[ 63%] Building CXX object timesplitters/CMakeFiles/timesplitters.dir/D_/Programming/GitHub/Timesplitters/project/generated/padCheckLinks_0x265828.cpp.obj
padCheckLinks_0x265828.cpp
[ 63%] Building CXX object timesplitters/CMakeFiles/timesplitters.dir/D_/Programming/GitHub/Timesplitters/project/generated/padDisplayPads_0x264df0.cpp.obj
padDisplayPads_0x264df0.cpp
[ 63%] Building CXX object timesplitters/CMakeFiles/timesplitters.dir/D_/Programming/GitHub/Timesplitters/project/generated/padDrawLineGfx_0x2645e0.cpp.obj
padDrawLineGfx_0x2645e0.cpp
[ 63%] Building CXX object timesplitters/CMakeFiles/timesplitters.dir/D_/Programming/GitHub/Timesplitters/project/generated/padEnd_0x2645a0.cpp.obj
padEnd_0x2645a0.cpp
[ 63%] Building CXX object timesplitters/CMakeFiles/timesplitters.dir/D_/Programming/GitHub/Timesplitters/project/generated/padFileInName_0x264058.cpp.obj
padFileInName_0x264058.cpp
[ 63%] Building CXX object timesplitters/CMakeFiles/timesplitters.dir/D_/Programming/GitHub/Timesplitters/project/generated/padFileOutName_0x2640e8.cpp.obj
padFileOutName_0x2640e8.cpp
[ 63%] Building CXX object timesplitters/CMakeFiles/timesplitters.dir/D_/Programming/GitHub/Timesplitters/project/generated/padFlagsToString_0x264c38.cpp.obj
padFlagsToString_0x264c38.cpp
[ 63%] Building CXX object timesplitters/CMakeFiles/timesplitters.dir/D_/Programming/GitHub/Timesplitters/project/generated/padGetLinkNum_0x264978.cpp.obj
padGetLinkNum_0x264978.cpp
[ 63%] Building CXX object timesplitters/CMakeFiles/timesplitters.dir/D_/Programming/GitHub/Timesplitters/project/generated/padGfx_0x264df8.cpp.obj
padGfx_0x264df8.cpp
[ 63%] Building CXX object timesplitters/CMakeFiles/timesplitters.dir/D_/Programming/GitHub/Timesplitters/project/generated/padInfoGfx_0x264d00.cpp.obj
padInfoGfx_0x264d00.cpp
[ 63%] Building CXX object timesplitters/CMakeFiles/timesplitters.dir/D_/Programming/GitHub/Timesplitters/project/generated/padLinkTileSetPads_0x264fd0.cpp.obj
padLinkTileSetPads_0x264fd0.cpp
[ 63%] Building CXX object timesplitters/CMakeFiles/timesplitters.dir/D_/Programming/GitHub/Timesplitters/project/generated/padLoad_0x265558.cpp.obj
padLoad_0x265558.cpp
[ 63%] Building CXX object timesplitters/CMakeFiles/timesplitters.dir/D_/Programming/GitHub/Timesplitters/project/generated/padMake_0x264128.cpp.obj
padMake_0x264128.cpp
[ 63%] Building CXX object timesplitters/CMakeFiles/timesplitters.dir/D_/Programming/GitHub/Timesplitters/project/generated/padNumFromExtref_0x264e00.cpp.obj
padNumFromExtref_0x264e00.cpp
[ 63%] Building CXX object timesplitters/CMakeFiles/timesplitters.dir/D_/Programming/GitHub/Timesplitters/project/generated/padOneLinkGfx_0x2645e8.cpp.obj
padOneLinkGfx_0x2645e8.cpp
[ 63%] Building CXX object timesplitters/CMakeFiles/timesplitters.dir/D_/Programming/GitHub/Timesplitters/project/generated/padOnePadGfx_0x2645d8.cpp.obj
padOnePadGfx_0x2645d8.cpp
[ 63%] Building CXX object timesplitters/CMakeFiles/timesplitters.dir/D_/Programming/GitHub/Timesplitters/project/generated/padOnePadLabelExtrefGfx_0x2645c8.cpp.obj
padOnePadLabelExtrefGfx_0x2645c8.cpp
[ 63%] Building CXX object timesplitters/CMakeFiles/timesplitters.dir/D_/Programming/GitHub/Timesplitters/project/generated/padOnePadLabelGfx_0x2645c0.cpp.obj
padOnePadLabelGfx_0x2645c0.cpp
[ 63%] Building CXX object timesplitters/CMakeFiles/timesplitters.dir/D_/Programming/GitHub/Timesplitters/project/generated/padPadExtrefGfx_0x2645d0.cpp.obj
padPadExtrefGfx_0x2645d0.cpp
[ 63%] Building CXX object timesplitters/CMakeFiles/timesplitters.dir/D_/Programming/GitHub/Timesplitters/project/generated/padPreload_0x264130.cpp.obj
padPreload_0x264130.cpp
[ 63%] Building CXX object timesplitters/CMakeFiles/timesplitters.dir/D_/Programming/GitHub/Timesplitters/project/generated/padReset_0x264248.cpp.obj
padReset_0x264248.cpp
[ 63%] Building CXX object timesplitters/CMakeFiles/timesplitters.dir/D_/Programming/GitHub/Timesplitters/project/generated/padRestart_0x264200.cpp.obj
padRestart_0x264200.cpp
[ 63%] Building CXX object timesplitters/CMakeFiles/timesplitters.dir/D_/Programming/GitHub/Timesplitters/project/generated/padSave_0x2658f0.cpp.obj
padSave_0x2658f0.cpp
[ 64%] Building CXX object timesplitters/CMakeFiles/timesplitters.dir/D_/Programming/GitHub/Timesplitters/project/generated/padSetRoomNums_0x265790.cpp.obj
padSetRoomNums_0x265790.cpp
[ 64%] Building CXX object timesplitters/CMakeFiles/timesplitters.dir/D_/Programming/GitHub/Timesplitters/project/generated/padTogglePadFlag_0x264cd8.cpp.obj
padTogglePadFlag_0x264cd8.cpp
[ 64%] Building CXX object timesplitters/CMakeFiles/timesplitters.dir/D_/Programming/GitHub/Timesplitters/project/generated/padact_pageDraw_0x24f418.cpp.obj
padact_pageDraw_0x24f418.cpp
[ 64%] Building CXX object timesplitters/CMakeFiles/timesplitters.dir/D_/Programming/GitHub/Timesplitters/project/generated/padact_pageTick_0x24f520.cpp.obj
padact_pageTick_0x24f520.cpp
[ 64%] Building CXX object timesplitters/CMakeFiles/timesplitters.dir/D_/Programming/GitHub/Timesplitters/project/generated/padvalid_0x264ac8.cpp.obj
padvalid_0x264ac8.cpp
[ 64%] Building CXX object timesplitters/CMakeFiles/timesplitters.dir/D_/Programming/GitHub/Timesplitters/project/generated/pageIn_0x2301c0.cpp.obj
pageIn_0x2301c0.cpp
[ 64%] Building CXX object timesplitters/CMakeFiles/timesplitters.dir/D_/Programming/GitHub/Timesplitters/project/generated/pageOut_0x230148.cpp.obj
pageOut_0x230148.cpp
[ 64%] Building CXX object timesplitters/CMakeFiles/timesplitters.dir/D_/Programming/GitHub/Timesplitters/project/generated/pageRoot_0x230140.cpp.obj
pageRoot_0x230140.cpp
[ 64%] Building CXX object timesplitters/CMakeFiles/timesplitters.dir/D_/Programming/GitHub/Timesplitters/project/generated/pageSetTitle_0x2301f8.cpp.obj
pageSetTitle_0x2301f8.cpp
[ 64%] Building CXX object timesplitters/CMakeFiles/timesplitters.dir/D_/Programming/GitHub/Timesplitters/project/generated/pageSet_0x230218.cpp.obj
pageSet_0x230218.cpp
[ 64%] Building CXX object timesplitters/CMakeFiles/timesplitters.dir/D_/Programming/GitHub/Timesplitters/project/generated/pagebackgroundGfx_0x230688.cpp.obj
pagebackgroundGfx_0x230688.cpp
[ 64%] Building CXX object timesplitters/CMakeFiles/timesplitters.dir/D_/Programming/GitHub/Timesplitters/project/generated/pagebackgroundGfx_0x24c670.cpp.obj
pagebackgroundGfx_0x24c670.cpp
[ 64%] Building CXX object timesplitters/CMakeFiles/timesplitters.dir/D_/Programming/GitHub/Timesplitters/project/generated/pagedrawbg_0x206578.cpp.obj
pagedrawbg_0x206578.cpp
[ 64%] Building CXX object timesplitters/CMakeFiles/timesplitters.dir/D_/Programming/GitHub/Timesplitters/project/generated/partColour_0x2604e0.cpp.obj
partColour_0x2604e0.cpp
[ 64%] Building CXX object timesplitters/CMakeFiles/timesplitters.dir/D_/Programming/GitHub/Timesplitters/project/generated/partGfx_0x260ae0.cpp.obj
partGfx_0x260ae0.cpp
[ 64%] Building CXX object timesplitters/CMakeFiles/timesplitters.dir/D_/Programming/GitHub/Timesplitters/project/generated/partPrecalcDmaData_0x25f408.cpp.obj
partPrecalcDmaData_0x25f408.cpp
[ 64%] Building CXX object timesplitters/CMakeFiles/timesplitters.dir/D_/Programming/GitHub/Timesplitters/project/generated/partPrecalcVifData_0x25eec0.cpp.obj
partPrecalcVifData_0x25eec0.cpp
[ 64%] Building CXX object timesplitters/CMakeFiles/timesplitters.dir/D_/Programming/GitHub/Timesplitters/project/generated/partRelocate_0x263078.cpp.obj
partRelocate_0x263078.cpp
[ 64%] Building CXX object timesplitters/CMakeFiles/timesplitters.dir/D_/Programming/GitHub/Timesplitters/project/generated/partSetTextureOffset_0x260128.cpp.obj
partSetTextureOffset_0x260128.cpp
[ 64%] Building CXX object timesplitters/CMakeFiles/timesplitters.dir/D_/Programming/GitHub/Timesplitters/project/generated/partTransform_0x260258.cpp.obj
partTransform_0x260258.cpp
[ 64%] Building CXX object timesplitters/CMakeFiles/timesplitters.dir/D_/Programming/GitHub/Timesplitters/project/generated/particleBurstGfx_0x29fe20.cpp.obj
particleBurstGfx_0x29fe20.cpp
[ 64%] Building CXX object timesplitters/CMakeFiles/timesplitters.dir/D_/Programming/GitHub/Timesplitters/project/generated/particleBurstTick_0x29b298.cpp.obj
particleBurstTick_0x29b298.cpp
[ 64%] Building CXX object timesplitters/CMakeFiles/timesplitters.dir/D_/Programming/GitHub/Timesplitters/project/generated/particleEnd_0x296a90.cpp.obj
particleEnd_0x296a90.cpp
[ 64%] Building CXX object timesplitters/CMakeFiles/timesplitters.dir/D_/Programming/GitHub/Timesplitters/project/generated/particleExplosionGfx_0x29d558.cpp.obj
particleExplosionGfx_0x29d558.cpp
[ 64%] Building CXX object timesplitters/CMakeFiles/timesplitters.dir/D_/Programming/GitHub/Timesplitters/project/generated/particleExplosionTick_0x29d530.cpp.obj
particleExplosionTick_0x29d530.cpp
[ 64%] Building CXX object timesplitters/CMakeFiles/timesplitters.dir/D_/Programming/GitHub/Timesplitters/project/generated/particleFree_0x296b08.cpp.obj
particleFree_0x296b08.cpp
[ 64%] Building CXX object timesplitters/CMakeFiles/timesplitters.dir/D_/Programming/GitHub/Timesplitters/project/generated/particleGetClosestExplosion_0x2a1e98.cpp.obj
particleGetClosestExplosion_0x2a1e98.cpp
[ 64%] Building CXX object timesplitters/CMakeFiles/timesplitters.dir/D_/Programming/GitHub/Timesplitters/project/generated/particleGetNum_0x2968a0.cpp.obj
particleGetNum_0x2968a0.cpp
[ 64%] Building CXX object timesplitters/CMakeFiles/timesplitters.dir/D_/Programming/GitHub/Timesplitters/project/generated/particleGetScale_0x296838.cpp.obj
particleGetScale_0x296838.cpp
[ 64%] Building CXX object timesplitters/CMakeFiles/timesplitters.dir/D_/Programming/GitHub/Timesplitters/project/generated/particleGfx_0x2a1908.cpp.obj
particleGfx_0x2a1908.cpp
[ 65%] Building CXX object timesplitters/CMakeFiles/timesplitters.dir/D_/Programming/GitHub/Timesplitters/project/generated/particleGlassGfx_0x2a1290.cpp.obj
particleGlassGfx_0x2a1290.cpp
[ 65%] Building CXX object timesplitters/CMakeFiles/timesplitters.dir/D_/Programming/GitHub/Timesplitters/project/generated/particleGlassTick_0x29b890.cpp.obj
particleGlassTick_0x29b890.cpp
[ 65%] Building CXX object timesplitters/CMakeFiles/timesplitters.dir/D_/Programming/GitHub/Timesplitters/project/generated/particleGroupIsVisible_0x2a18a0.cpp.obj
particleGroupIsVisible_0x2a18a0.cpp
[ 65%] Building CXX object timesplitters/CMakeFiles/timesplitters.dir/D_/Programming/GitHub/Timesplitters/project/generated/particleGunSparkGroupGfx_0x29c810.cpp.obj
particleGunSparkGroupGfx_0x29c810.cpp
[ 65%] Building CXX object timesplitters/CMakeFiles/timesplitters.dir/D_/Programming/GitHub/Timesplitters/project/generated/particleManualGfx_0x2a0728.cpp.obj
particleManualGfx_0x2a0728.cpp
[ 65%] Building CXX object timesplitters/CMakeFiles/timesplitters.dir/D_/Programming/GitHub/Timesplitters/project/generated/particleManualTick_0x29b290.cpp.obj
particleManualTick_0x29b290.cpp
[ 65%] Building CXX object timesplitters/CMakeFiles/timesplitters.dir/D_/Programming/GitHub/Timesplitters/project/generated/particleNewBurst_0x2983e0.cpp.obj
particleNewBurst_0x2983e0.cpp
[ 65%] Building CXX object timesplitters/CMakeFiles/timesplitters.dir/D_/Programming/GitHub/Timesplitters/project/generated/particleNewExplosion_0x2978c0.cpp.obj
particleNewExplosion_0x2978c0.cpp
[ 65%] Building CXX object timesplitters/CMakeFiles/timesplitters.dir/D_/Programming/GitHub/Timesplitters/project/generated/particleNewGlass_0x299970.cpp.obj
particleNewGlass_0x299970.cpp
[ 65%] Building CXX object timesplitters/CMakeFiles/timesplitters.dir/D_/Programming/GitHub/Timesplitters/project/generated/particleNewGunSparks_0x2971e0.cpp.obj
particleNewGunSparks_0x2971e0.cpp
[ 65%] Building CXX object timesplitters/CMakeFiles/timesplitters.dir/D_/Programming/GitHub/Timesplitters/project/generated/particleNewManual_0x298328.cpp.obj
particleNewManual_0x298328.cpp
[ 65%] Building CXX object timesplitters/CMakeFiles/timesplitters.dir/D_/Programming/GitHub/Timesplitters/project/generated/particleNewPulse_0x297fa8.cpp.obj
particleNewPulse_0x297fa8.cpp
[ 65%] Building CXX object timesplitters/CMakeFiles/timesplitters.dir/D_/Programming/GitHub/Timesplitters/project/generated/particleNewRay_0x298100.cpp.obj
particleNewRay_0x298100.cpp
[ 65%] Building CXX object timesplitters/CMakeFiles/timesplitters.dir/D_/Programming/GitHub/Timesplitters/project/generated/particleNewSmoke_0x297e30.cpp.obj
particleNewSmoke_0x297e30.cpp
[ 65%] Building CXX object timesplitters/CMakeFiles/timesplitters.dir/D_/Programming/GitHub/Timesplitters/project/generated/particleNewSparks_0x296ec0.cpp.obj
particleNewSparks_0x296ec0.cpp
[ 65%] Building CXX object timesplitters/CMakeFiles/timesplitters.dir/D_/Programming/GitHub/Timesplitters/project/generated/particleNewSpriteSparks_0x297598.cpp.obj
particleNewSpriteSparks_0x297598.cpp
[ 65%] Building CXX object timesplitters/CMakeFiles/timesplitters.dir/D_/Programming/GitHub/Timesplitters/project/generated/particleNewStream_0x298778.cpp.obj
particleNewStream_0x298778.cpp
[ 65%] Building CXX object timesplitters/CMakeFiles/timesplitters.dir/D_/Programming/GitHub/Timesplitters/project/generated/particleNewTracer_0x2981b0.cpp.obj
particleNewTracer_0x2981b0.cpp
[ 65%] Building CXX object timesplitters/CMakeFiles/timesplitters.dir/D_/Programming/GitHub/Timesplitters/project/generated/particleNewTrail_0x298260.cpp.obj
particleNewTrail_0x298260.cpp
[ 65%] Building CXX object timesplitters/CMakeFiles/timesplitters.dir/D_/Programming/GitHub/Timesplitters/project/generated/particlePreload_0x2968d8.cpp.obj
particlePreload_0x2968d8.cpp
[ 65%] Building CXX object timesplitters/CMakeFiles/timesplitters.dir/D_/Programming/GitHub/Timesplitters/project/generated/particlePulseGfx_0x29e968.cpp.obj
particlePulseGfx_0x29e968.cpp
[ 65%] Building CXX object timesplitters/CMakeFiles/timesplitters.dir/D_/Programming/GitHub/Timesplitters/project/generated/particleRayGfx_0x29efb8.cpp.obj
particleRayGfx_0x29efb8.cpp
[ 65%] Building CXX object timesplitters/CMakeFiles/timesplitters.dir/D_/Programming/GitHub/Timesplitters/project/generated/particleRender_0x2a0f68.cpp.obj
particleRender_0x2a0f68.cpp
[ 65%] Building CXX object timesplitters/CMakeFiles/timesplitters.dir/D_/Programming/GitHub/Timesplitters/project/generated/particleReset_0x296a68.cpp.obj
particleReset_0x296a68.cpp
[ 65%] Building CXX object timesplitters/CMakeFiles/timesplitters.dir/D_/Programming/GitHub/Timesplitters/project/generated/particleRestart_0x296928.cpp.obj
particleRestart_0x296928.cpp
[ 65%] Building CXX object timesplitters/CMakeFiles/timesplitters.dir/D_/Programming/GitHub/Timesplitters/project/generated/particleSetViewmask_0x296e40.cpp.obj
particleSetViewmask_0x296e40.cpp
[ 65%] Building CXX object timesplitters/CMakeFiles/timesplitters.dir/D_/Programming/GitHub/Timesplitters/project/generated/particleSmokeGfx_0x29dc40.cpp.obj
particleSmokeGfx_0x29dc40.cpp
[ 65%] Building CXX object timesplitters/CMakeFiles/timesplitters.dir/D_/Programming/GitHub/Timesplitters/project/generated/particleSparkGroupGfx_0x29c078.cpp.obj
particleSparkGroupGfx_0x29c078.cpp
[ 65%] Building CXX object timesplitters/CMakeFiles/timesplitters.dir/D_/Programming/GitHub/Timesplitters/project/generated/particleSpriteSparkGroupGfx_0x29ce70.cpp.obj
particleSpriteSparkGroupGfx_0x29ce70.cpp
[ 66%] Building CXX object timesplitters/CMakeFiles/timesplitters.dir/D_/Programming/GitHub/Timesplitters/project/generated/particleStreamGfx_0x2a02d0.cpp.obj
particleStreamGfx_0x2a02d0.cpp
[ 66%] Building CXX object timesplitters/CMakeFiles/timesplitters.dir/D_/Programming/GitHub/Timesplitters/project/generated/particleStreamTick_0x29b410.cpp.obj
particleStreamTick_0x29b410.cpp
[ 66%] Building CXX object timesplitters/CMakeFiles/timesplitters.dir/D_/Programming/GitHub/Timesplitters/project/generated/particleTick_0x29bc58.cpp.obj
particleTick_0x29bc58.cpp
[ 66%] Building CXX object timesplitters/CMakeFiles/timesplitters.dir/D_/Programming/GitHub/Timesplitters/project/generated/particleTracerGfx_0x29e2c8.cpp.obj
particleTracerGfx_0x29e2c8.cpp
[ 66%] Building CXX object timesplitters/CMakeFiles/timesplitters.dir/D_/Programming/GitHub/Timesplitters/project/generated/particleTrailGfx_0x29f5e8.cpp.obj
particleTrailGfx_0x29f5e8.cpp
[ 66%] Building CXX object timesplitters/CMakeFiles/timesplitters.dir/D_/Programming/GitHub/Timesplitters/project/generated/particleTrailTick_0x29ae88.cpp.obj
particleTrailTick_0x29ae88.cpp
[ 66%] Building CXX object timesplitters/CMakeFiles/timesplitters.dir/D_/Programming/GitHub/Timesplitters/project/generated/particleUpdateGroundHeight_0x296eb0.cpp.obj
particleUpdateGroundHeight_0x296eb0.cpp
[ 66%] Building CXX object timesplitters/CMakeFiles/timesplitters.dir/D_/Programming/GitHub/Timesplitters/project/generated/particleUpdatePos_0x296e88.cpp.obj
particleUpdatePos_0x296e88.cpp
[ 66%] Building CXX object timesplitters/CMakeFiles/timesplitters.dir/D_/Programming/GitHub/Timesplitters/project/generated/particleUpdateRate_0x296e50.cpp.obj
particleUpdateRate_0x296e50.cpp
[ 66%] Building CXX object timesplitters/CMakeFiles/timesplitters.dir/D_/Programming/GitHub/Timesplitters/project/generated/particledebug_0x296c40.cpp.obj
particledebug_0x296c40.cpp
[ 66%] Building CXX object timesplitters/CMakeFiles/timesplitters.dir/D_/Programming/GitHub/Timesplitters/project/generated/particleprintlist_0x296aa8.cpp.obj
particleprintlist_0x296aa8.cpp
[ 66%] Building CXX object timesplitters/CMakeFiles/timesplitters.dir/D_/Programming/GitHub/Timesplitters/project/generated/particleprintsizes_0x296ad8.cpp.obj
particleprintsizes_0x296ad8.cpp
[ 66%] Building CXX object timesplitters/CMakeFiles/timesplitters.dir/D_/Programming/GitHub/Timesplitters/project/generated/pathPosUpdateAbs_0x2756d0.cpp.obj
pathPosUpdateAbs_0x2756d0.cpp
[ 66%] Building CXX object timesplitters/CMakeFiles/timesplitters.dir/D_/Programming/GitHub/Timesplitters/project/generated/pathPosUpdateRel_0x275b88.cpp.obj
pathPosUpdateRel_0x275b88.cpp
[ 66%] Building CXX object timesplitters/CMakeFiles/timesplitters.dir/D_/Programming/GitHub/Timesplitters/project/generated/pause_0x21a2f0.cpp.obj
pause_0x21a2f0.cpp
[ 66%] Building CXX object timesplitters/CMakeFiles/timesplitters.dir/D_/Programming/GitHub/Timesplitters/project/generated/pause_pageGfx_0x2110c0.cpp.obj
pause_pageGfx_0x2110c0.cpp
[ 66%] Building CXX object timesplitters/CMakeFiles/timesplitters.dir/D_/Programming/GitHub/Timesplitters/project/generated/pause_pageTick_0x2110c8.cpp.obj
pause_pageTick_0x2110c8.cpp
[ 66%] Building CXX object timesplitters/CMakeFiles/timesplitters.dir/D_/Programming/GitHub/Timesplitters/project/generated/pickupGetExtraHeight_0x273038.cpp.obj
pickupGetExtraHeight_0x273038.cpp
[ 66%] Building CXX object timesplitters/CMakeFiles/timesplitters.dir/D_/Programming/GitHub/Timesplitters/project/generated/pickupPropDelete_0x273618.cpp.obj
pickupPropDelete_0x273618.cpp
[ 66%] Building CXX object timesplitters/CMakeFiles/timesplitters.dir/D_/Programming/GitHub/Timesplitters/project/generated/pickupPropTick_0x26a330.cpp.obj
pickupPropTick_0x26a330.cpp
[ 66%] Building CXX object timesplitters/CMakeFiles/timesplitters.dir/D_/Programming/GitHub/Timesplitters/project/generated/pickupposAdd_0x272ac0.cpp.obj
pickupposAdd_0x272ac0.cpp
[ 66%] Building CXX object timesplitters/CMakeFiles/timesplitters.dir/D_/Programming/GitHub/Timesplitters/project/generated/pickupposGfx_0x272cc8.cpp.obj
pickupposGfx_0x272cc8.cpp
[ 66%] Building CXX object timesplitters/CMakeFiles/timesplitters.dir/D_/Programming/GitHub/Timesplitters/project/generated/pickupposPreload_0x272a78.cpp.obj
pickupposPreload_0x272a78.cpp
[ 66%] Building CXX object timesplitters/CMakeFiles/timesplitters.dir/D_/Programming/GitHub/Timesplitters/project/generated/pickupposReset_0x272ab8.cpp.obj
pickupposReset_0x272ab8.cpp
[ 66%] Building CXX object timesplitters/CMakeFiles/timesplitters.dir/D_/Programming/GitHub/Timesplitters/project/generated/pickupposRestart_0x272a88.cpp.obj
pickupposRestart_0x272a88.cpp
[ 66%] Building CXX object timesplitters/CMakeFiles/timesplitters.dir/D_/Programming/GitHub/Timesplitters/project/generated/planetspawn2PropTick_0x27bc00.cpp.obj
planetspawn2PropTick_0x27bc00.cpp
[ 66%] Building CXX object timesplitters/CMakeFiles/timesplitters.dir/D_/Programming/GitHub/Timesplitters/project/generated/planetspawnPropTick_0x27b9e0.cpp.obj
planetspawnPropTick_0x27b9e0.cpp
[ 66%] Building CXX object timesplitters/CMakeFiles/timesplitters.dir/D_/Programming/GitHub/Timesplitters/project/generated/playerAutoAimCalc_0x280780.cpp.obj
playerAutoAimCalc_0x280780.cpp
[ 66%] Building CXX object timesplitters/CMakeFiles/timesplitters.dir/D_/Programming/GitHub/Timesplitters/project/generated/playerAutoAimRestart_0x280770.cpp.obj
playerAutoAimRestart_0x280770.cpp
[ 66%] Building CXX object timesplitters/CMakeFiles/timesplitters.dir/D_/Programming/GitHub/Timesplitters/project/generated/playerAutoAimTick_0x280858.cpp.obj
playerAutoAimTick_0x280858.cpp
[ 67%] Building CXX object timesplitters/CMakeFiles/timesplitters.dir/D_/Programming/GitHub/Timesplitters/project/generated/playerCampingDetection_0x2cd7f8.cpp.obj
playerCampingDetection_0x2cd7f8.cpp
[ 67%] Building CXX object timesplitters/CMakeFiles/timesplitters.dir/D_/Programming/GitHub/Timesplitters/project/generated/playerClearGuns_0x280018.cpp.obj
playerClearGuns_0x280018.cpp
[ 67%] Building CXX object timesplitters/CMakeFiles/timesplitters.dir/D_/Programming/GitHub/Timesplitters/project/generated/playerDeathMessage_0x2803c8.cpp.obj
playerDeathMessage_0x2803c8.cpp
[ 67%] Building CXX object timesplitters/CMakeFiles/timesplitters.dir/D_/Programming/GitHub/Timesplitters/project/generated/playerDeathView_0x280b60.cpp.obj
playerDeathView_0x280b60.cpp
[ 67%] Building CXX object timesplitters/CMakeFiles/timesplitters.dir/D_/Programming/GitHub/Timesplitters/project/generated/playerDie_0x280488.cpp.obj
playerDie_0x280488.cpp
[ 67%] Building CXX object timesplitters/CMakeFiles/timesplitters.dir/D_/Programming/GitHub/Timesplitters/project/generated/playerDirtyPosReset_0x280100.cpp.obj
playerDirtyPosReset_0x280100.cpp
[ 67%] Building CXX object timesplitters/CMakeFiles/timesplitters.dir/D_/Programming/GitHub/Timesplitters/project/generated/playerEnd_0x284e30.cpp.obj
playerEnd_0x284e30.cpp
[ 67%] Building CXX object timesplitters/CMakeFiles/timesplitters.dir/D_/Programming/GitHub/Timesplitters/project/generated/playerFireShots_0x28e360.cpp.obj
playerFireShots_0x28e360.cpp
[ 67%] Building CXX object timesplitters/CMakeFiles/timesplitters.dir/D_/Programming/GitHub/Timesplitters/project/generated/playerFrustrumGfx_0x283e80.cpp.obj
playerFrustrumGfx_0x283e80.cpp
[ 67%] Building CXX object timesplitters/CMakeFiles/timesplitters.dir/D_/Programming/GitHub/Timesplitters/project/generated/playerHitPosGfx_0x283e88.cpp.obj
playerHitPosGfx_0x283e88.cpp
[ 67%] Building CXX object timesplitters/CMakeFiles/timesplitters.dir/D_/Programming/GitHub/Timesplitters/project/generated/playerMessage_0x280690.cpp.obj
playerMessage_0x280690.cpp
[ 67%] Building CXX object timesplitters/CMakeFiles/timesplitters.dir/D_/Programming/GitHub/Timesplitters/project/generated/playerOnGroundDie_0x280588.cpp.obj
playerOnGroundDie_0x280588.cpp
[ 67%] Building CXX object timesplitters/CMakeFiles/timesplitters.dir/D_/Programming/GitHub/Timesplitters/project/generated/playerPreload_0x27f4d8.cpp.obj
playerPreload_0x27f4d8.cpp
[ 67%] Building CXX object timesplitters/CMakeFiles/timesplitters.dir/D_/Programming/GitHub/Timesplitters/project/generated/playerReset_0x27ff80.cpp.obj
playerReset_0x27ff80.cpp
[ 67%] Building CXX object timesplitters/CMakeFiles/timesplitters.dir/D_/Programming/GitHub/Timesplitters/project/generated/playerRespawn_0x280178.cpp.obj
playerRespawn_0x280178.cpp
[ 67%] Building CXX object timesplitters/CMakeFiles/timesplitters.dir/D_/Programming/GitHub/Timesplitters/project/generated/playerRestart_0x27f808.cpp.obj
playerRestart_0x27f808.cpp
[ 67%] Building CXX object timesplitters/CMakeFiles/timesplitters.dir/D_/Programming/GitHub/Timesplitters/project/generated/playerSetControls_0x27f5a8.cpp.obj
playerSetControls_0x27f5a8.cpp
[ 67%] Building CXX object timesplitters/CMakeFiles/timesplitters.dir/D_/Programming/GitHub/Timesplitters/project/generated/playerSetStartGun_0x27f098.cpp.obj
playerSetStartGun_0x27f098.cpp
[ 67%] Building CXX object timesplitters/CMakeFiles/timesplitters.dir/D_/Programming/GitHub/Timesplitters/project/generated/playerSetStartPos_0x27f138.cpp.obj
playerSetStartPos_0x27f138.cpp
[ 67%] Building CXX object timesplitters/CMakeFiles/timesplitters.dir/D_/Programming/GitHub/Timesplitters/project/generated/playerSetWindow_0x27efb0.cpp.obj
playerSetWindow_0x27efb0.cpp
[ 67%] Building CXX object timesplitters/CMakeFiles/timesplitters.dir/D_/Programming/GitHub/Timesplitters/project/generated/playerTick_0x281248.cpp.obj
playerTick_0x281248.cpp
[ 67%] Building CXX object timesplitters/CMakeFiles/timesplitters.dir/D_/Programming/GitHub/Timesplitters/project/generated/playerprefsNew_0x21fbf0.cpp.obj
playerprefsNew_0x21fbf0.cpp
[ 67%] Building CXX object timesplitters/CMakeFiles/timesplitters.dir/D_/Programming/GitHub/Timesplitters/project/generated/playerprintpos_0x27efa8.cpp.obj
playerprintpos_0x27efa8.cpp
[ 67%] Building CXX object timesplitters/CMakeFiles/timesplitters.dir/D_/Programming/GitHub/Timesplitters/project/generated/playerselectanim_0x283f60.cpp.obj
playerselectanim_0x283f60.cpp
[ 67%] Building CXX object timesplitters/CMakeFiles/timesplitters.dir/D_/Programming/GitHub/Timesplitters/project/generated/polePropTick_0x27a4d8.cpp.obj
polePropTick_0x27a4d8.cpp
[ 67%] Building CXX object timesplitters/CMakeFiles/timesplitters.dir/D_/Programming/GitHub/Timesplitters/project/generated/pow_0x2d7628.cpp.obj
pow_0x2d7628.cpp
[ 67%] Building CXX object timesplitters/CMakeFiles/timesplitters.dir/D_/Programming/GitHub/Timesplitters/project/generated/powf_0x2d7e90.cpp.obj
powf_0x2d7e90.cpp
[ 67%] Building CXX object timesplitters/CMakeFiles/timesplitters.dir/D_/Programming/GitHub/Timesplitters/project/generated/prefs_pageGfx_0x20f988.cpp.obj
prefs_pageGfx_0x20f988.cpp
[ 67%] Building CXX object timesplitters/CMakeFiles/timesplitters.dir/D_/Programming/GitHub/Timesplitters/project/generated/prefs_pageTick_0x20f990.cpp.obj
prefs_pageTick_0x20f990.cpp
[ 68%] Building CXX object timesplitters/CMakeFiles/timesplitters.dir/D_/Programming/GitHub/Timesplitters/project/generated/prefs_vars_0x20f8d8.cpp.obj
prefs_vars_0x20f8d8.cpp
[ 68%] Building CXX object timesplitters/CMakeFiles/timesplitters.dir/D_/Programming/GitHub/Timesplitters/project/generated/preloadAddFile_0x21c2d8.cpp.obj
preloadAddFile_0x21c2d8.cpp
[ 68%] Building CXX object timesplitters/CMakeFiles/timesplitters.dir/D_/Programming/GitHub/Timesplitters/project/generated/preloadAddOb_0x21c350.cpp.obj
preloadAddOb_0x21c350.cpp
[ 68%] Building CXX object timesplitters/CMakeFiles/timesplitters.dir/D_/Programming/GitHub/Timesplitters/project/generated/preloadAddTexName_0x21c3e8.cpp.obj
preloadAddTexName_0x21c3e8.cpp
[ 68%] Building CXX object timesplitters/CMakeFiles/timesplitters.dir/D_/Programming/GitHub/Timesplitters/project/generated/preloadAddTexNum_0x21c480.cpp.obj
preloadAddTexNum_0x21c480.cpp
[ 68%] Building CXX object timesplitters/CMakeFiles/timesplitters.dir/D_/Programming/GitHub/Timesplitters/project/generated/preloadExec_0x21c728.cpp.obj
preloadExec_0x21c728.cpp
[ 68%] Building CXX object timesplitters/CMakeFiles/timesplitters.dir/D_/Programming/GitHub/Timesplitters/project/generated/preloadGetFile_0x21c500.cpp.obj
preloadGetFile_0x21c500.cpp
[ 68%] Building CXX object timesplitters/CMakeFiles/timesplitters.dir/D_/Programming/GitHub/Timesplitters/project/generated/preloadGetOb_0x21c598.cpp.obj
preloadGetOb_0x21c598.cpp
[ 68%] Building CXX object timesplitters/CMakeFiles/timesplitters.dir/D_/Programming/GitHub/Timesplitters/project/generated/preloadGetTexName_0x21c630.cpp.obj
preloadGetTexName_0x21c630.cpp
[ 68%] Building CXX object timesplitters/CMakeFiles/timesplitters.dir/D_/Programming/GitHub/Timesplitters/project/generated/preloadGetTexNum_0x21c6c8.cpp.obj
preloadGetTexNum_0x21c6c8.cpp
[ 68%] Building CXX object timesplitters/CMakeFiles/timesplitters.dir/D_/Programming/GitHub/Timesplitters/project/generated/preloadInsert_0x21c240.cpp.obj
preloadInsert_0x21c240.cpp
[ 68%] Building CXX object timesplitters/CMakeFiles/timesplitters.dir/D_/Programming/GitHub/Timesplitters/project/generated/preloadPass2AddTexNum_0x21c8d0.cpp.obj
preloadPass2AddTexNum_0x21c8d0.cpp
[ 68%] Building CXX object timesplitters/CMakeFiles/timesplitters.dir/D_/Programming/GitHub/Timesplitters/project/generated/preloadPass2Exec_0x21c908.cpp.obj
preloadPass2Exec_0x21c908.cpp
[ 68%] Building CXX object timesplitters/CMakeFiles/timesplitters.dir/D_/Programming/GitHub/Timesplitters/project/generated/preloadPass2Insert_0x21c840.cpp.obj
preloadPass2Insert_0x21c840.cpp
[ 68%] Building CXX object timesplitters/CMakeFiles/timesplitters.dir/D_/Programming/GitHub/Timesplitters/project/generated/preloadReset_0x21c1f8.cpp.obj
preloadReset_0x21c1f8.cpp
[ 68%] Building CXX object timesplitters/CMakeFiles/timesplitters.dir/D_/Programming/GitHub/Timesplitters/project/generated/print_0x2d04b0.cpp.obj
print_0x2d04b0.cpp
[ 68%] Building CXX object timesplitters/CMakeFiles/timesplitters.dir/D_/Programming/GitHub/Timesplitters/project/generated/printf_0x2e5720.cpp.obj
printf_0x2e5720.cpp
[ 68%] Building CXX object timesplitters/CMakeFiles/timesplitters.dir/D_/Programming/GitHub/Timesplitters/project/generated/printfloat_0x2d1640.cpp.obj
printfloat_0x2d1640.cpp
[ 68%] Building CXX object timesplitters/CMakeFiles/timesplitters.dir/D_/Programming/GitHub/Timesplitters/project/generated/printpadinfo_0x2645f0.cpp.obj
printpadinfo_0x2645f0.cpp
[ 68%] Building CXX object timesplitters/CMakeFiles/timesplitters.dir/D_/Programming/GitHub/Timesplitters/project/generated/profileEnd_0x2b6288.cpp.obj
profileEnd_0x2b6288.cpp
[ 68%] Building CXX object timesplitters/CMakeFiles/timesplitters.dir/D_/Programming/GitHub/Timesplitters/project/generated/profileFinish_0x2b6300.cpp.obj
profileFinish_0x2b6300.cpp
[ 68%] Building CXX object timesplitters/CMakeFiles/timesplitters.dir/D_/Programming/GitHub/Timesplitters/project/generated/profileGfx_0x2b6280.cpp.obj
profileGfx_0x2b6280.cpp
[ 68%] Building CXX object timesplitters/CMakeFiles/timesplitters.dir/D_/Programming/GitHub/Timesplitters/project/generated/profileMake_0x2b5fe0.cpp.obj
profileMake_0x2b5fe0.cpp
[ 68%] Building CXX object timesplitters/CMakeFiles/timesplitters.dir/D_/Programming/GitHub/Timesplitters/project/generated/profileReset_0x2b6020.cpp.obj
profileReset_0x2b6020.cpp
[ 68%] Building CXX object timesplitters/CMakeFiles/timesplitters.dir/D_/Programming/GitHub/Timesplitters/project/generated/profileRestart_0x2b5fe8.cpp.obj
profileRestart_0x2b5fe8.cpp
[ 68%] Building CXX object timesplitters/CMakeFiles/timesplitters.dir/D_/Programming/GitHub/Timesplitters/project/generated/profileSimpleTimeBar_0x2b6058.cpp.obj
profileSimpleTimeBar_0x2b6058.cpp
[ 68%] Building CXX object timesplitters/CMakeFiles/timesplitters.dir/D_/Programming/GitHub/Timesplitters/project/generated/profileStartTiming_0x2b6290.cpp.obj
profileStartTiming_0x2b6290.cpp
[ 68%] Building CXX object timesplitters/CMakeFiles/timesplitters.dir/D_/Programming/GitHub/Timesplitters/project/generated/profileStart_0x2b62c0.cpp.obj
profileStart_0x2b62c0.cpp
[ 68%] Building CXX object timesplitters/CMakeFiles/timesplitters.dir/D_/Programming/GitHub/Timesplitters/project/generated/profileStopTiming_0x2b6298.cpp.obj
profileStopTiming_0x2b6298.cpp
[ 68%] Building CXX object timesplitters/CMakeFiles/timesplitters.dir/D_/Programming/GitHub/Timesplitters/project/generated/profileTick_0x2b6028.cpp.obj
profileTick_0x2b6028.cpp
[ 69%] Building CXX object timesplitters/CMakeFiles/timesplitters.dir/D_/Programming/GitHub/Timesplitters/project/generated/profileTimeBar_0x2b6460.cpp.obj
profileTimeBar_0x2b6460.cpp
[ 69%] Building CXX object timesplitters/CMakeFiles/timesplitters.dir/D_/Programming/GitHub/Timesplitters/project/generated/profileTimeEnd_0x2b63c8.cpp.obj
profileTimeEnd_0x2b63c8.cpp
[ 69%] Building CXX object timesplitters/CMakeFiles/timesplitters.dir/D_/Programming/GitHub/Timesplitters/project/generated/profileTimeGet_0x2b62a0.cpp.obj
profileTimeGet_0x2b62a0.cpp
[ 69%] Building CXX object timesplitters/CMakeFiles/timesplitters.dir/D_/Programming/GitHub/Timesplitters/project/generated/profileTimeStart_0x2b6320.cpp.obj
profileTimeStart_0x2b6320.cpp
[ 69%] Building CXX object timesplitters/CMakeFiles/timesplitters.dir/D_/Programming/GitHub/Timesplitters/project/generated/propAddPreLoad_0x267220.cpp.obj
propAddPreLoad_0x267220.cpp
[ 69%] Building CXX object timesplitters/CMakeFiles/timesplitters.dir/D_/Programming/GitHub/Timesplitters/project/generated/propAllBallelsBlownUp_0x2756b0.cpp.obj
propAllBallelsBlownUp_0x2756b0.cpp
[ 69%] Building CXX object timesplitters/CMakeFiles/timesplitters.dir/D_/Programming/GitHub/Timesplitters/project/generated/propAllocWallMem_0x266da8.cpp.obj
propAllocWallMem_0x266da8.cpp
[ 69%] Building CXX object timesplitters/CMakeFiles/timesplitters.dir/D_/Programming/GitHub/Timesplitters/project/generated/propAllocateWallsFloors_0x2682d0.cpp.obj
propAllocateWallsFloors_0x2682d0.cpp
[ 69%] Building CXX object timesplitters/CMakeFiles/timesplitters.dir/D_/Programming/GitHub/Timesplitters/project/generated/propAttachUpdate_0x26ff10.cpp.obj
propAttachUpdate_0x26ff10.cpp
[ 69%] Building CXX object timesplitters/CMakeFiles/timesplitters.dir/D_/Programming/GitHub/Timesplitters/project/generated/propCalcRooms_0x269b30.cpp.obj
propCalcRooms_0x269b30.cpp
[ 69%] Building CXX object timesplitters/CMakeFiles/timesplitters.dir/D_/Programming/GitHub/Timesplitters/project/generated/propCalculateCentrePos_0x267f08.cpp.obj
propCalculateCentrePos_0x267f08.cpp
[ 69%] Building CXX object timesplitters/CMakeFiles/timesplitters.dir/D_/Programming/GitHub/Timesplitters/project/generated/propCalculateFloors_0x2675b8.cpp.obj
propCalculateFloors_0x2675b8.cpp
[ 69%] Building CXX object timesplitters/CMakeFiles/timesplitters.dir/D_/Programming/GitHub/Timesplitters/project/generated/propCalculateWallsFloorsOriginal_0x2677a8.cpp.obj
propCalculateWallsFloorsOriginal_0x2677a8.cpp
[ 69%] Building CXX object timesplitters/CMakeFiles/timesplitters.dir/D_/Programming/GitHub/Timesplitters/project/generated/propCalculateWalls_0x267338.cpp.obj
propCalculateWalls_0x267338.cpp
[ 69%] Building CXX object timesplitters/CMakeFiles/timesplitters.dir/D_/Programming/GitHub/Timesplitters/project/generated/propChrCanPickupBag_0x269f70.cpp.obj
propChrCanPickupBag_0x269f70.cpp
[ 69%] Building CXX object timesplitters/CMakeFiles/timesplitters.dir/D_/Programming/GitHub/Timesplitters/project/generated/propControlPanelActivated_0x266d58.cpp.obj
propControlPanelActivated_0x266d58.cpp
[ 69%] Building CXX object timesplitters/CMakeFiles/timesplitters.dir/D_/Programming/GitHub/Timesplitters/project/generated/propDamage_0x271998.cpp.obj
propDamage_0x271998.cpp
[ 69%] Building CXX object timesplitters/CMakeFiles/timesplitters.dir/D_/Programming/GitHub/Timesplitters/project/generated/propDeleteCorpse_0x273a80.cpp.obj
propDeleteCorpse_0x273a80.cpp
[ 69%] Building CXX object timesplitters/CMakeFiles/timesplitters.dir/D_/Programming/GitHub/Timesplitters/project/generated/propDelete_0x269340.cpp.obj
propDelete_0x269340.cpp
[ 69%] Building CXX object timesplitters/CMakeFiles/timesplitters.dir/D_/Programming/GitHub/Timesplitters/project/generated/propDoCollisionsCanNotPush_0x2684f8.cpp.obj
propDoCollisionsCanNotPush_0x2684f8.cpp
[ 69%] Building CXX object timesplitters/CMakeFiles/timesplitters.dir/D_/Programming/GitHub/Timesplitters/project/generated/propDoCollisionsCanPush_0x268518.cpp.obj
propDoCollisionsCanPush_0x268518.cpp
[ 69%] Building CXX object timesplitters/CMakeFiles/timesplitters.dir/D_/Programming/GitHub/Timesplitters/project/generated/propDropBagOnDrop_0x26b0f0.cpp.obj
propDropBagOnDrop_0x26b0f0.cpp
[ 69%] Building CXX object timesplitters/CMakeFiles/timesplitters.dir/D_/Programming/GitHub/Timesplitters/project/generated/propDrop_0x26eee8.cpp.obj
propDrop_0x26eee8.cpp
[ 69%] Building CXX object timesplitters/CMakeFiles/timesplitters.dir/D_/Programming/GitHub/Timesplitters/project/generated/propDump_0x266e98.cpp.obj
propDump_0x266e98.cpp
[ 69%] Building CXX object timesplitters/CMakeFiles/timesplitters.dir/D_/Programming/GitHub/Timesplitters/project/generated/propEditChange_0x27c400.cpp.obj
propEditChange_0x27c400.cpp
[ 69%] Building CXX object timesplitters/CMakeFiles/timesplitters.dir/D_/Programming/GitHub/Timesplitters/project/generated/propEditCreate_0x27c1c8.cpp.obj
propEditCreate_0x27c1c8.cpp
[ 69%] Building CXX object timesplitters/CMakeFiles/timesplitters.dir/D_/Programming/GitHub/Timesplitters/project/generated/propEditDelete_0x27c1c0.cpp.obj
propEditDelete_0x27c1c0.cpp
[ 69%] Building CXX object timesplitters/CMakeFiles/timesplitters.dir/D_/Programming/GitHub/Timesplitters/project/generated/propEditGfx_0x27c4a0.cpp.obj
propEditGfx_0x27c4a0.cpp
[ 69%] Building CXX object timesplitters/CMakeFiles/timesplitters.dir/D_/Programming/GitHub/Timesplitters/project/generated/propEditMove_0x27c2b0.cpp.obj
propEditMove_0x27c2b0.cpp
[ 70%] Building CXX object timesplitters/CMakeFiles/timesplitters.dir/D_/Programming/GitHub/Timesplitters/project/generated/propEditSave_0x269078.cpp.obj
propEditSave_0x269078.cpp
[ 70%] Building CXX object timesplitters/CMakeFiles/timesplitters.dir/D_/Programming/GitHub/Timesplitters/project/generated/propEditValidPropnum_0x27c180.cpp.obj
propEditValidPropnum_0x27c180.cpp
[ 70%] Building CXX object timesplitters/CMakeFiles/timesplitters.dir/D_/Programming/GitHub/Timesplitters/project/generated/propEditable_0x27c178.cpp.obj
propEditable_0x27c178.cpp
[ 70%] Building CXX object timesplitters/CMakeFiles/timesplitters.dir/D_/Programming/GitHub/Timesplitters/project/generated/propEnd_0x267168.cpp.obj
propEnd_0x267168.cpp
[ 70%] Building CXX object timesplitters/CMakeFiles/timesplitters.dir/D_/Programming/GitHub/Timesplitters/project/generated/propFileInName_0x27c138.cpp.obj
propFileInName_0x27c138.cpp
[ 70%] Building CXX object timesplitters/CMakeFiles/timesplitters.dir/D_/Programming/GitHub/Timesplitters/project/generated/propFindFloorHeightRoom_0x2714e0.cpp.obj
propFindFloorHeightRoom_0x2714e0.cpp
[ 70%] Building CXX object timesplitters/CMakeFiles/timesplitters.dir/D_/Programming/GitHub/Timesplitters/project/generated/propGetAimProp_0x267240.cpp.obj
propGetAimProp_0x267240.cpp
[ 70%] Building CXX object timesplitters/CMakeFiles/timesplitters.dir/D_/Programming/GitHub/Timesplitters/project/generated/propGetName_0x2671a0.cpp.obj
propGetName_0x2671a0.cpp
[ 70%] Building CXX object timesplitters/CMakeFiles/timesplitters.dir/D_/Programming/GitHub/Timesplitters/project/generated/propGetNewExtref_0x2692f0.cpp.obj
propGetNewExtref_0x2692f0.cpp
[ 70%] Building CXX object timesplitters/CMakeFiles/timesplitters.dir/D_/Programming/GitHub/Timesplitters/project/generated/propGetNext_0x270358.cpp.obj
propGetNext_0x270358.cpp
[ 70%] Building CXX object timesplitters/CMakeFiles/timesplitters.dir/D_/Programming/GitHub/Timesplitters/project/generated/propGetNum_0x2703f8.cpp.obj
propGetNum_0x2703f8.cpp
[ 70%] Building CXX object timesplitters/CMakeFiles/timesplitters.dir/D_/Programming/GitHub/Timesplitters/project/generated/propGetOriginalFloors_0x266e70.cpp.obj
propGetOriginalFloors_0x266e70.cpp
[ 70%] Building CXX object timesplitters/CMakeFiles/timesplitters.dir/D_/Programming/GitHub/Timesplitters/project/generated/propGetOriginalWalls_0x266e48.cpp.obj
propGetOriginalWalls_0x266e48.cpp
[ 70%] Building CXX object timesplitters/CMakeFiles/timesplitters.dir/D_/Programming/GitHub/Timesplitters/project/generated/propGfxRoomPreproc_0x26fd40.cpp.obj
propGfxRoomPreproc_0x26fd40.cpp
[ 70%] Building CXX object timesplitters/CMakeFiles/timesplitters.dir/D_/Programming/GitHub/Timesplitters/project/generated/propGfxRoom_0x26fe08.cpp.obj
propGfxRoom_0x26fe08.cpp
[ 70%] Building CXX object timesplitters/CMakeFiles/timesplitters.dir/D_/Programming/GitHub/Timesplitters/project/generated/propInPropList_0x272918.cpp.obj
propInPropList_0x272918.cpp
[ 70%] Building CXX object timesplitters/CMakeFiles/timesplitters.dir/D_/Programming/GitHub/Timesplitters/project/generated/propKill_0x2728d0.cpp.obj
propKill_0x2728d0.cpp
[ 70%] Building CXX object timesplitters/CMakeFiles/timesplitters.dir/D_/Programming/GitHub/Timesplitters/project/generated/propLineTestRoom_0x270430.cpp.obj
propLineTestRoom_0x270430.cpp
[ 70%] Building CXX object timesplitters/CMakeFiles/timesplitters.dir/D_/Programming/GitHub/Timesplitters/project/generated/propMakeVisible_0x273ac0.cpp.obj
propMakeVisible_0x273ac0.cpp
[ 70%] Building CXX object timesplitters/CMakeFiles/timesplitters.dir/D_/Programming/GitHub/Timesplitters/project/generated/propMoveTestRoom_0x270e08.cpp.obj
propMoveTestRoom_0x270e08.cpp
[ 70%] Building CXX object timesplitters/CMakeFiles/timesplitters.dir/D_/Programming/GitHub/Timesplitters/project/generated/propMovingPropInRange_0x274240.cpp.obj
propMovingPropInRange_0x274240.cpp
[ 70%] Building CXX object timesplitters/CMakeFiles/timesplitters.dir/D_/Programming/GitHub/Timesplitters/project/generated/propNeedsBoundsCalculating_0x2684d8.cpp.obj
propNeedsBoundsCalculating_0x2684d8.cpp
[ 70%] Building CXX object timesplitters/CMakeFiles/timesplitters.dir/D_/Programming/GitHub/Timesplitters/project/generated/propNeedsWallsFloorsCalculating_0x2684b8.cpp.obj
propNeedsWallsFloorsCalculating_0x2684b8.cpp
[ 70%] Building CXX object timesplitters/CMakeFiles/timesplitters.dir/D_/Programming/GitHub/Timesplitters/project/generated/propNewCorpse_0x273658.cpp.obj
propNewCorpse_0x273658.cpp
[ 70%] Building CXX object timesplitters/CMakeFiles/timesplitters.dir/D_/Programming/GitHub/Timesplitters/project/generated/propNewPickupOnPadExtref_0x272960.cpp.obj
propNewPickupOnPadExtref_0x272960.cpp
[ 70%] Building CXX object timesplitters/CMakeFiles/timesplitters.dir/D_/Programming/GitHub/Timesplitters/project/generated/propNewPickup_0x2730e0.cpp.obj
propNewPickup_0x2730e0.cpp
[ 70%] Building CXX object timesplitters/CMakeFiles/timesplitters.dir/D_/Programming/GitHub/Timesplitters/project/generated/propNew_0x2686f8.cpp.obj
propNew_0x2686f8.cpp
[ 70%] Building CXX object timesplitters/CMakeFiles/timesplitters.dir/D_/Programming/GitHub/Timesplitters/project/generated/propNumBallelsNotBlownUp_0x275648.cpp.obj
propNumBallelsNotBlownUp_0x275648.cpp
[ 70%] Building CXX object timesplitters/CMakeFiles/timesplitters.dir/D_/Programming/GitHub/Timesplitters/project/generated/propPutPropInCollisionList_0x268538.cpp.obj
propPutPropInCollisionList_0x268538.cpp
[ 70%] Building CXX object timesplitters/CMakeFiles/timesplitters.dir/D_/Programming/GitHub/Timesplitters/project/generated/propRemovePropFromCollisionList_0x2693c8.cpp.obj
propRemovePropFromCollisionList_0x2693c8.cpp
[ 72%] Building CXX object timesplitters/CMakeFiles/timesplitters.dir/D_/Programming/GitHub/Timesplitters/project/generated/propResetWallMem_0x266d98.cpp.obj
propResetWallMem_0x266d98.cpp
[ 72%] Building CXX object timesplitters/CMakeFiles/timesplitters.dir/D_/Programming/GitHub/Timesplitters/project/generated/propReset_0x267020.cpp.obj
propReset_0x267020.cpp
[ 72%] Building CXX object timesplitters/CMakeFiles/timesplitters.dir/D_/Programming/GitHub/Timesplitters/project/generated/propRestartWallMem_0x266d60.cpp.obj
propRestartWallMem_0x266d60.cpp
[ 72%] Building CXX object timesplitters/CMakeFiles/timesplitters.dir/D_/Programming/GitHub/Timesplitters/project/generated/propRestart_0x266ec0.cpp.obj
propRestart_0x266ec0.cpp
[ 72%] Building CXX object timesplitters/CMakeFiles/timesplitters.dir/D_/Programming/GitHub/Timesplitters/project/generated/propSetAttached_0x2702d8.cpp.obj
propSetAttached_0x2702d8.cpp
[ 72%] Building CXX object timesplitters/CMakeFiles/timesplitters.dir/D_/Programming/GitHub/Timesplitters/project/generated/propSetHandler_0x2671e0.cpp.obj
propSetHandler_0x2671e0.cpp
[ 72%] Building CXX object timesplitters/CMakeFiles/timesplitters.dir/D_/Programming/GitHub/Timesplitters/project/generated/propSetMtxRoll_0x270318.cpp.obj
propSetMtxRoll_0x270318.cpp
[ 72%] Building CXX object timesplitters/CMakeFiles/timesplitters.dir/D_/Programming/GitHub/Timesplitters/project/generated/propSetOb_0x2671c0.cpp.obj
propSetOb_0x2671c0.cpp
[ 72%] Building CXX object timesplitters/CMakeFiles/timesplitters.dir/D_/Programming/GitHub/Timesplitters/project/generated/propSetRoom_0x269c88.cpp.obj
propSetRoom_0x269c88.cpp
[ 72%] Building CXX object timesplitters/CMakeFiles/timesplitters.dir/D_/Programming/GitHub/Timesplitters/project/generated/propSwipeTest_0x271650.cpp.obj
propSwipeTest_0x271650.cpp
[ 72%] Building CXX object timesplitters/CMakeFiles/timesplitters.dir/D_/Programming/GitHub/Timesplitters/project/generated/propTickAfter_0x26f9e8.cpp.obj
propTickAfter_0x26f9e8.cpp
[ 72%] Building CXX object timesplitters/CMakeFiles/timesplitters.dir/D_/Programming/GitHub/Timesplitters/project/generated/propTickBefore_0x26f500.cpp.obj
propTickBefore_0x26f500.cpp
[ 72%] Building CXX object timesplitters/CMakeFiles/timesplitters.dir/D_/Programming/GitHub/Timesplitters/project/generated/propTickPlayer_0x26fc20.cpp.obj
propTickPlayer_0x26fc20.cpp
[ 72%] Building CXX object timesplitters/CMakeFiles/timesplitters.dir/D_/Programming/GitHub/Timesplitters/project/generated/propUnattach_0x26f460.cpp.obj
propUnattach_0x26f460.cpp
[ 72%] Building CXX object timesplitters/CMakeFiles/timesplitters.dir/D_/Programming/GitHub/Timesplitters/project/generated/propUpdateRooms_0x269ef8.cpp.obj
propUpdateRooms_0x269ef8.cpp
[ 72%] Building CXX object timesplitters/CMakeFiles/timesplitters.dir/D_/Programming/GitHub/Timesplitters/project/generated/propUpdate_0x269d78.cpp.obj
propUpdate_0x269d78.cpp
[ 72%] Building CXX object timesplitters/CMakeFiles/timesplitters.dir/D_/Programming/GitHub/Timesplitters/project/generated/ps2__Balloc_0x2ebea0.cpp.obj
ps2__Balloc_0x2ebea0.cpp
[ 72%] Building CXX object timesplitters/CMakeFiles/timesplitters.dir/D_/Programming/GitHub/Timesplitters/project/generated/ps2__Bfree_0x2ebf48.cpp.obj
ps2__Bfree_0x2ebf48.cpp
[ 72%] Building CXX object timesplitters/CMakeFiles/timesplitters.dir/D_/Programming/GitHub/Timesplitters/project/generated/ps2__Cdvd_cbLoop_0x2ddf38.cpp.obj
ps2__Cdvd_cbLoop_0x2ddf38.cpp
[ 72%] Building CXX object timesplitters/CMakeFiles/timesplitters.dir/D_/Programming/GitHub/Timesplitters/project/generated/ps2__DisableDmac_0x2cfe90.cpp.obj
ps2__DisableDmac_0x2cfe90.cpp
[ 72%] Building CXX object timesplitters/CMakeFiles/timesplitters.dir/D_/Programming/GitHub/Timesplitters/project/generated/ps2__DisableIntc_0x2cfe70.cpp.obj
ps2__DisableIntc_0x2cfe70.cpp
[ 72%] Building CXX object timesplitters/CMakeFiles/timesplitters.dir/D_/Programming/GitHub/Timesplitters/project/generated/ps2__EnableDmac_0x2cfe80.cpp.obj
ps2__EnableDmac_0x2cfe80.cpp
[ 72%] Building CXX object timesplitters/CMakeFiles/timesplitters.dir/D_/Programming/GitHub/Timesplitters/project/generated/ps2__EnableIntc_0x2cfe60.cpp.obj
ps2__EnableIntc_0x2cfe60.cpp
[ 72%] Building CXX object timesplitters/CMakeFiles/timesplitters.dir/D_/Programming/GitHub/Timesplitters/project/generated/ps2__ReleaseAlarm_0x2cfeb0.cpp.obj
ps2__ReleaseAlarm_0x2cfeb0.cpp
[ 72%] Building CXX object timesplitters/CMakeFiles/timesplitters.dir/D_/Programming/GitHub/Timesplitters/project/generated/ps2__SetAlarm_0x2cfea0.cpp.obj
ps2__SetAlarm_0x2cfea0.cpp
[ 72%] Building CXX object timesplitters/CMakeFiles/timesplitters.dir/D_/Programming/GitHub/Timesplitters/project/generated/ps2___assert_0x2e46a8.cpp.obj
ps2___assert_0x2e46a8.cpp
[ 72%] Building CXX object timesplitters/CMakeFiles/timesplitters.dir/D_/Programming/GitHub/Timesplitters/project/generated/ps2___divdi3_0x2e1350.cpp.obj
ps2___divdi3_0x2e1350.cpp
[ 72%] Building CXX object timesplitters/CMakeFiles/timesplitters.dir/D_/Programming/GitHub/Timesplitters/project/generated/ps2___do_global_ctors_0x2e1280.cpp.obj
ps2___do_global_ctors_0x2e1280.cpp
[ 72%] Building CXX object timesplitters/CMakeFiles/timesplitters.dir/D_/Programming/GitHub/Timesplitters/project/generated/ps2___do_global_dtors_0x2e1228.cpp.obj
ps2___do_global_dtors_0x2e1228.cpp
[ 73%] Building CXX object timesplitters/CMakeFiles/timesplitters.dir/D_/Programming/GitHub/Timesplitters/project/generated/ps2___errno_0x2e4718.cpp.obj
ps2___errno_0x2e4718.cpp
[ 73%] Building CXX object timesplitters/CMakeFiles/timesplitters.dir/D_/Programming/GitHub/Timesplitters/project/generated/ps2___fixdfdi_0x2eef88.cpp.obj
ps2___fixdfdi_0x2eef88.cpp
[ 73%] Building CXX object timesplitters/CMakeFiles/timesplitters.dir/D_/Programming/GitHub/Timesplitters/project/generated/ps2___fixunsdfdi_0x2e1a70.cpp.obj
ps2___fixunsdfdi_0x2e1a70.cpp
[ 73%] Building CXX object timesplitters/CMakeFiles/timesplitters.dir/D_/Programming/GitHub/Timesplitters/project/generated/ps2___floatdidf_0x2e1b60.cpp.obj
ps2___floatdidf_0x2e1b60.cpp
[ 73%] Building CXX object timesplitters/CMakeFiles/timesplitters.dir/D_/Programming/GitHub/Timesplitters/project/generated/ps2___fpcmp_parts_d_0x2e3650.cpp.obj
ps2___fpcmp_parts_d_0x2e3650.cpp
[ 73%] Building CXX object timesplitters/CMakeFiles/timesplitters.dir/D_/Programming/GitHub/Timesplitters/project/generated/ps2___fpcmp_parts_f_0x2e4258.cpp.obj
ps2___fpcmp_parts_f_0x2e4258.cpp
[ 73%] Building CXX object timesplitters/CMakeFiles/timesplitters.dir/D_/Programming/GitHub/Timesplitters/project/generated/ps2___ieee754_acosf_0x2d9818.cpp.obj
ps2___ieee754_acosf_0x2d9818.cpp
[ 73%] Building CXX object timesplitters/CMakeFiles/timesplitters.dir/D_/Programming/GitHub/Timesplitters/project/generated/ps2___ieee754_asinf_0x2d9c48.cpp.obj
ps2___ieee754_asinf_0x2d9c48.cpp
[ 73%] Building CXX object timesplitters/CMakeFiles/timesplitters.dir/D_/Programming/GitHub/Timesplitters/project/generated/ps2___ieee754_atan2_0x2d84b0.cpp.obj
ps2___ieee754_atan2_0x2d84b0.cpp
[ 73%] Building CXX object timesplitters/CMakeFiles/timesplitters.dir/D_/Programming/GitHub/Timesplitters/project/generated/ps2___ieee754_atan2f_0x2d9fe8.cpp.obj
ps2___ieee754_atan2f_0x2d9fe8.cpp
[ 73%] Building CXX object timesplitters/CMakeFiles/timesplitters.dir/D_/Programming/GitHub/Timesplitters/project/generated/ps2___ieee754_pow_0x2d87e8.cpp.obj
ps2___ieee754_pow_0x2d87e8.cpp
[ 73%] Building CXX object timesplitters/CMakeFiles/timesplitters.dir/D_/Programming/GitHub/Timesplitters/project/generated/ps2___ieee754_powf_0x2da2d0.cpp.obj
ps2___ieee754_powf_0x2da2d0.cpp
[ 73%] Building CXX object timesplitters/CMakeFiles/timesplitters.dir/D_/Programming/GitHub/Timesplitters/project/generated/ps2___ieee754_rem_pio2f_0x2dab60.cpp.obj
ps2___ieee754_rem_pio2f_0x2dab60.cpp
[ 73%] Building CXX object timesplitters/CMakeFiles/timesplitters.dir/D_/Programming/GitHub/Timesplitters/project/generated/ps2___ieee754_sqrt_0x2d9510.cpp.obj
ps2___ieee754_sqrt_0x2d9510.cpp
[ 73%] Building CXX object timesplitters/CMakeFiles/timesplitters.dir/D_/Programming/GitHub/Timesplitters/project/generated/ps2___ieee754_sqrtf_0x2daf40.cpp.obj
ps2___ieee754_sqrtf_0x2daf40.cpp
[ 73%] Building CXX object timesplitters/CMakeFiles/timesplitters.dir/D_/Programming/GitHub/Timesplitters/project/generated/ps2___kernel_cosf_0x2db078.cpp.obj
ps2___kernel_cosf_0x2db078.cpp
[ 73%] Building CXX object timesplitters/CMakeFiles/timesplitters.dir/D_/Programming/GitHub/Timesplitters/project/generated/ps2___kernel_rem_pio2f_0x2db1d0.cpp.obj
ps2___kernel_rem_pio2f_0x2db1d0.cpp
[ 73%] Building CXX object timesplitters/CMakeFiles/timesplitters.dir/D_/Programming/GitHub/Timesplitters/project/generated/ps2___kernel_sinf_0x2dbb20.cpp.obj
ps2___kernel_sinf_0x2dbb20.cpp
[ 73%] Building CXX object timesplitters/CMakeFiles/timesplitters.dir/D_/Programming/GitHub/Timesplitters/project/generated/ps2___kernel_tanf_0x2dbc28.cpp.obj
ps2___kernel_tanf_0x2dbc28.cpp
[ 73%] Building CXX object timesplitters/CMakeFiles/timesplitters.dir/D_/Programming/GitHub/Timesplitters/project/generated/ps2___main_0x2e1330.cpp.obj
ps2___main_0x2e1330.cpp
[ 73%] Building CXX object timesplitters/CMakeFiles/timesplitters.dir/D_/Programming/GitHub/Timesplitters/project/generated/ps2___make_dp_0x2e39e0.cpp.obj
ps2___make_dp_0x2e39e0.cpp
[ 73%] Building CXX object timesplitters/CMakeFiles/timesplitters.dir/D_/Programming/GitHub/Timesplitters/project/generated/ps2___make_fp_0x2e45d8.cpp.obj
ps2___make_fp_0x2e45d8.cpp
[ 73%] Building CXX object timesplitters/CMakeFiles/timesplitters.dir/D_/Programming/GitHub/Timesplitters/project/generated/ps2___malloc_lock_0x2e56d0.cpp.obj
ps2___malloc_lock_0x2e56d0.cpp
[ 73%] Building CXX object timesplitters/CMakeFiles/timesplitters.dir/D_/Programming/GitHub/Timesplitters/project/generated/ps2___malloc_unlock_0x2e56d8.cpp.obj
ps2___malloc_unlock_0x2e56d8.cpp
[ 73%] Building CXX object timesplitters/CMakeFiles/timesplitters.dir/D_/Programming/GitHub/Timesplitters/project/generated/ps2___mcmp_0x2ec800.cpp.obj
ps2___mcmp_0x2ec800.cpp
[ 73%] Building CXX object timesplitters/CMakeFiles/timesplitters.dir/D_/Programming/GitHub/Timesplitters/project/generated/ps2___mdiff_0x2ec868.cpp.obj
ps2___mdiff_0x2ec868.cpp
[ 73%] Building CXX object timesplitters/CMakeFiles/timesplitters.dir/D_/Programming/GitHub/Timesplitters/project/generated/ps2___moddi3_0x2e1bf8.cpp.obj
ps2___moddi3_0x2e1bf8.cpp
[ 73%] Building CXX object timesplitters/CMakeFiles/timesplitters.dir/D_/Programming/GitHub/Timesplitters/project/generated/ps2___muldi3_0x2e4648.cpp.obj
ps2___muldi3_0x2e4648.cpp
[ 73%] Building CXX object timesplitters/CMakeFiles/timesplitters.dir/D_/Programming/GitHub/Timesplitters/project/generated/ps2___negdf2_0x2e39a8.cpp.obj
ps2___negdf2_0x2e39a8.cpp
[ 74%] Building CXX object timesplitters/CMakeFiles/timesplitters.dir/D_/Programming/GitHub/Timesplitters/project/generated/ps2___negsf2_0x2e45a0.cpp.obj
ps2___negsf2_0x2e45a0.cpp
[ 74%] Building CXX object timesplitters/CMakeFiles/timesplitters.dir/D_/Programming/GitHub/Timesplitters/project/generated/ps2___pack_d_0x2e2d70.cpp.obj
ps2___pack_d_0x2e2d70.cpp
[ 74%] Building CXX object timesplitters/CMakeFiles/timesplitters.dir/D_/Programming/GitHub/Timesplitters/project/generated/ps2___pack_f_0x2e3a68.cpp.obj
ps2___pack_f_0x2e3a68.cpp
[ 74%] Building CXX object timesplitters/CMakeFiles/timesplitters.dir/D_/Programming/GitHub/Timesplitters/project/generated/ps2___sbprintf_0x2e67d8.cpp.obj
ps2___sbprintf_0x2e67d8.cpp
[ 74%] Building CXX object timesplitters/CMakeFiles/timesplitters.dir/D_/Programming/GitHub/Timesplitters/project/generated/ps2___sbprintf_0x2e7520.cpp.obj
ps2___sbprintf_0x2e7520.cpp
[ 74%] Building CXX object timesplitters/CMakeFiles/timesplitters.dir/D_/Programming/GitHub/Timesplitters/project/generated/ps2___sccl_0x2e9900.cpp.obj
ps2___sccl_0x2e9900.cpp
[ 74%] Building CXX object timesplitters/CMakeFiles/timesplitters.dir/D_/Programming/GitHub/Timesplitters/project/generated/ps2___sclose_0x2e5a88.cpp.obj
ps2___sclose_0x2e5a88.cpp
[ 74%] Building CXX object timesplitters/CMakeFiles/timesplitters.dir/D_/Programming/GitHub/Timesplitters/project/generated/ps2___sfmoreglue_0x2e4780.cpp.obj
ps2___sfmoreglue_0x2e4780.cpp
[ 74%] Building CXX object timesplitters/CMakeFiles/timesplitters.dir/D_/Programming/GitHub/Timesplitters/project/generated/ps2___sfp_0x2e47f0.cpp.obj
ps2___sfp_0x2e47f0.cpp
[ 74%] Building CXX object timesplitters/CMakeFiles/timesplitters.dir/D_/Programming/GitHub/Timesplitters/project/generated/ps2___sfvwrite_0x2eb708.cpp.obj
ps2___sfvwrite_0x2eb708.cpp
[ 74%] Building CXX object timesplitters/CMakeFiles/timesplitters.dir/D_/Programming/GitHub/Timesplitters/project/generated/ps2___sigtramp_0x2ed428.cpp.obj
ps2___sigtramp_0x2ed428.cpp
[ 74%] Building CXX object timesplitters/CMakeFiles/timesplitters.dir/D_/Programming/GitHub/Timesplitters/project/generated/ps2___sigtramp_r_0x2ed2f0.cpp.obj
ps2___sigtramp_r_0x2ed2f0.cpp
[ 74%] Building CXX object timesplitters/CMakeFiles/timesplitters.dir/D_/Programming/GitHub/Timesplitters/project/generated/ps2___sinit_0x2e48f0.cpp.obj
ps2___sinit_0x2e48f0.cpp
[ 74%] Building CXX object timesplitters/CMakeFiles/timesplitters.dir/D_/Programming/GitHub/Timesplitters/project/generated/ps2___smakebuf_0x2ebc30.cpp.obj
ps2___smakebuf_0x2ebc30.cpp
[ 74%] Building CXX object timesplitters/CMakeFiles/timesplitters.dir/D_/Programming/GitHub/Timesplitters/project/generated/ps2___sprint_0x2e6790.cpp.obj
ps2___sprint_0x2e6790.cpp
[ 74%] Building CXX object timesplitters/CMakeFiles/timesplitters.dir/D_/Programming/GitHub/Timesplitters/project/generated/ps2___sprint_0x2e74d8.cpp.obj
ps2___sprint_0x2e74d8.cpp
[ 74%] Building CXX object timesplitters/CMakeFiles/timesplitters.dir/D_/Programming/GitHub/Timesplitters/project/generated/ps2___sread_0x2e5938.cpp.obj
ps2___sread_0x2e5938.cpp
[ 74%] Building CXX object timesplitters/CMakeFiles/timesplitters.dir/D_/Programming/GitHub/Timesplitters/project/generated/ps2___srefill_0x2ecf40.cpp.obj
ps2___srefill_0x2ecf40.cpp
[ 74%] Building CXX object timesplitters/CMakeFiles/timesplitters.dir/D_/Programming/GitHub/Timesplitters/project/generated/ps2___sseek_0x2e5a20.cpp.obj
ps2___sseek_0x2e5a20.cpp
[ 74%] Building CXX object timesplitters/CMakeFiles/timesplitters.dir/D_/Programming/GitHub/Timesplitters/project/generated/ps2___submore_0x2ee680.cpp.obj
ps2___submore_0x2ee680.cpp
[ 74%] Building CXX object timesplitters/CMakeFiles/timesplitters.dir/D_/Programming/GitHub/Timesplitters/project/generated/ps2___svfscanf_0x2e8df8.cpp.obj
ps2___svfscanf_0x2e8df8.cpp
[ 74%] Building CXX object timesplitters/CMakeFiles/timesplitters.dir/D_/Programming/GitHub/Timesplitters/project/generated/ps2___swrite_0x2e59a0.cpp.obj
ps2___swrite_0x2e59a0.cpp
[ 74%] Building CXX object timesplitters/CMakeFiles/timesplitters.dir/D_/Programming/GitHub/Timesplitters/project/generated/ps2___swsetup_0x2e9ac0.cpp.obj
ps2___swsetup_0x2e9ac0.cpp
[ 74%] Building CXX object timesplitters/CMakeFiles/timesplitters.dir/D_/Programming/GitHub/Timesplitters/project/generated/ps2___udivdi3_0x2e2260.cpp.obj
ps2___udivdi3_0x2e2260.cpp
[ 74%] Building CXX object timesplitters/CMakeFiles/timesplitters.dir/D_/Programming/GitHub/Timesplitters/project/generated/ps2___umoddi3_0x2e2830.cpp.obj
ps2___umoddi3_0x2e2830.cpp
[ 74%] Building CXX object timesplitters/CMakeFiles/timesplitters.dir/D_/Programming/GitHub/Timesplitters/project/generated/ps2___unpack_d_0x2e2ea0.cpp.obj
ps2___unpack_d_0x2e2ea0.cpp
[ 74%] Building CXX object timesplitters/CMakeFiles/timesplitters.dir/D_/Programming/GitHub/Timesplitters/project/generated/ps2___unpack_f_0x2e3b78.cpp.obj
ps2___unpack_f_0x2e3b78.cpp
[ 74%] Building CXX object timesplitters/CMakeFiles/timesplitters.dir/D_/Programming/GitHub/Timesplitters/project/generated/ps2_main_0x2013b0.cpp.obj
ps2_main_0x2013b0.cpp
[ 74%] Building CXX object timesplitters/CMakeFiles/timesplitters.dir/D_/Programming/GitHub/Timesplitters/project/generated/pubsignDamage_0x2796f8.cpp.obj
pubsignDamage_0x2796f8.cpp
[ 74%] Building CXX object timesplitters/CMakeFiles/timesplitters.dir/D_/Programming/GitHub/Timesplitters/project/generated/pubsignPropTick_0x279bf0.cpp.obj
pubsignPropTick_0x279bf0.cpp
[ 75%] Building CXX object timesplitters/CMakeFiles/timesplitters.dir/D_/Programming/GitHub/Timesplitters/project/generated/putnum_0x2d08a0.cpp.obj
putnum_0x2d08a0.cpp
[ 75%] Building CXX object timesplitters/CMakeFiles/timesplitters.dir/D_/Programming/GitHub/Timesplitters/project/generated/quadRenderAligned_0x2aaff8.cpp.obj
quadRenderAligned_0x2aaff8.cpp
[ 75%] Building CXX object timesplitters/CMakeFiles/timesplitters.dir/D_/Programming/GitHub/Timesplitters/project/generated/quaternionInvert_0x2b4780.cpp.obj
quaternionInvert_0x2b4780.cpp
[ 75%] Building CXX object timesplitters/CMakeFiles/timesplitters.dir/D_/Programming/GitHub/Timesplitters/project/generated/quaternionLerp_0x2b4608.cpp.obj
quaternionLerp_0x2b4608.cpp
[ 75%] Building CXX object timesplitters/CMakeFiles/timesplitters.dir/D_/Programming/GitHub/Timesplitters/project/generated/quaternionMul_0x2b4678.cpp.obj
quaternionMul_0x2b4678.cpp
[ 75%] Building CXX object timesplitters/CMakeFiles/timesplitters.dir/D_/Programming/GitHub/Timesplitters/project/generated/quaternionNormalise_0x2b47b0.cpp.obj
quaternionNormalise_0x2b47b0.cpp
[ 75%] Building CXX object timesplitters/CMakeFiles/timesplitters.dir/D_/Programming/GitHub/Timesplitters/project/generated/quaternionSlerp2_0x2b4340.cpp.obj
quaternionSlerp2_0x2b4340.cpp
[ 75%] Building CXX object timesplitters/CMakeFiles/timesplitters.dir/D_/Programming/GitHub/Timesplitters/project/generated/quaternionSlerp_0x2b4080.cpp.obj
quaternionSlerp_0x2b4080.cpp
[ 75%] Building CXX object timesplitters/CMakeFiles/timesplitters.dir/D_/Programming/GitHub/Timesplitters/project/generated/quaternionToMatrix_0x2b3f90.cpp.obj
quaternionToMatrix_0x2b3f90.cpp
[ 75%] Building CXX object timesplitters/CMakeFiles/timesplitters.dir/D_/Programming/GitHub/Timesplitters/project/generated/quitconfirmfunc_0x24ee50.cpp.obj
quitconfirmfunc_0x24ee50.cpp
[ 75%] Building CXX object timesplitters/CMakeFiles/timesplitters.dir/D_/Programming/GitHub/Timesplitters/project/generated/quorem_0x2e9c68.cpp.obj
quorem_0x2e9c68.cpp
[ 75%] Building CXX object timesplitters/CMakeFiles/timesplitters.dir/D_/Programming/GitHub/Timesplitters/project/generated/r_addnewroutes_0x266810.cpp.obj
r_addnewroutes_0x266810.cpp
[ 75%] Building CXX object timesplitters/CMakeFiles/timesplitters.dir/D_/Programming/GitHub/Timesplitters/project/generated/r_addroute_0x2665c8.cpp.obj
r_addroute_0x2665c8.cpp
[ 75%] Building CXX object timesplitters/CMakeFiles/timesplitters.dir/D_/Programming/GitHub/Timesplitters/project/generated/r_calcestcost_0x266768.cpp.obj
r_calcestcost_0x266768.cpp
[ 75%] Building CXX object timesplitters/CMakeFiles/timesplitters.dir/D_/Programming/GitHub/Timesplitters/project/generated/r_calclinkcost_0x2667f0.cpp.obj
r_calclinkcost_0x2667f0.cpp
[ 75%] Building CXX object timesplitters/CMakeFiles/timesplitters.dir/D_/Programming/GitHub/Timesplitters/project/generated/r_deleteroute_0x2666c0.cpp.obj
r_deleteroute_0x2666c0.cpp
[ 75%] Building CXX object timesplitters/CMakeFiles/timesplitters.dir/D_/Programming/GitHub/Timesplitters/project/generated/r_findroute_0x266680.cpp.obj
r_findroute_0x266680.cpp
[ 75%] Building CXX object timesplitters/CMakeFiles/timesplitters.dir/D_/Programming/GitHub/Timesplitters/project/generated/r_initroutes_0x266570.cpp.obj
r_initroutes_0x266570.cpp
[ 75%] Building CXX object timesplitters/CMakeFiles/timesplitters.dir/D_/Programming/GitHub/Timesplitters/project/generated/raise_0x2ed3a8.cpp.obj
raise_0x2ed3a8.cpp
[ 75%] Building CXX object timesplitters/CMakeFiles/timesplitters.dir/D_/Programming/GitHub/Timesplitters/project/generated/read_0x2d06a0.cpp.obj
read_0x2d06a0.cpp
[ 75%] Building CXX object timesplitters/CMakeFiles/timesplitters.dir/D_/Programming/GitHub/Timesplitters/project/generated/reflectionsPropTick_0x278ef8.cpp.obj
reflectionsPropTick_0x278ef8.cpp
[ 75%] Building CXX object timesplitters/CMakeFiles/timesplitters.dir/D_/Programming/GitHub/Timesplitters/project/generated/register_functions.cpp.obj
register_functions.cpp
[ 75%] Building CXX object timesplitters/CMakeFiles/timesplitters.dir/D_/Programming/GitHub/Timesplitters/project/generated/relocateParts_0x262cc0.cpp.obj
relocateParts_0x262cc0.cpp
[ 75%] Building CXX object timesplitters/CMakeFiles/timesplitters.dir/D_/Programming/GitHub/Timesplitters/project/generated/remoteGetPivoteOffset_0x2694c0.cpp.obj
remoteGetPivoteOffset_0x2694c0.cpp
[ 75%] Building CXX object timesplitters/CMakeFiles/timesplitters.dir/D_/Programming/GitHub/Timesplitters/project/generated/remoteGetPivotePos_0x269508.cpp.obj
remoteGetPivotePos_0x269508.cpp
[ 75%] Building CXX object timesplitters/CMakeFiles/timesplitters.dir/D_/Programming/GitHub/Timesplitters/project/generated/remoteGetStandAngle_0x26c318.cpp.obj
remoteGetStandAngle_0x26c318.cpp
[ 75%] Building CXX object timesplitters/CMakeFiles/timesplitters.dir/D_/Programming/GitHub/Timesplitters/project/generated/remoteGetStandPos_0x26c1c8.cpp.obj
remoteGetStandPos_0x26c1c8.cpp
[ 75%] Building CXX object timesplitters/CMakeFiles/timesplitters.dir/D_/Programming/GitHub/Timesplitters/project/generated/remotePropNew_0x2695c0.cpp.obj
remotePropNew_0x2695c0.cpp
[ 75%] Building CXX object timesplitters/CMakeFiles/timesplitters.dir/D_/Programming/GitHub/Timesplitters/project/generated/remotePropTick_0x26c440.cpp.obj
remotePropTick_0x26c440.cpp
[ 76%] Building CXX object timesplitters/CMakeFiles/timesplitters.dir/D_/Programming/GitHub/Timesplitters/project/generated/replayReset_0x202d58.cpp.obj
replayReset_0x202d58.cpp
[ 76%] Building CXX object timesplitters/CMakeFiles/timesplitters.dir/D_/Programming/GitHub/Timesplitters/project/generated/replayTick_0x202d90.cpp.obj
replayTick_0x202d90.cpp
[ 76%] Building CXX object timesplitters/CMakeFiles/timesplitters.dir/D_/Programming/GitHub/Timesplitters/project/generated/resetPlayerGunReload_0x291070.cpp.obj
resetPlayerGunReload_0x291070.cpp
[ 76%] Building CXX object timesplitters/CMakeFiles/timesplitters.dir/D_/Programming/GitHub/Timesplitters/project/generated/resetPlayerGun_0x291138.cpp.obj
resetPlayerGun_0x291138.cpp
[ 76%] Building CXX object timesplitters/CMakeFiles/timesplitters.dir/D_/Programming/GitHub/Timesplitters/project/generated/resetchrprops_0x237510.cpp.obj
resetchrprops_0x237510.cpp
[ 76%] Building CXX object timesplitters/CMakeFiles/timesplitters.dir/D_/Programming/GitHub/Timesplitters/project/generated/ricochetsfx_0x28a830.cpp.obj
ricochetsfx_0x28a830.cpp
[ 76%] Building CXX object timesplitters/CMakeFiles/timesplitters.dir/D_/Programming/GitHub/Timesplitters/project/generated/ringspawnPropTick_0x27bd58.cpp.obj
ringspawnPropTick_0x27bd58.cpp
[ 76%] Building CXX object timesplitters/CMakeFiles/timesplitters.dir/D_/Programming/GitHub/Timesplitters/project/generated/rint_0x2dbf40.cpp.obj
rint_0x2dbf40.cpp
[ 76%] Building CXX object timesplitters/CMakeFiles/timesplitters.dir/D_/Programming/GitHub/Timesplitters/project/generated/robotAI_0x2c70e8.cpp.obj
robotAI_0x2c70e8.cpp
[ 76%] Building CXX object timesplitters/CMakeFiles/timesplitters.dir/D_/Programming/GitHub/Timesplitters/project/generated/rollmenumake_0x24f208.cpp.obj
rollmenumake_0x24f208.cpp
[ 76%] Building CXX object timesplitters/CMakeFiles/timesplitters.dir/D_/Programming/GitHub/Timesplitters/project/generated/roomlightEnd_0x2a7a38.cpp.obj
roomlightEnd_0x2a7a38.cpp
[ 76%] Building CXX object timesplitters/CMakeFiles/timesplitters.dir/D_/Programming/GitHub/Timesplitters/project/generated/roomlightGetRoomColourIntensity_0x2a7cc8.cpp.obj
roomlightGetRoomColourIntensity_0x2a7cc8.cpp
[ 76%] Building CXX object timesplitters/CMakeFiles/timesplitters.dir/D_/Programming/GitHub/Timesplitters/project/generated/roomlightReset_0x2a7998.cpp.obj
roomlightReset_0x2a7998.cpp
[ 76%] Building CXX object timesplitters/CMakeFiles/timesplitters.dir/D_/Programming/GitHub/Timesplitters/project/generated/roomlightRestart_0x2a7840.cpp.obj
roomlightRestart_0x2a7840.cpp
[ 76%] Building CXX object timesplitters/CMakeFiles/timesplitters.dir/D_/Programming/GitHub/Timesplitters/project/generated/roomlightSet_0x2a7fe8.cpp.obj
roomlightSet_0x2a7fe8.cpp
[ 76%] Building CXX object timesplitters/CMakeFiles/timesplitters.dir/D_/Programming/GitHub/Timesplitters/project/generated/roomlightTick_0x2a7d20.cpp.obj
roomlightTick_0x2a7d20.cpp
[ 76%] Building CXX object timesplitters/CMakeFiles/timesplitters.dir/D_/Programming/GitHub/Timesplitters/project/generated/rot2fquat_0x2b3e88.cpp.obj
rot2fquat_0x2b3e88.cpp
[ 76%] Building CXX object timesplitters/CMakeFiles/timesplitters.dir/D_/Programming/GitHub/Timesplitters/project/generated/rotateChar_0x236988.cpp.obj
rotateChar_0x236988.cpp
[ 76%] Building CXX object timesplitters/CMakeFiles/timesplitters.dir/D_/Programming/GitHub/Timesplitters/project/generated/rotateChr_0x2bc5d0.cpp.obj
rotateChr_0x2bc5d0.cpp
[ 76%] Building CXX object timesplitters/CMakeFiles/timesplitters.dir/D_/Programming/GitHub/Timesplitters/project/generated/rotateMiniTile_0x251068.cpp.obj
rotateMiniTile_0x251068.cpp
[ 76%] Building CXX object timesplitters/CMakeFiles/timesplitters.dir/D_/Programming/GitHub/Timesplitters/project/generated/rotatespawnPropTick_0x27bc08.cpp.obj
rotatespawnPropTick_0x27bc08.cpp
[ 76%] Building CXX object timesplitters/CMakeFiles/timesplitters.dir/D_/Programming/GitHub/Timesplitters/project/generated/rotx2fquat_0x2b3d80.cpp.obj
rotx2fquat_0x2b3d80.cpp
[ 76%] Building CXX object timesplitters/CMakeFiles/timesplitters.dir/D_/Programming/GitHub/Timesplitters/project/generated/roty2fquat_0x2b3dd8.cpp.obj
roty2fquat_0x2b3dd8.cpp
[ 76%] Building CXX object timesplitters/CMakeFiles/timesplitters.dir/D_/Programming/GitHub/Timesplitters/project/generated/rotz2fquat_0x2b3e30.cpp.obj
rotz2fquat_0x2b3e30.cpp
[ 76%] Building CXX object timesplitters/CMakeFiles/timesplitters.dir/D_/Programming/GitHub/Timesplitters/project/generated/routeCalc_0x266a40.cpp.obj
routeCalc_0x266a40.cpp
[ 76%] Building CXX object timesplitters/CMakeFiles/timesplitters.dir/D_/Programming/GitHub/Timesplitters/project/generated/rtcFormatTime_0x2b3c90.cpp.obj
rtcFormatTime_0x2b3c90.cpp
[ 76%] Building CXX object timesplitters/CMakeFiles/timesplitters.dir/D_/Programming/GitHub/Timesplitters/project/generated/rtcGetTime_0x2b3c50.cpp.obj
rtcGetTime_0x2b3c50.cpp
[ 76%] Building CXX object timesplitters/CMakeFiles/timesplitters.dir/D_/Programming/GitHub/Timesplitters/project/generated/sbrk_0x2d0758.cpp.obj
sbrk_0x2d0758.cpp
[ 76%] Building CXX object timesplitters/CMakeFiles/timesplitters.dir/D_/Programming/GitHub/Timesplitters/project/generated/scalbn_0x2dc140.cpp.obj
scalbn_0x2dc140.cpp
[ 76%] Building CXX object timesplitters/CMakeFiles/timesplitters.dir/D_/Programming/GitHub/Timesplitters/project/generated/scalbnf_0x2dc610.cpp.obj
scalbnf_0x2dc610.cpp
[ 77%] Building CXX object timesplitters/CMakeFiles/timesplitters.dir/D_/Programming/GitHub/Timesplitters/project/generated/scannerPropTick_0x279058.cpp.obj
scannerPropTick_0x279058.cpp
[ 77%] Building CXX object timesplitters/CMakeFiles/timesplitters.dir/D_/Programming/GitHub/Timesplitters/project/generated/sceCdBreak_0x2dfce0.cpp.obj
sceCdBreak_0x2dfce0.cpp
[ 77%] Building CXX object timesplitters/CMakeFiles/timesplitters.dir/D_/Programming/GitHub/Timesplitters/project/generated/sceCdCallback_0x2dde40.cpp.obj
sceCdCallback_0x2dde40.cpp
[ 77%] Building CXX object timesplitters/CMakeFiles/timesplitters.dir/D_/Programming/GitHub/Timesplitters/project/generated/sceCdDiskReady_0x2dfae8.cpp.obj
sceCdDiskReady_0x2dfae8.cpp
[ 77%] Building CXX object timesplitters/CMakeFiles/timesplitters.dir/D_/Programming/GitHub/Timesplitters/project/generated/sceCdGetDiskType_0x2dfd98.cpp.obj
sceCdGetDiskType_0x2dfd98.cpp
[ 77%] Building CXX object timesplitters/CMakeFiles/timesplitters.dir/D_/Programming/GitHub/Timesplitters/project/generated/sceCdGetError_0x2dfee8.cpp.obj
sceCdGetError_0x2dfee8.cpp
[ 77%] Building CXX object timesplitters/CMakeFiles/timesplitters.dir/D_/Programming/GitHub/Timesplitters/project/generated/sceCdGetReadPos_0x2de9f8.cpp.obj
sceCdGetReadPos_0x2de9f8.cpp
[ 77%] Building CXX object timesplitters/CMakeFiles/timesplitters.dir/D_/Programming/GitHub/Timesplitters/project/generated/sceCdGetToc_0x2df018.cpp.obj
sceCdGetToc_0x2df018.cpp
[ 77%] Building CXX object timesplitters/CMakeFiles/timesplitters.dir/D_/Programming/GitHub/Timesplitters/project/generated/sceCdInitEeCB_0x2de010.cpp.obj
sceCdInitEeCB_0x2de010.cpp
[ 77%] Building CXX object timesplitters/CMakeFiles/timesplitters.dir/D_/Programming/GitHub/Timesplitters/project/generated/sceCdInit_0x2df848.cpp.obj
sceCdInit_0x2df848.cpp
[ 77%] Building CXX object timesplitters/CMakeFiles/timesplitters.dir/D_/Programming/GitHub/Timesplitters/project/generated/sceCdIntToPos_0x2de268.cpp.obj
sceCdIntToPos_0x2de268.cpp
[ 77%] Building CXX object timesplitters/CMakeFiles/timesplitters.dir/D_/Programming/GitHub/Timesplitters/project/generated/sceCdMmode_0x2e0140.cpp.obj
sceCdMmode_0x2e0140.cpp
[ 77%] Building CXX object timesplitters/CMakeFiles/timesplitters.dir/D_/Programming/GitHub/Timesplitters/project/generated/sceCdNcmdDiskReady_0x2de960.cpp.obj
sceCdNcmdDiskReady_0x2de960.cpp
[ 77%] Building CXX object timesplitters/CMakeFiles/timesplitters.dir/D_/Programming/GitHub/Timesplitters/project/generated/sceCdPause_0x2df4f8.cpp.obj
sceCdPause_0x2df4f8.cpp
[ 77%] Building CXX object timesplitters/CMakeFiles/timesplitters.dir/D_/Programming/GitHub/Timesplitters/project/generated/sceCdPosToInt_0x2de330.cpp.obj
sceCdPosToInt_0x2de330.cpp
[ 77%] Building CXX object timesplitters/CMakeFiles/timesplitters.dir/D_/Programming/GitHub/Timesplitters/project/generated/sceCdReadChain_0x2dea28.cpp.obj
sceCdReadChain_0x2dea28.cpp
[ 77%] Building CXX object timesplitters/CMakeFiles/timesplitters.dir/D_/Programming/GitHub/Timesplitters/project/generated/sceCdReadClock_0x2e0200.cpp.obj
sceCdReadClock_0x2e0200.cpp
[ 77%] Building CXX object timesplitters/CMakeFiles/timesplitters.dir/D_/Programming/GitHub/Timesplitters/project/generated/sceCdReadIOPm_0x2deed0.cpp.obj
sceCdReadIOPm_0x2deed0.cpp
[ 77%] Building CXX object timesplitters/CMakeFiles/timesplitters.dir/D_/Programming/GitHub/Timesplitters/project/generated/sceCdRead_0x2ded00.cpp.obj
sceCdRead_0x2ded00.cpp
[ 77%] Building CXX object timesplitters/CMakeFiles/timesplitters.dir/D_/Programming/GitHub/Timesplitters/project/generated/sceCdSearchFile_0x2de4f0.cpp.obj
sceCdSearchFile_0x2de4f0.cpp
[ 77%] Building CXX object timesplitters/CMakeFiles/timesplitters.dir/D_/Programming/GitHub/Timesplitters/project/generated/sceCdSeek_0x2df288.cpp.obj
sceCdSeek_0x2df288.cpp
[ 77%] Building CXX object timesplitters/CMakeFiles/timesplitters.dir/D_/Programming/GitHub/Timesplitters/project/generated/sceCdStInit_0x2e03e0.cpp.obj
sceCdStInit_0x2e03e0.cpp
[ 77%] Building CXX object timesplitters/CMakeFiles/timesplitters.dir/D_/Programming/GitHub/Timesplitters/project/generated/sceCdStPause_0x2e0628.cpp.obj
sceCdStPause_0x2e0628.cpp
[ 77%] Building CXX object timesplitters/CMakeFiles/timesplitters.dir/D_/Programming/GitHub/Timesplitters/project/generated/sceCdStRead_0x2e04b0.cpp.obj
sceCdStRead_0x2e04b0.cpp
[ 77%] Building CXX object timesplitters/CMakeFiles/timesplitters.dir/D_/Programming/GitHub/Timesplitters/project/generated/sceCdStResume_0x2e0678.cpp.obj
sceCdStResume_0x2e0678.cpp
[ 77%] Building CXX object timesplitters/CMakeFiles/timesplitters.dir/D_/Programming/GitHub/Timesplitters/project/generated/sceCdStSeek_0x2e0448.cpp.obj
sceCdStSeek_0x2e0448.cpp
[ 77%] Building CXX object timesplitters/CMakeFiles/timesplitters.dir/D_/Programming/GitHub/Timesplitters/project/generated/sceCdStStart_0x2e0410.cpp.obj
sceCdStStart_0x2e0410.cpp
[ 77%] Building CXX object timesplitters/CMakeFiles/timesplitters.dir/D_/Programming/GitHub/Timesplitters/project/generated/sceCdStStat_0x2e06d0.cpp.obj
sceCdStStat_0x2e06d0.cpp
[ 77%] Building CXX object timesplitters/CMakeFiles/timesplitters.dir/D_/Programming/GitHub/Timesplitters/project/generated/sceCdStStop_0x2e0478.cpp.obj
sceCdStStop_0x2e0478.cpp
[ 78%] Building CXX object timesplitters/CMakeFiles/timesplitters.dir/D_/Programming/GitHub/Timesplitters/project/generated/sceCdStandby_0x2df370.cpp.obj
sceCdStandby_0x2df370.cpp
[ 78%] Building CXX object timesplitters/CMakeFiles/timesplitters.dir/D_/Programming/GitHub/Timesplitters/project/generated/sceCdStatus_0x2dfe30.cpp.obj
sceCdStatus_0x2dfe30.cpp
[ 78%] Building CXX object timesplitters/CMakeFiles/timesplitters.dir/D_/Programming/GitHub/Timesplitters/project/generated/sceCdStop_0x2df430.cpp.obj
sceCdStop_0x2df430.cpp
[ 78%] Building CXX object timesplitters/CMakeFiles/timesplitters.dir/D_/Programming/GitHub/Timesplitters/project/generated/sceCdStream_0x2e0718.cpp.obj
sceCdStream_0x2e0718.cpp
[ 78%] Building CXX object timesplitters/CMakeFiles/timesplitters.dir/D_/Programming/GitHub/Timesplitters/project/generated/sceCdSyncS_0x2df660.cpp.obj
sceCdSyncS_0x2df660.cpp
[ 78%] Building CXX object timesplitters/CMakeFiles/timesplitters.dir/D_/Programming/GitHub/Timesplitters/project/generated/sceCdSync_0x2df5b8.cpp.obj
sceCdSync_0x2df5b8.cpp
[ 78%] Building CXX object timesplitters/CMakeFiles/timesplitters.dir/D_/Programming/GitHub/Timesplitters/project/generated/sceCdTrayReq_0x2e02f8.cpp.obj
sceCdTrayReq_0x2e02f8.cpp
[ 78%] Building CXX object timesplitters/CMakeFiles/timesplitters.dir/D_/Programming/GitHub/Timesplitters/project/generated/sceClose_0x2d3668.cpp.obj
sceClose_0x2d3668.cpp
[ 78%] Building CXX object timesplitters/CMakeFiles/timesplitters.dir/D_/Programming/GitHub/Timesplitters/project/generated/sceDeci2Close_0x2d4778.cpp.obj
sceDeci2Close_0x2d4778.cpp
[ 78%] Building CXX object timesplitters/CMakeFiles/timesplitters.dir/D_/Programming/GitHub/Timesplitters/project/generated/sceDeci2ExLock_0x2d4898.cpp.obj
sceDeci2ExLock_0x2d4898.cpp
[ 78%] Building CXX object timesplitters/CMakeFiles/timesplitters.dir/D_/Programming/GitHub/Timesplitters/project/generated/sceDeci2ExRecv_0x2d47f8.cpp.obj
sceDeci2ExRecv_0x2d47f8.cpp
[ 78%] Building CXX object timesplitters/CMakeFiles/timesplitters.dir/D_/Programming/GitHub/Timesplitters/project/generated/sceDeci2ExReqSend_0x2d4868.cpp.obj
sceDeci2ExReqSend_0x2d4868.cpp
[ 78%] Building CXX object timesplitters/CMakeFiles/timesplitters.dir/D_/Programming/GitHub/Timesplitters/project/generated/sceDeci2ExSend_0x2d4830.cpp.obj
sceDeci2ExSend_0x2d4830.cpp
[ 78%] Building CXX object timesplitters/CMakeFiles/timesplitters.dir/D_/Programming/GitHub/Timesplitters/project/generated/sceDeci2ExUnLock_0x2d48c0.cpp.obj
sceDeci2ExUnLock_0x2d48c0.cpp
[ 78%] Building CXX object timesplitters/CMakeFiles/timesplitters.dir/D_/Programming/GitHub/Timesplitters/project/generated/sceDeci2Open_0x2d4730.cpp.obj
sceDeci2Open_0x2d4730.cpp
[ 78%] Building CXX object timesplitters/CMakeFiles/timesplitters.dir/D_/Programming/GitHub/Timesplitters/project/generated/sceDeci2Poll_0x2d47d0.cpp.obj
sceDeci2Poll_0x2d47d0.cpp
[ 78%] Building CXX object timesplitters/CMakeFiles/timesplitters.dir/D_/Programming/GitHub/Timesplitters/project/generated/sceDeci2ReqSend_0x2d47a0.cpp.obj
sceDeci2ReqSend_0x2d47a0.cpp
[ 78%] Building CXX object timesplitters/CMakeFiles/timesplitters.dir/D_/Programming/GitHub/Timesplitters/project/generated/sceDmaCallback_0x2cfc10.cpp.obj
sceDmaCallback_0x2cfc10.cpp
[ 78%] Building CXX object timesplitters/CMakeFiles/timesplitters.dir/D_/Programming/GitHub/Timesplitters/project/generated/sceDmaDebug_0x2cf258.cpp.obj
sceDmaDebug_0x2cf258.cpp
[ 78%] Building CXX object timesplitters/CMakeFiles/timesplitters.dir/D_/Programming/GitHub/Timesplitters/project/generated/sceDmaGetChan_0x2cf150.cpp.obj
sceDmaGetChan_0x2cf150.cpp
[ 78%] Building CXX object timesplitters/CMakeFiles/timesplitters.dir/D_/Programming/GitHub/Timesplitters/project/generated/sceDmaGetEnv_0x2cf440.cpp.obj
sceDmaGetEnv_0x2cf440.cpp
[ 78%] Building CXX object timesplitters/CMakeFiles/timesplitters.dir/D_/Programming/GitHub/Timesplitters/project/generated/sceDmaLastSyncTime_0x2cfbc0.cpp.obj
sceDmaLastSyncTime_0x2cfbc0.cpp
[ 78%] Building CXX object timesplitters/CMakeFiles/timesplitters.dir/D_/Programming/GitHub/Timesplitters/project/generated/sceDmaPause_0x2cfbd0.cpp.obj
sceDmaPause_0x2cfbd0.cpp
[ 78%] Building CXX object timesplitters/CMakeFiles/timesplitters.dir/D_/Programming/GitHub/Timesplitters/project/generated/sceDmaPutEnv_0x2cf268.cpp.obj
sceDmaPutEnv_0x2cf268.cpp
[ 78%] Building CXX object timesplitters/CMakeFiles/timesplitters.dir/D_/Programming/GitHub/Timesplitters/project/generated/sceDmaPutStallAddr_0x2cf478.cpp.obj
sceDmaPutStallAddr_0x2cf478.cpp
[ 78%] Building CXX object timesplitters/CMakeFiles/timesplitters.dir/D_/Programming/GitHub/Timesplitters/project/generated/sceDmaRecvI_0x2cf900.cpp.obj
sceDmaRecvI_0x2cf900.cpp
[ 78%] Building CXX object timesplitters/CMakeFiles/timesplitters.dir/D_/Programming/GitHub/Timesplitters/project/generated/sceDmaRecvN_0x2cf810.cpp.obj
sceDmaRecvN_0x2cf810.cpp
[ 78%] Building CXX object timesplitters/CMakeFiles/timesplitters.dir/D_/Programming/GitHub/Timesplitters/project/generated/sceDmaRecv_0x2cf748.cpp.obj
sceDmaRecv_0x2cf748.cpp
[ 78%] Building CXX object timesplitters/CMakeFiles/timesplitters.dir/D_/Programming/GitHub/Timesplitters/project/generated/sceDmaReset_0x2cf178.cpp.obj
sceDmaReset_0x2cf178.cpp
[ 78%] Building CXX object timesplitters/CMakeFiles/timesplitters.dir/D_/Programming/GitHub/Timesplitters/project/generated/sceDmaRestart_0x2cfbf0.cpp.obj
sceDmaRestart_0x2cfbf0.cpp
[ 79%] Building CXX object timesplitters/CMakeFiles/timesplitters.dir/D_/Programming/GitHub/Timesplitters/project/generated/sceDmaSendI_0x2cf660.cpp.obj
sceDmaSendI_0x2cf660.cpp
[ 79%] Building CXX object timesplitters/CMakeFiles/timesplitters.dir/D_/Programming/GitHub/Timesplitters/project/generated/sceDmaSendM_0x2cf9f0.cpp.obj
sceDmaSendM_0x2cf9f0.cpp
[ 79%] Building CXX object timesplitters/CMakeFiles/timesplitters.dir/D_/Programming/GitHub/Timesplitters/project/generated/sceDmaSendN_0x2cf578.cpp.obj
sceDmaSendN_0x2cf578.cpp
[ 79%] Building CXX object timesplitters/CMakeFiles/timesplitters.dir/D_/Programming/GitHub/Timesplitters/project/generated/sceDmaSend_0x2cf4a0.cpp.obj
sceDmaSend_0x2cf4a0.cpp
[ 79%] Building CXX object timesplitters/CMakeFiles/timesplitters.dir/D_/Programming/GitHub/Timesplitters/project/generated/sceDmaSyncN_0x2cfb98.cpp.obj
sceDmaSyncN_0x2cfb98.cpp
[ 79%] Building CXX object timesplitters/CMakeFiles/timesplitters.dir/D_/Programming/GitHub/Timesplitters/project/generated/sceDmaSync_0x2cfa00.cpp.obj
sceDmaSync_0x2cfa00.cpp
[ 79%] Building CXX object timesplitters/CMakeFiles/timesplitters.dir/D_/Programming/GitHub/Timesplitters/project/generated/sceDmaWatch_0x2cfac8.cpp.obj
sceDmaWatch_0x2cfac8.cpp
[ 79%] Building CXX object timesplitters/CMakeFiles/timesplitters.dir/D_/Programming/GitHub/Timesplitters/project/generated/sceFsInit_0x2d3418.cpp.obj
sceFsInit_0x2d3418.cpp
[ 79%] Building CXX object timesplitters/CMakeFiles/timesplitters.dir/D_/Programming/GitHub/Timesplitters/project/generated/sceFsReset_0x2d3500.cpp.obj
sceFsReset_0x2d3500.cpp
[ 79%] Building CXX object timesplitters/CMakeFiles/timesplitters.dir/D_/Programming/GitHub/Timesplitters/project/generated/sceGifPkAddGsData_0x2cfcd8.cpp.obj
sceGifPkAddGsData_0x2cfcd8.cpp
[ 79%] Building CXX object timesplitters/CMakeFiles/timesplitters.dir/D_/Programming/GitHub/Timesplitters/project/generated/sceGifPkInit_0x2cfc38.cpp.obj
sceGifPkInit_0x2cfc38.cpp
[ 79%] Building CXX object timesplitters/CMakeFiles/timesplitters.dir/D_/Programming/GitHub/Timesplitters/project/generated/sceGifPkReset_0x2cfc48.cpp.obj
sceGifPkReset_0x2cfc48.cpp
[ 79%] Building CXX object timesplitters/CMakeFiles/timesplitters.dir/D_/Programming/GitHub/Timesplitters/project/generated/sceGifPkSize_0x2cfcc0.cpp.obj
sceGifPkSize_0x2cfcc0.cpp
[ 79%] Building CXX object timesplitters/CMakeFiles/timesplitters.dir/D_/Programming/GitHub/Timesplitters/project/generated/sceGifPkTerminate_0x2cfc58.cpp.obj
sceGifPkTerminate_0x2cfc58.cpp
[ 79%] Building CXX object timesplitters/CMakeFiles/timesplitters.dir/D_/Programming/GitHub/Timesplitters/project/generated/sceGsGetGParam_0x2cdf50.cpp.obj
sceGsGetGParam_0x2cdf50.cpp
[ 79%] Building CXX object timesplitters/CMakeFiles/timesplitters.dir/D_/Programming/GitHub/Timesplitters/project/generated/sceGsGetIMR_0x2ce938.cpp.obj
sceGsGetIMR_0x2ce938.cpp
[ 79%] Building CXX object timesplitters/CMakeFiles/timesplitters.dir/D_/Programming/GitHub/Timesplitters/project/generated/sceGsPutDispEnv_0x2cebb8.cpp.obj
sceGsPutDispEnv_0x2cebb8.cpp
[ 79%] Building CXX object timesplitters/CMakeFiles/timesplitters.dir/D_/Programming/GitHub/Timesplitters/project/generated/sceGsPutDrawEnv_0x2cf030.cpp.obj
sceGsPutDrawEnv_0x2cf030.cpp
[ 79%] Building CXX object timesplitters/CMakeFiles/timesplitters.dir/D_/Programming/GitHub/Timesplitters/project/generated/sceGsPutIMR_0x2ce870.cpp.obj
sceGsPutIMR_0x2ce870.cpp
[ 79%] Building CXX object timesplitters/CMakeFiles/timesplitters.dir/D_/Programming/GitHub/Timesplitters/project/generated/sceGsResetGraph_0x2cde10.cpp.obj
sceGsResetGraph_0x2cde10.cpp
[ 79%] Building CXX object timesplitters/CMakeFiles/timesplitters.dir/D_/Programming/GitHub/Timesplitters/project/generated/sceGsResetPath_0x2cdf60.cpp.obj
sceGsResetPath_0x2cdf60.cpp
[ 79%] Building CXX object timesplitters/CMakeFiles/timesplitters.dir/D_/Programming/GitHub/Timesplitters/project/generated/sceGsSetDefClear_0x2cef28.cpp.obj
sceGsSetDefClear_0x2cef28.cpp
[ 79%] Building CXX object timesplitters/CMakeFiles/timesplitters.dir/D_/Programming/GitHub/Timesplitters/project/generated/sceGsSetDefDBuff_0x2cdfc8.cpp.obj
sceGsSetDefDBuff_0x2cdfc8.cpp
[ 79%] Building CXX object timesplitters/CMakeFiles/timesplitters.dir/D_/Programming/GitHub/Timesplitters/project/generated/sceGsSetDefDispEnv_0x2ce958.cpp.obj
sceGsSetDefDispEnv_0x2ce958.cpp
[ 79%] Building CXX object timesplitters/CMakeFiles/timesplitters.dir/D_/Programming/GitHub/Timesplitters/project/generated/sceGsSetDefDrawEnv_0x2ced40.cpp.obj
sceGsSetDefDrawEnv_0x2ced40.cpp
[ 79%] Building CXX object timesplitters/CMakeFiles/timesplitters.dir/D_/Programming/GitHub/Timesplitters/project/generated/sceGsSetDefLoadImage_0x2ce688.cpp.obj
sceGsSetDefLoadImage_0x2ce688.cpp
[ 79%] Building CXX object timesplitters/CMakeFiles/timesplitters.dir/D_/Programming/GitHub/Timesplitters/project/generated/sceGsSetHalfOffset_0x2ce8b0.cpp.obj
sceGsSetHalfOffset_0x2ce8b0.cpp
[ 79%] Building CXX object timesplitters/CMakeFiles/timesplitters.dir/D_/Programming/GitHub/Timesplitters/project/generated/sceGsSwapDBuff_0x2ce278.cpp.obj
sceGsSwapDBuff_0x2ce278.cpp
[ 79%] Building CXX object timesplitters/CMakeFiles/timesplitters.dir/D_/Programming/GitHub/Timesplitters/project/generated/sceGsSyncPath_0x2ce370.cpp.obj
sceGsSyncPath_0x2ce370.cpp
[ 80%] Building CXX object timesplitters/CMakeFiles/timesplitters.dir/D_/Programming/GitHub/Timesplitters/project/generated/sceGsSyncV_0x2ce2d8.cpp.obj
sceGsSyncV_0x2ce2d8.cpp
[ 80%] Building CXX object timesplitters/CMakeFiles/timesplitters.dir/D_/Programming/GitHub/Timesplitters/project/generated/sceGszbufaddr_0x2cec78.cpp.obj
sceGszbufaddr_0x2cec78.cpp
[ 80%] Building CXX object timesplitters/CMakeFiles/timesplitters.dir/D_/Programming/GitHub/Timesplitters/project/generated/sceIoctl_0x2d3b40.cpp.obj
sceIoctl_0x2d3b40.cpp
[ 80%] Building CXX object timesplitters/CMakeFiles/timesplitters.dir/D_/Programming/GitHub/Timesplitters/project/generated/sceLseek_0x2d3720.cpp.obj
sceLseek_0x2d3720.cpp
[ 80%] Building CXX object timesplitters/CMakeFiles/timesplitters.dir/D_/Programming/GitHub/Timesplitters/project/generated/sceMcChdir_0x2dd248.cpp.obj
sceMcChdir_0x2dd248.cpp
[ 80%] Building CXX object timesplitters/CMakeFiles/timesplitters.dir/D_/Programming/GitHub/Timesplitters/project/generated/sceMcClose_0x2dca88.cpp.obj
sceMcClose_0x2dca88.cpp
[ 80%] Building CXX object timesplitters/CMakeFiles/timesplitters.dir/D_/Programming/GitHub/Timesplitters/project/generated/sceMcDelete_0x2dd3c0.cpp.obj
sceMcDelete_0x2dd3c0.cpp
[ 80%] Building CXX object timesplitters/CMakeFiles/timesplitters.dir/D_/Programming/GitHub/Timesplitters/project/generated/sceMcFlush_0x2dd498.cpp.obj
sceMcFlush_0x2dd498.cpp
[ 80%] Building CXX object timesplitters/CMakeFiles/timesplitters.dir/D_/Programming/GitHub/Timesplitters/project/generated/sceMcFormat_0x2dd330.cpp.obj
sceMcFormat_0x2dd330.cpp
[ 80%] Building CXX object timesplitters/CMakeFiles/timesplitters.dir/D_/Programming/GitHub/Timesplitters/project/generated/sceMcGetDir_0x2dd0d8.cpp.obj
sceMcGetDir_0x2dd0d8.cpp
[ 80%] Building CXX object timesplitters/CMakeFiles/timesplitters.dir/D_/Programming/GitHub/Timesplitters/project/generated/sceMcGetEntSpace_0x2dd810.cpp.obj
sceMcGetEntSpace_0x2dd810.cpp
[ 80%] Building CXX object timesplitters/CMakeFiles/timesplitters.dir/D_/Programming/GitHub/Timesplitters/project/generated/sceMcGetInfo_0x2dcf90.cpp.obj
sceMcGetInfo_0x2dcf90.cpp
[ 80%] Building CXX object timesplitters/CMakeFiles/timesplitters.dir/D_/Programming/GitHub/Timesplitters/project/generated/sceMcInit_0x2dc7e8.cpp.obj
sceMcInit_0x2dc7e8.cpp
[ 80%] Building CXX object timesplitters/CMakeFiles/timesplitters.dir/D_/Programming/GitHub/Timesplitters/project/generated/sceMcMkdir_0x2dca50.cpp.obj
sceMcMkdir_0x2dca50.cpp
[ 80%] Building CXX object timesplitters/CMakeFiles/timesplitters.dir/D_/Programming/GitHub/Timesplitters/project/generated/sceMcOpen_0x2dc968.cpp.obj
sceMcOpen_0x2dc968.cpp
[ 80%] Building CXX object timesplitters/CMakeFiles/timesplitters.dir/D_/Programming/GitHub/Timesplitters/project/generated/sceMcRead_0x2dcc38.cpp.obj
sceMcRead_0x2dcc38.cpp
[ 80%] Building CXX object timesplitters/CMakeFiles/timesplitters.dir/D_/Programming/GitHub/Timesplitters/project/generated/sceMcRename_0x2dd680.cpp.obj
sceMcRename_0x2dd680.cpp
[ 80%] Building CXX object timesplitters/CMakeFiles/timesplitters.dir/D_/Programming/GitHub/Timesplitters/project/generated/sceMcSeek_0x2dcb18.cpp.obj
sceMcSeek_0x2dcb18.cpp
[ 80%] Building CXX object timesplitters/CMakeFiles/timesplitters.dir/D_/Programming/GitHub/Timesplitters/project/generated/sceMcSetFileInfo_0x2dd528.cpp.obj
sceMcSetFileInfo_0x2dd528.cpp
[ 80%] Building CXX object timesplitters/CMakeFiles/timesplitters.dir/D_/Programming/GitHub/Timesplitters/project/generated/sceMcSync_0x2dce48.cpp.obj
sceMcSync_0x2dce48.cpp
[ 80%] Building CXX object timesplitters/CMakeFiles/timesplitters.dir/D_/Programming/GitHub/Timesplitters/project/generated/sceMcUnformat_0x2dd780.cpp.obj
sceMcUnformat_0x2dd780.cpp
[ 80%] Building CXX object timesplitters/CMakeFiles/timesplitters.dir/D_/Programming/GitHub/Timesplitters/project/generated/sceMcWrite_0x2dcd10.cpp.obj
sceMcWrite_0x2dcd10.cpp
[ 80%] Building CXX object timesplitters/CMakeFiles/timesplitters.dir/D_/Programming/GitHub/Timesplitters/project/generated/sceMtapChangeSlot_0x2d5df8.cpp.obj
sceMtapChangeSlot_0x2d5df8.cpp
[ 80%] Building CXX object timesplitters/CMakeFiles/timesplitters.dir/D_/Programming/GitHub/Timesplitters/project/generated/sceMtapGetConnection_0x2d5d18.cpp.obj
sceMtapGetConnection_0x2d5d18.cpp
[ 80%] Building CXX object timesplitters/CMakeFiles/timesplitters.dir/D_/Programming/GitHub/Timesplitters/project/generated/sceMtapGetSlotNumber_0x2d5d88.cpp.obj
sceMtapGetSlotNumber_0x2d5d88.cpp
[ 80%] Building CXX object timesplitters/CMakeFiles/timesplitters.dir/D_/Programming/GitHub/Timesplitters/project/generated/sceMtapInit_0x2d59d8.cpp.obj
sceMtapInit_0x2d59d8.cpp
[ 80%] Building CXX object timesplitters/CMakeFiles/timesplitters.dir/D_/Programming/GitHub/Timesplitters/project/generated/sceMtapPortClose_0x2d5ca8.cpp.obj
sceMtapPortClose_0x2d5ca8.cpp
[ 80%] Building CXX object timesplitters/CMakeFiles/timesplitters.dir/D_/Programming/GitHub/Timesplitters/project/generated/sceMtapPortOpen_0x2d5c38.cpp.obj
sceMtapPortOpen_0x2d5c38.cpp
[ 80%] Building CXX object timesplitters/CMakeFiles/timesplitters.dir/D_/Programming/GitHub/Timesplitters/project/generated/sceOpen_0x2d3510.cpp.obj
sceOpen_0x2d3510.cpp
[ 80%] Building CXX object timesplitters/CMakeFiles/timesplitters.dir/D_/Programming/GitHub/Timesplitters/project/generated/scePadEnd_0x2d4b40.cpp.obj
scePadEnd_0x2d4b40.cpp
[ 81%] Building CXX object timesplitters/CMakeFiles/timesplitters.dir/D_/Programming/GitHub/Timesplitters/project/generated/scePadEnterPressMode_0x2d56f0.cpp.obj
scePadEnterPressMode_0x2d56f0.cpp
[ 81%] Building CXX object timesplitters/CMakeFiles/timesplitters.dir/D_/Programming/GitHub/Timesplitters/project/generated/scePadExitPressMode_0x2d5710.cpp.obj
scePadExitPressMode_0x2d5710.cpp
[ 81%] Building CXX object timesplitters/CMakeFiles/timesplitters.dir/D_/Programming/GitHub/Timesplitters/project/generated/scePadGetButtonMask_0x2d55a0.cpp.obj
scePadGetButtonMask_0x2d55a0.cpp
[ 81%] Building CXX object timesplitters/CMakeFiles/timesplitters.dir/D_/Programming/GitHub/Timesplitters/project/generated/scePadGetConnection_0x2d58c8.cpp.obj
scePadGetConnection_0x2d58c8.cpp
[ 81%] Building CXX object timesplitters/CMakeFiles/timesplitters.dir/D_/Programming/GitHub/Timesplitters/project/generated/scePadGetDmaStr_0x2d4d90.cpp.obj
scePadGetDmaStr_0x2d4d90.cpp
[ 81%] Building CXX object timesplitters/CMakeFiles/timesplitters.dir/D_/Programming/GitHub/Timesplitters/project/generated/scePadGetFrameCount_0x2d4df0.cpp.obj
scePadGetFrameCount_0x2d4df0.cpp
[ 81%] Building CXX object timesplitters/CMakeFiles/timesplitters.dir/D_/Programming/GitHub/Timesplitters/project/generated/scePadGetModVersion_0x2d5938.cpp.obj
scePadGetModVersion_0x2d5938.cpp
[ 81%] Building CXX object timesplitters/CMakeFiles/timesplitters.dir/D_/Programming/GitHub/Timesplitters/project/generated/scePadGetPortMax_0x2d57f8.cpp.obj
scePadGetPortMax_0x2d57f8.cpp
[ 81%] Building CXX object timesplitters/CMakeFiles/timesplitters.dir/D_/Programming/GitHub/Timesplitters/project/generated/scePadGetReqState_0x2d5008.cpp.obj
scePadGetReqState_0x2d5008.cpp
[ 81%] Building CXX object timesplitters/CMakeFiles/timesplitters.dir/D_/Programming/GitHub/Timesplitters/project/generated/scePadGetSlotMax_0x2d5860.cpp.obj
scePadGetSlotMax_0x2d5860.cpp
[ 81%] Building CXX object timesplitters/CMakeFiles/timesplitters.dir/D_/Programming/GitHub/Timesplitters/project/generated/scePadGetState_0x2d4ea0.cpp.obj
scePadGetState_0x2d4ea0.cpp
[ 81%] Building CXX object timesplitters/CMakeFiles/timesplitters.dir/D_/Programming/GitHub/Timesplitters/project/generated/scePadInfoAct_0x2d50a8.cpp.obj
scePadInfoAct_0x2d50a8.cpp
[ 81%] Building CXX object timesplitters/CMakeFiles/timesplitters.dir/D_/Programming/GitHub/Timesplitters/project/generated/scePadInfoComb_0x2d5198.cpp.obj
scePadInfoComb_0x2d5198.cpp
[ 81%] Building CXX object timesplitters/CMakeFiles/timesplitters.dir/D_/Programming/GitHub/Timesplitters/project/generated/scePadInfoMode_0x2d5280.cpp.obj
scePadInfoMode_0x2d5280.cpp
[ 81%] Building CXX object timesplitters/CMakeFiles/timesplitters.dir/D_/Programming/GitHub/Timesplitters/project/generated/scePadInfoPressMode_0x2d56c0.cpp.obj
scePadInfoPressMode_0x2d56c0.cpp
[ 81%] Building CXX object timesplitters/CMakeFiles/timesplitters.dir/D_/Programming/GitHub/Timesplitters/project/generated/scePadInit2_0x2d4aa8.cpp.obj
scePadInit2_0x2d4aa8.cpp
[ 81%] Building CXX object timesplitters/CMakeFiles/timesplitters.dir/D_/Programming/GitHub/Timesplitters/project/generated/scePadInit_0x2d4998.cpp.obj
scePadInit_0x2d4998.cpp
[ 81%] Building CXX object timesplitters/CMakeFiles/timesplitters.dir/D_/Programming/GitHub/Timesplitters/project/generated/scePadPortClose_0x2d4d18.cpp.obj
scePadPortClose_0x2d4d18.cpp
[ 81%] Building CXX object timesplitters/CMakeFiles/timesplitters.dir/D_/Programming/GitHub/Timesplitters/project/generated/scePadPortOpen_0x2d4bc0.cpp.obj
scePadPortOpen_0x2d4bc0.cpp
[ 81%] Building CXX object timesplitters/CMakeFiles/timesplitters.dir/D_/Programming/GitHub/Timesplitters/project/generated/scePadRead_0x2d4e10.cpp.obj
scePadRead_0x2d4e10.cpp
[ 81%] Building CXX object timesplitters/CMakeFiles/timesplitters.dir/D_/Programming/GitHub/Timesplitters/project/generated/scePadReqIntToStr_0x2d5070.cpp.obj
scePadReqIntToStr_0x2d5070.cpp
[ 81%] Building CXX object timesplitters/CMakeFiles/timesplitters.dir/D_/Programming/GitHub/Timesplitters/project/generated/scePadSetActAlign_0x2d54d0.cpp.obj
scePadSetActAlign_0x2d54d0.cpp
[ 81%] Building CXX object timesplitters/CMakeFiles/timesplitters.dir/D_/Programming/GitHub/Timesplitters/project/generated/scePadSetActDirect_0x2d5438.cpp.obj
scePadSetActDirect_0x2d5438.cpp
[ 81%] Building CXX object timesplitters/CMakeFiles/timesplitters.dir/D_/Programming/GitHub/Timesplitters/project/generated/scePadSetButtonInfo_0x2d5610.cpp.obj
scePadSetButtonInfo_0x2d5610.cpp
[ 81%] Building CXX object timesplitters/CMakeFiles/timesplitters.dir/D_/Programming/GitHub/Timesplitters/project/generated/scePadSetMainMode_0x2d5388.cpp.obj
scePadSetMainMode_0x2d5388.cpp
[ 81%] Building CXX object timesplitters/CMakeFiles/timesplitters.dir/D_/Programming/GitHub/Timesplitters/project/generated/scePadSetReqState_0x2d4f90.cpp.obj
scePadSetReqState_0x2d4f90.cpp
[ 81%] Building CXX object timesplitters/CMakeFiles/timesplitters.dir/D_/Programming/GitHub/Timesplitters/project/generated/scePadSetVrefParam_0x2d5730.cpp.obj
scePadSetVrefParam_0x2d5730.cpp
[ 81%] Building CXX object timesplitters/CMakeFiles/timesplitters.dir/D_/Programming/GitHub/Timesplitters/project/generated/scePadStateIntToStr_0x2d4f58.cpp.obj
scePadStateIntToStr_0x2d4f58.cpp
[ 81%] Building CXX object timesplitters/CMakeFiles/timesplitters.dir/D_/Programming/GitHub/Timesplitters/project/generated/scePrintf_0x2d1d80.cpp.obj
scePrintf_0x2d1d80.cpp
[ 82%] Building CXX object timesplitters/CMakeFiles/timesplitters.dir/D_/Programming/GitHub/Timesplitters/project/generated/sceRead_0x2d3890.cpp.obj
sceRead_0x2d3890.cpp
[ 82%] Building CXX object timesplitters/CMakeFiles/timesplitters.dir/D_/Programming/GitHub/Timesplitters/project/generated/sceScfGetAspect_0x2e09d8.cpp.obj
sceScfGetAspect_0x2e09d8.cpp
[ 82%] Building CXX object timesplitters/CMakeFiles/timesplitters.dir/D_/Programming/GitHub/Timesplitters/project/generated/sceScfGetDateNotation_0x2e0ac0.cpp.obj
sceScfGetDateNotation_0x2e0ac0.cpp
[ 82%] Building CXX object timesplitters/CMakeFiles/timesplitters.dir/D_/Programming/GitHub/Timesplitters/project/generated/sceScfGetGMTfromRTC_0x2e1178.cpp.obj
sceScfGetGMTfromRTC_0x2e1178.cpp
[ 82%] Building CXX object timesplitters/CMakeFiles/timesplitters.dir/D_/Programming/GitHub/Timesplitters/project/generated/sceScfGetLanguage_0x2e0958.cpp.obj
sceScfGetLanguage_0x2e0958.cpp
[ 82%] Building CXX object timesplitters/CMakeFiles/timesplitters.dir/D_/Programming/GitHub/Timesplitters/project/generated/sceScfGetLocalTimefromRTC_0x2e11c0.cpp.obj
sceScfGetLocalTimefromRTC_0x2e11c0.cpp
[ 82%] Building CXX object timesplitters/CMakeFiles/timesplitters.dir/D_/Programming/GitHub/Timesplitters/project/generated/sceScfGetSpdif_0x2e0a18.cpp.obj
sceScfGetSpdif_0x2e0a18.cpp
[ 82%] Building CXX object timesplitters/CMakeFiles/timesplitters.dir/D_/Programming/GitHub/Timesplitters/project/generated/sceScfGetSummerTime_0x2e0b40.cpp.obj
sceScfGetSummerTime_0x2e0b40.cpp
[ 82%] Building CXX object timesplitters/CMakeFiles/timesplitters.dir/D_/Programming/GitHub/Timesplitters/project/generated/sceScfGetTimeNotation_0x2e0bc0.cpp.obj
sceScfGetTimeNotation_0x2e0bc0.cpp
[ 82%] Building CXX object timesplitters/CMakeFiles/timesplitters.dir/D_/Programming/GitHub/Timesplitters/project/generated/sceScfGetTimeZone_0x2e0a58.cpp.obj
sceScfGetTimeZone_0x2e0a58.cpp
[ 82%] Building CXX object timesplitters/CMakeFiles/timesplitters.dir/D_/Programming/GitHub/Timesplitters/project/generated/sceScfSetT10kConfig_0x2e09b8.cpp.obj
sceScfSetT10kConfig_0x2e09b8.cpp
[ 82%] Building CXX object timesplitters/CMakeFiles/timesplitters.dir/D_/Programming/GitHub/Timesplitters/project/generated/sceSdCallBack_0x2dda00.cpp.obj
sceSdCallBack_0x2dda00.cpp
[ 82%] Building CXX object timesplitters/CMakeFiles/timesplitters.dir/D_/Programming/GitHub/Timesplitters/project/generated/sceSdRemoteCallbackInit_0x2ddc20.cpp.obj
sceSdRemoteCallbackInit_0x2ddc20.cpp
[ 82%] Building CXX object timesplitters/CMakeFiles/timesplitters.dir/D_/Programming/GitHub/Timesplitters/project/generated/sceSdRemoteInit_0x2dd8c8.cpp.obj
sceSdRemoteInit_0x2dd8c8.cpp
[ 82%] Building CXX object timesplitters/CMakeFiles/timesplitters.dir/D_/Programming/GitHub/Timesplitters/project/generated/sceSdRemote_0x2dda10.cpp.obj
sceSdRemote_0x2dda10.cpp
[ 82%] Building CXX object timesplitters/CMakeFiles/timesplitters.dir/D_/Programming/GitHub/Timesplitters/project/generated/sceSdTransToIOP_0x2dd990.cpp.obj
sceSdTransToIOP_0x2dd990.cpp
[ 82%] Building CXX object timesplitters/CMakeFiles/timesplitters.dir/D_/Programming/GitHub/Timesplitters/project/generated/sceSifAddCmdHandler_0x2d2138.cpp.obj
sceSifAddCmdHandler_0x2d2138.cpp
[ 82%] Building CXX object timesplitters/CMakeFiles/timesplitters.dir/D_/Programming/GitHub/Timesplitters/project/generated/sceSifAllocIopHeap_0x2d3c68.cpp.obj
sceSifAllocIopHeap_0x2d3c68.cpp
[ 82%] Building CXX object timesplitters/CMakeFiles/timesplitters.dir/D_/Programming/GitHub/Timesplitters/project/generated/sceSifBindRpc_0x2d2b58.cpp.obj
sceSifBindRpc_0x2d2b58.cpp
[ 82%] Building CXX object timesplitters/CMakeFiles/timesplitters.dir/D_/Programming/GitHub/Timesplitters/project/generated/sceSifCallRpc_0x2d2d08.cpp.obj
sceSifCallRpc_0x2d2d08.cpp
[ 82%] Building CXX object timesplitters/CMakeFiles/timesplitters.dir/D_/Programming/GitHub/Timesplitters/project/generated/sceSifCheckStatRpc_0x2d2ec0.cpp.obj
sceSifCheckStatRpc_0x2d2ec0.cpp
[ 82%] Building CXX object timesplitters/CMakeFiles/timesplitters.dir/D_/Programming/GitHub/Timesplitters/project/generated/sceSifDmaStat_0x2d04c0.cpp.obj
sceSifDmaStat_0x2d04c0.cpp
[ 82%] Building CXX object timesplitters/CMakeFiles/timesplitters.dir/D_/Programming/GitHub/Timesplitters/project/generated/sceSifExecRequest_0x2d3160.cpp.obj
sceSifExecRequest_0x2d3160.cpp
[ 82%] Building CXX object timesplitters/CMakeFiles/timesplitters.dir/D_/Programming/GitHub/Timesplitters/project/generated/sceSifExitCmd_0x2d20e0.cpp.obj
sceSifExitCmd_0x2d20e0.cpp
[ 82%] Building CXX object timesplitters/CMakeFiles/timesplitters.dir/D_/Programming/GitHub/Timesplitters/project/generated/sceSifExitRpc_0x2d26b0.cpp.obj
sceSifExitRpc_0x2d26b0.cpp
[ 82%] Building CXX object timesplitters/CMakeFiles/timesplitters.dir/D_/Programming/GitHub/Timesplitters/project/generated/sceSifFreeIopHeap_0x2d3cd8.cpp.obj
sceSifFreeIopHeap_0x2d3cd8.cpp
[ 82%] Building CXX object timesplitters/CMakeFiles/timesplitters.dir/D_/Programming/GitHub/Timesplitters/project/generated/sceSifGetDataTable_0x2d1e58.cpp.obj
sceSifGetDataTable_0x2d1e58.cpp
[ 82%] Building CXX object timesplitters/CMakeFiles/timesplitters.dir/D_/Programming/GitHub/Timesplitters/project/generated/sceSifGetIopAddr_0x2d4228.cpp.obj
sceSifGetIopAddr_0x2d4228.cpp
[ 82%] Building CXX object timesplitters/CMakeFiles/timesplitters.dir/D_/Programming/GitHub/Timesplitters/project/generated/sceSifGetNextRequest_0x2d3110.cpp.obj
sceSifGetNextRequest_0x2d3110.cpp
[ 82%] Building CXX object timesplitters/CMakeFiles/timesplitters.dir/D_/Programming/GitHub/Timesplitters/project/generated/sceSifGetOtherData_0x2d2920.cpp.obj
sceSifGetOtherData_0x2d2920.cpp
[ 83%] Building CXX object timesplitters/CMakeFiles/timesplitters.dir/D_/Programming/GitHub/Timesplitters/project/generated/sceSifGetReg_0x2d0530.cpp.obj
sceSifGetReg_0x2d0530.cpp
[ 83%] Building CXX object timesplitters/CMakeFiles/timesplitters.dir/D_/Programming/GitHub/Timesplitters/project/generated/sceSifGetSreg_0x2d1e20.cpp.obj
sceSifGetSreg_0x2d1e20.cpp
[ 83%] Building CXX object timesplitters/CMakeFiles/timesplitters.dir/D_/Programming/GitHub/Timesplitters/project/generated/sceSifInitCmd_0x2d1e68.cpp.obj
sceSifInitCmd_0x2d1e68.cpp
[ 83%] Building CXX object timesplitters/CMakeFiles/timesplitters.dir/D_/Programming/GitHub/Timesplitters/project/generated/sceSifInitIopHeap_0x2d3bd8.cpp.obj
sceSifInitIopHeap_0x2d3bd8.cpp
[ 83%] Building CXX object timesplitters/CMakeFiles/timesplitters.dir/D_/Programming/GitHub/Timesplitters/project/generated/sceSifInitRpc_0x2d2520.cpp.obj
sceSifInitRpc_0x2d2520.cpp
[ 83%] Building CXX object timesplitters/CMakeFiles/timesplitters.dir/D_/Programming/GitHub/Timesplitters/project/generated/sceSifIsAliveIop_0x2d4528.cpp.obj
sceSifIsAliveIop_0x2d4528.cpp
[ 83%] Building CXX object timesplitters/CMakeFiles/timesplitters.dir/D_/Programming/GitHub/Timesplitters/project/generated/sceSifLoadElfPart_0x2d41e0.cpp.obj
sceSifLoadElfPart_0x2d41e0.cpp
[ 83%] Building CXX object timesplitters/CMakeFiles/timesplitters.dir/D_/Programming/GitHub/Timesplitters/project/generated/sceSifLoadElf_0x2d4200.cpp.obj
sceSifLoadElf_0x2d4200.cpp
[ 83%] Building CXX object timesplitters/CMakeFiles/timesplitters.dir/D_/Programming/GitHub/Timesplitters/project/generated/sceSifLoadFileReset_0x2d3ed8.cpp.obj
sceSifLoadFileReset_0x2d3ed8.cpp
[ 83%] Building CXX object timesplitters/CMakeFiles/timesplitters.dir/D_/Programming/GitHub/Timesplitters/project/generated/sceSifLoadIopHeap_0x2d3d50.cpp.obj
sceSifLoadIopHeap_0x2d3d50.cpp
[ 83%] Building CXX object timesplitters/CMakeFiles/timesplitters.dir/D_/Programming/GitHub/Timesplitters/project/generated/sceSifLoadModule_0x2d40d0.cpp.obj
sceSifLoadModule_0x2d40d0.cpp
[ 83%] Building CXX object timesplitters/CMakeFiles/timesplitters.dir/D_/Programming/GitHub/Timesplitters/project/generated/sceSifRebootIop_0x2d4598.cpp.obj
sceSifRebootIop_0x2d4598.cpp
[ 83%] Building CXX object timesplitters/CMakeFiles/timesplitters.dir/D_/Programming/GitHub/Timesplitters/project/generated/sceSifRegisterRpc_0x2d2f78.cpp.obj
sceSifRegisterRpc_0x2d2f78.cpp
[ 83%] Building CXX object timesplitters/CMakeFiles/timesplitters.dir/D_/Programming/GitHub/Timesplitters/project/generated/sceSifRemoveCmdHandler_0x2d2168.cpp.obj
sceSifRemoveCmdHandler_0x2d2168.cpp
[ 83%] Building CXX object timesplitters/CMakeFiles/timesplitters.dir/D_/Programming/GitHub/Timesplitters/project/generated/sceSifRemoveRpcQueue_0x2d3088.cpp.obj
sceSifRemoveRpcQueue_0x2d3088.cpp
[ 83%] Building CXX object timesplitters/CMakeFiles/timesplitters.dir/D_/Programming/GitHub/Timesplitters/project/generated/sceSifRemoveRpc_0x2d3008.cpp.obj
sceSifRemoveRpc_0x2d3008.cpp
[ 83%] Building CXX object timesplitters/CMakeFiles/timesplitters.dir/D_/Programming/GitHub/Timesplitters/project/generated/sceSifResetIop_0x2d43f8.cpp.obj
sceSifResetIop_0x2d43f8.cpp
[ 83%] Building CXX object timesplitters/CMakeFiles/timesplitters.dir/D_/Programming/GitHub/Timesplitters/project/generated/sceSifRpcLoop_0x2d3340.cpp.obj
sceSifRpcLoop_0x2d3340.cpp
[ 83%] Building CXX object timesplitters/CMakeFiles/timesplitters.dir/D_/Programming/GitHub/Timesplitters/project/generated/sceSifSendCmd_0x2d22d0.cpp.obj
sceSifSendCmd_0x2d22d0.cpp
[ 83%] Building CXX object timesplitters/CMakeFiles/timesplitters.dir/D_/Programming/GitHub/Timesplitters/project/generated/sceSifSetCmdBuffer_0x2d2108.cpp.obj
sceSifSetCmdBuffer_0x2d2108.cpp
[ 83%] Building CXX object timesplitters/CMakeFiles/timesplitters.dir/D_/Programming/GitHub/Timesplitters/project/generated/sceSifSetDChain_0x2d0500.cpp.obj
sceSifSetDChain_0x2d0500.cpp
[ 83%] Building CXX object timesplitters/CMakeFiles/timesplitters.dir/D_/Programming/GitHub/Timesplitters/project/generated/sceSifSetDma_0x2d04e0.cpp.obj
sceSifSetDma_0x2d04e0.cpp
[ 83%] Building CXX object timesplitters/CMakeFiles/timesplitters.dir/D_/Programming/GitHub/Timesplitters/project/generated/sceSifSetIopAddr_0x2d4318.cpp.obj
sceSifSetIopAddr_0x2d4318.cpp
[ 83%] Building CXX object timesplitters/CMakeFiles/timesplitters.dir/D_/Programming/GitHub/Timesplitters/project/generated/sceSifSetReg_0x2d0520.cpp.obj
sceSifSetReg_0x2d0520.cpp
[ 83%] Building CXX object timesplitters/CMakeFiles/timesplitters.dir/D_/Programming/GitHub/Timesplitters/project/generated/sceSifSetRpcQueue_0x2d2f00.cpp.obj
sceSifSetRpcQueue_0x2d2f00.cpp
[ 83%] Building CXX object timesplitters/CMakeFiles/timesplitters.dir/D_/Programming/GitHub/Timesplitters/project/generated/sceSifSetSreg_0x2d1e38.cpp.obj
sceSifSetSreg_0x2d1e38.cpp
[ 83%] Building CXX object timesplitters/CMakeFiles/timesplitters.dir/D_/Programming/GitHub/Timesplitters/project/generated/sceSifSetSysCmdBuffer_0x2d2120.cpp.obj
sceSifSetSysCmdBuffer_0x2d2120.cpp
[ 83%] Building CXX object timesplitters/CMakeFiles/timesplitters.dir/D_/Programming/GitHub/Timesplitters/project/generated/sceSifStopDma_0x2d03f0.cpp.obj
sceSifStopDma_0x2d03f0.cpp
[ 83%] Building CXX object timesplitters/CMakeFiles/timesplitters.dir/D_/Programming/GitHub/Timesplitters/project/generated/sceSifSyncIop_0x2d4550.cpp.obj
sceSifSyncIop_0x2d4550.cpp
[ 84%] Building CXX object timesplitters/CMakeFiles/timesplitters.dir/D_/Programming/GitHub/Timesplitters/project/generated/sceSifWriteBackDCache_0x2d2470.cpp.obj
sceSifWriteBackDCache_0x2d2470.cpp
[ 84%] Building CXX object timesplitters/CMakeFiles/timesplitters.dir/D_/Programming/GitHub/Timesplitters/project/generated/sceTtyHandler_0x2d0f60.cpp.obj
sceTtyHandler_0x2d0f60.cpp
[ 84%] Building CXX object timesplitters/CMakeFiles/timesplitters.dir/D_/Programming/GitHub/Timesplitters/project/generated/sceTtyInit_0x2d1308.cpp.obj
sceTtyInit_0x2d1308.cpp
[ 84%] Building CXX object timesplitters/CMakeFiles/timesplitters.dir/D_/Programming/GitHub/Timesplitters/project/generated/sceTtyRead_0x2d1230.cpp.obj
sceTtyRead_0x2d1230.cpp
[ 84%] Building CXX object timesplitters/CMakeFiles/timesplitters.dir/D_/Programming/GitHub/Timesplitters/project/generated/sceTtyWrite_0x2d10e0.cpp.obj
sceTtyWrite_0x2d10e0.cpp
[ 84%] Building CXX object timesplitters/CMakeFiles/timesplitters.dir/D_/Programming/GitHub/Timesplitters/project/generated/sceVpu0Reset_0x2d6b48.cpp.obj
sceVpu0Reset_0x2d6b48.cpp
[ 84%] Building CXX object timesplitters/CMakeFiles/timesplitters.dir/D_/Programming/GitHub/Timesplitters/project/generated/sceVu0AddVector_0x2d6080.cpp.obj
sceVu0AddVector_0x2d6080.cpp
[ 84%] Building CXX object timesplitters/CMakeFiles/timesplitters.dir/D_/Programming/GitHub/Timesplitters/project/generated/sceVu0ApplyMatrix_0x2d5e68.cpp.obj
sceVu0ApplyMatrix_0x2d5e68.cpp
[ 84%] Building CXX object timesplitters/CMakeFiles/timesplitters.dir/D_/Programming/GitHub/Timesplitters/project/generated/sceVu0CameraMatrix_0x2d6498.cpp.obj
sceVu0CameraMatrix_0x2d6498.cpp
[ 84%] Building CXX object timesplitters/CMakeFiles/timesplitters.dir/D_/Programming/GitHub/Timesplitters/project/generated/sceVu0ClampVector_0x2d6470.cpp.obj
sceVu0ClampVector_0x2d6470.cpp
[ 84%] Building CXX object timesplitters/CMakeFiles/timesplitters.dir/D_/Programming/GitHub/Timesplitters/project/generated/sceVu0ClipAll_0x2d6ab8.cpp.obj
sceVu0ClipAll_0x2d6ab8.cpp
[ 84%] Building CXX object timesplitters/CMakeFiles/timesplitters.dir/D_/Programming/GitHub/Timesplitters/project/generated/sceVu0ClipScreen3_0x2d6a58.cpp.obj
sceVu0ClipScreen3_0x2d6a58.cpp
[ 84%] Building CXX object timesplitters/CMakeFiles/timesplitters.dir/D_/Programming/GitHub/Timesplitters/project/generated/sceVu0ClipScreen_0x2d6a10.cpp.obj
sceVu0ClipScreen_0x2d6a10.cpp
[ 84%] Building CXX object timesplitters/CMakeFiles/timesplitters.dir/D_/Programming/GitHub/Timesplitters/project/generated/sceVu0CopyMatrix_0x2d6120.cpp.obj
sceVu0CopyMatrix_0x2d6120.cpp
[ 84%] Building CXX object timesplitters/CMakeFiles/timesplitters.dir/D_/Programming/GitHub/Timesplitters/project/generated/sceVu0CopyVectorXYZ_0x2d69a8.cpp.obj
sceVu0CopyVectorXYZ_0x2d69a8.cpp
[ 84%] Building CXX object timesplitters/CMakeFiles/timesplitters.dir/D_/Programming/GitHub/Timesplitters/project/generated/sceVu0CopyVector_0x2d6110.cpp.obj
sceVu0CopyVector_0x2d6110.cpp
[ 84%] Building CXX object timesplitters/CMakeFiles/timesplitters.dir/D_/Programming/GitHub/Timesplitters/project/generated/sceVu0DivVectorXYZ_0x2d6038.cpp.obj
sceVu0DivVectorXYZ_0x2d6038.cpp
[ 84%] Building CXX object timesplitters/CMakeFiles/timesplitters.dir/D_/Programming/GitHub/Timesplitters/project/generated/sceVu0DivVector_0x2d6018.cpp.obj
sceVu0DivVector_0x2d6018.cpp
[ 84%] Building CXX object timesplitters/CMakeFiles/timesplitters.dir/D_/Programming/GitHub/Timesplitters/project/generated/sceVu0DropShadowMatrix_0x2d6778.cpp.obj
sceVu0DropShadowMatrix_0x2d6778.cpp
[ 84%] Building CXX object timesplitters/CMakeFiles/timesplitters.dir/D_/Programming/GitHub/Timesplitters/project/generated/sceVu0FTOI0Vector_0x2d6158.cpp.obj
sceVu0FTOI0Vector_0x2d6158.cpp
[ 84%] Building CXX object timesplitters/CMakeFiles/timesplitters.dir/D_/Programming/GitHub/Timesplitters/project/generated/sceVu0FTOI4Vector_0x2d6148.cpp.obj
sceVu0FTOI4Vector_0x2d6148.cpp
[ 84%] Building CXX object timesplitters/CMakeFiles/timesplitters.dir/D_/Programming/GitHub/Timesplitters/project/generated/sceVu0ITOF0Vector_0x2d6178.cpp.obj
sceVu0ITOF0Vector_0x2d6178.cpp
[ 84%] Building CXX object timesplitters/CMakeFiles/timesplitters.dir/D_/Programming/GitHub/Timesplitters/project/generated/sceVu0ITOF4Vector_0x2d6168.cpp.obj
sceVu0ITOF4Vector_0x2d6168.cpp
[ 84%] Building CXX object timesplitters/CMakeFiles/timesplitters.dir/D_/Programming/GitHub/Timesplitters/project/generated/sceVu0InnerProduct_0x2d5f00.cpp.obj
sceVu0InnerProduct_0x2d5f00.cpp
[ 84%] Building CXX object timesplitters/CMakeFiles/timesplitters.dir/D_/Programming/GitHub/Timesplitters/project/generated/sceVu0InterVectorXYZ_0x2d69c8.cpp.obj
sceVu0InterVectorXYZ_0x2d69c8.cpp
[ 84%] Building CXX object timesplitters/CMakeFiles/timesplitters.dir/D_/Programming/GitHub/Timesplitters/project/generated/sceVu0InterVector_0x2d6058.cpp.obj
sceVu0InterVector_0x2d6058.cpp
[ 84%] Building CXX object timesplitters/CMakeFiles/timesplitters.dir/D_/Programming/GitHub/Timesplitters/project/generated/sceVu0InversMatrix_0x2d5fa8.cpp.obj
sceVu0InversMatrix_0x2d5fa8.cpp
[ 84%] Building CXX object timesplitters/CMakeFiles/timesplitters.dir/D_/Programming/GitHub/Timesplitters/project/generated/sceVu0LightColorMatrix_0x2d6608.cpp.obj
sceVu0LightColorMatrix_0x2d6608.cpp
[ 84%] Building CXX object timesplitters/CMakeFiles/timesplitters.dir/D_/Programming/GitHub/Timesplitters/project/generated/sceVu0MulMatrix_0x2d5e98.cpp.obj
sceVu0MulMatrix_0x2d5e98.cpp
[ 84%] Building CXX object timesplitters/CMakeFiles/timesplitters.dir/D_/Programming/GitHub/Timesplitters/project/generated/sceVu0MulVector_0x2d60b0.cpp.obj
sceVu0MulVector_0x2d60b0.cpp
[ 86%] Building CXX object timesplitters/CMakeFiles/timesplitters.dir/D_/Programming/GitHub/Timesplitters/project/generated/sceVu0NormalLightMatrix_0x2d6548.cpp.obj
sceVu0NormalLightMatrix_0x2d6548.cpp
[ 86%] Building CXX object timesplitters/CMakeFiles/timesplitters.dir/D_/Programming/GitHub/Timesplitters/project/generated/sceVu0Normalize_0x2d5f28.cpp.obj
sceVu0Normalize_0x2d5f28.cpp
[ 86%] Building CXX object timesplitters/CMakeFiles/timesplitters.dir/D_/Programming/GitHub/Timesplitters/project/generated/sceVu0OuterProduct_0x2d5ee0.cpp.obj
sceVu0OuterProduct_0x2d5ee0.cpp
[ 86%] Building CXX object timesplitters/CMakeFiles/timesplitters.dir/D_/Programming/GitHub/Timesplitters/project/generated/sceVu0RotMatrixX_0x2d62d0.cpp.obj
sceVu0RotMatrixX_0x2d62d0.cpp
[ 86%] Building CXX object timesplitters/CMakeFiles/timesplitters.dir/D_/Programming/GitHub/Timesplitters/project/generated/sceVu0RotMatrixY_0x2d6378.cpp.obj
sceVu0RotMatrixY_0x2d6378.cpp
[ 86%] Building CXX object timesplitters/CMakeFiles/timesplitters.dir/D_/Programming/GitHub/Timesplitters/project/generated/sceVu0RotMatrixZ_0x2d6228.cpp.obj
sceVu0RotMatrixZ_0x2d6228.cpp
[ 86%] Building CXX object timesplitters/CMakeFiles/timesplitters.dir/D_/Programming/GitHub/Timesplitters/project/generated/sceVu0RotMatrix_0x2d6420.cpp.obj
sceVu0RotMatrix_0x2d6420.cpp
[ 86%] Building CXX object timesplitters/CMakeFiles/timesplitters.dir/D_/Programming/GitHub/Timesplitters/project/generated/sceVu0RotTransPersN_0x2d6908.cpp.obj
sceVu0RotTransPersN_0x2d6908.cpp
[ 86%] Building CXX object timesplitters/CMakeFiles/timesplitters.dir/D_/Programming/GitHub/Timesplitters/project/generated/sceVu0RotTransPers_0x2d6960.cpp.obj
sceVu0RotTransPers_0x2d6960.cpp
[ 86%] Building CXX object timesplitters/CMakeFiles/timesplitters.dir/D_/Programming/GitHub/Timesplitters/project/generated/sceVu0ScaleVectorXYZ_0x2d69f8.cpp.obj
sceVu0ScaleVectorXYZ_0x2d69f8.cpp
[ 86%] Building CXX object timesplitters/CMakeFiles/timesplitters.dir/D_/Programming/GitHub/Timesplitters/project/generated/sceVu0ScaleVector_0x2d60c8.cpp.obj
sceVu0ScaleVector_0x2d60c8.cpp
[ 86%] Building CXX object timesplitters/CMakeFiles/timesplitters.dir/D_/Programming/GitHub/Timesplitters/project/generated/sceVu0SubVector_0x2d6098.cpp.obj
sceVu0SubVector_0x2d6098.cpp
[ 86%] Building CXX object timesplitters/CMakeFiles/timesplitters.dir/D_/Programming/GitHub/Timesplitters/project/generated/sceVu0TransMatrix_0x2d60e0.cpp.obj
sceVu0TransMatrix_0x2d60e0.cpp
[ 86%] Building CXX object timesplitters/CMakeFiles/timesplitters.dir/D_/Programming/GitHub/Timesplitters/project/generated/sceVu0TransposeMatrix_0x2d5f60.cpp.obj
sceVu0TransposeMatrix_0x2d5f60.cpp
[ 86%] Building CXX object timesplitters/CMakeFiles/timesplitters.dir/D_/Programming/GitHub/Timesplitters/project/generated/sceVu0UnitMatrix_0x2d6188.cpp.obj
sceVu0UnitMatrix_0x2d6188.cpp
[ 86%] Building CXX object timesplitters/CMakeFiles/timesplitters.dir/D_/Programming/GitHub/Timesplitters/project/generated/sceVu0ViewScreenMatrix_0x2d6670.cpp.obj
sceVu0ViewScreenMatrix_0x2d6670.cpp
[ 86%] Building CXX object timesplitters/CMakeFiles/timesplitters.dir/D_/Programming/GitHub/Timesplitters/project/generated/sceWrite_0x2d39c0.cpp.obj
sceWrite_0x2d39c0.cpp
[ 86%] Building CXX object timesplitters/CMakeFiles/timesplitters.dir/D_/Programming/GitHub/Timesplitters/project/generated/scmd_prechk_0x2df6c8.cpp.obj
scmd_prechk_0x2df6c8.cpp
[ 86%] Building CXX object timesplitters/CMakeFiles/timesplitters.dir/D_/Programming/GitHub/Timesplitters/project/generated/scores_pageGfx_0x212010.cpp.obj
scores_pageGfx_0x212010.cpp
[ 86%] Building CXX object timesplitters/CMakeFiles/timesplitters.dir/D_/Programming/GitHub/Timesplitters/project/generated/scores_pageTick_0x212078.cpp.obj
scores_pageTick_0x212078.cpp
[ 86%] Building CXX object timesplitters/CMakeFiles/timesplitters.dir/D_/Programming/GitHub/Timesplitters/project/generated/screenDumpGetFrame1_0x2b6910.cpp.obj
screenDumpGetFrame1_0x2b6910.cpp
[ 86%] Building CXX object timesplitters/CMakeFiles/timesplitters.dir/D_/Programming/GitHub/Timesplitters/project/generated/screenDumpGetFrame2_0x2b6918.cpp.obj
screenDumpGetFrame2_0x2b6918.cpp
[ 86%] Building CXX object timesplitters/CMakeFiles/timesplitters.dir/D_/Programming/GitHub/Timesplitters/project/generated/screenDumpSave_0x2b6920.cpp.obj
screenDumpSave_0x2b6920.cpp
[ 86%] Building CXX object timesplitters/CMakeFiles/timesplitters.dir/D_/Programming/GitHub/Timesplitters/project/generated/selectChar_0x2366b0.cpp.obj
selectChar_0x2366b0.cpp
[ 86%] Building CXX object timesplitters/CMakeFiles/timesplitters.dir/D_/Programming/GitHub/Timesplitters/project/generated/selectDrop_0x2c1408.cpp.obj
selectDrop_0x2c1408.cpp
[ 86%] Building CXX object timesplitters/CMakeFiles/timesplitters.dir/D_/Programming/GitHub/Timesplitters/project/generated/selectTarget_0x2c5380.cpp.obj
selectTarget_0x2c5380.cpp
[ 86%] Building CXX object timesplitters/CMakeFiles/timesplitters.dir/D_/Programming/GitHub/Timesplitters/project/generated/selectWeaponPad_0x2c4f98.cpp.obj
selectWeaponPad_0x2c4f98.cpp
[ 86%] Building CXX object timesplitters/CMakeFiles/timesplitters.dir/D_/Programming/GitHub/Timesplitters/project/generated/selectableTeam_0x235608.cpp.obj
selectableTeam_0x235608.cpp
[ 86%] Building CXX object timesplitters/CMakeFiles/timesplitters.dir/D_/Programming/GitHub/Timesplitters/project/generated/serialPutchar_0x2d14b0.cpp.obj
serialPutchar_0x2d14b0.cpp
[ 87%] Building CXX object timesplitters/CMakeFiles/timesplitters.dir/D_/Programming/GitHub/Timesplitters/project/generated/setAnimProp_0x214978.cpp.obj
setAnimProp_0x214978.cpp
[ 87%] Building CXX object timesplitters/CMakeFiles/timesplitters.dir/D_/Programming/GitHub/Timesplitters/project/generated/setAnim_0x214d68.cpp.obj
setAnim_0x214d68.cpp
[ 87%] Building CXX object timesplitters/CMakeFiles/timesplitters.dir/D_/Programming/GitHub/Timesplitters/project/generated/setAnimation_0x2bd008.cpp.obj
setAnimation_0x2bd008.cpp
[ 87%] Building CXX object timesplitters/CMakeFiles/timesplitters.dir/D_/Programming/GitHub/Timesplitters/project/generated/setRootPages_0x212890.cpp.obj
setRootPages_0x212890.cpp
[ 87%] Building CXX object timesplitters/CMakeFiles/timesplitters.dir/D_/Programming/GitHub/Timesplitters/project/generated/setStar_0x2a8670.cpp.obj
setStar_0x2a8670.cpp
[ 87%] Building CXX object timesplitters/CMakeFiles/timesplitters.dir/D_/Programming/GitHub/Timesplitters/project/generated/setStates_0x2300a8.cpp.obj
setStates_0x2300a8.cpp
[ 87%] Building CXX object timesplitters/CMakeFiles/timesplitters.dir/D_/Programming/GitHub/Timesplitters/project/generated/setStatsUpdatePage_0x240000.cpp.obj
setStatsUpdatePage_0x240000.cpp
[ 87%] Building CXX object timesplitters/CMakeFiles/timesplitters.dir/D_/Programming/GitHub/Timesplitters/project/generated/setTimeSplitterAnimation_0x2bece0.cpp.obj
setTimeSplitterAnimation_0x2bece0.cpp
[ 87%] Building CXX object timesplitters/CMakeFiles/timesplitters.dir/D_/Programming/GitHub/Timesplitters/project/generated/setZombieAnimation_0x2be338.cpp.obj
setZombieAnimation_0x2be338.cpp
[ 87%] Building CXX object timesplitters/CMakeFiles/timesplitters.dir/D_/Programming/GitHub/Timesplitters/project/generated/set_cheat_0x203628.cpp.obj
set_cheat_0x203628.cpp
[ 87%] Building CXX object timesplitters/CMakeFiles/timesplitters.dir/D_/Programming/GitHub/Timesplitters/project/generated/setcheat1_0x203688.cpp.obj
setcheat1_0x203688.cpp
[ 87%] Building CXX object timesplitters/CMakeFiles/timesplitters.dir/D_/Programming/GitHub/Timesplitters/project/generated/setcheat2_0x203690.cpp.obj
setcheat2_0x203690.cpp
[ 87%] Building CXX object timesplitters/CMakeFiles/timesplitters.dir/D_/Programming/GitHub/Timesplitters/project/generated/setcheat3_0x203698.cpp.obj
setcheat3_0x203698.cpp
[ 87%] Building CXX object timesplitters/CMakeFiles/timesplitters.dir/D_/Programming/GitHub/Timesplitters/project/generated/setcheat4_0x2036a0.cpp.obj
setcheat4_0x2036a0.cpp
[ 87%] Building CXX object timesplitters/CMakeFiles/timesplitters.dir/D_/Programming/GitHub/Timesplitters/project/generated/setcheat5_0x2036a8.cpp.obj
setcheat5_0x2036a8.cpp
[ 87%] Building CXX object timesplitters/CMakeFiles/timesplitters.dir/D_/Programming/GitHub/Timesplitters/project/generated/setcursound_0x206000.cpp.obj
setcursound_0x206000.cpp
[ 87%] Building CXX object timesplitters/CMakeFiles/timesplitters.dir/D_/Programming/GitHub/Timesplitters/project/generated/setlastgamemodepage_0x23ff50.cpp.obj
setlastgamemodepage_0x23ff50.cpp
[ 87%] Building CXX object timesplitters/CMakeFiles/timesplitters.dir/D_/Programming/GitHub/Timesplitters/project/generated/setlocale_0x2ebb78.cpp.obj
setlocale_0x2ebb78.cpp
[ 87%] Building CXX object timesplitters/CMakeFiles/timesplitters.dir/D_/Programming/GitHub/Timesplitters/project/generated/settingsGet_0x2201d8.cpp.obj
settingsGet_0x2201d8.cpp
[ 87%] Building CXX object timesplitters/CMakeFiles/timesplitters.dir/D_/Programming/GitHub/Timesplitters/project/generated/settingsNew_0x220208.cpp.obj
settingsNew_0x220208.cpp
[ 87%] Building CXX object timesplitters/CMakeFiles/timesplitters.dir/D_/Programming/GitHub/Timesplitters/project/generated/settingsToMenus_0x241558.cpp.obj
settingsToMenus_0x241558.cpp
[ 87%] Building CXX object timesplitters/CMakeFiles/timesplitters.dir/D_/Programming/GitHub/Timesplitters/project/generated/settings_pageTick_0x24cbf0.cpp.obj
settings_pageTick_0x24cbf0.cpp
[ 87%] Building CXX object timesplitters/CMakeFiles/timesplitters.dir/D_/Programming/GitHub/Timesplitters/project/generated/setupProp_0x228ce0.cpp.obj
setupProp_0x228ce0.cpp
[ 87%] Building CXX object timesplitters/CMakeFiles/timesplitters.dir/D_/Programming/GitHub/Timesplitters/project/generated/setup_pageGfx_0x20f5d8.cpp.obj
setup_pageGfx_0x20f5d8.cpp
[ 87%] Building CXX object timesplitters/CMakeFiles/timesplitters.dir/D_/Programming/GitHub/Timesplitters/project/generated/setup_pageTick_0x20f5e0.cpp.obj
setup_pageTick_0x20f5e0.cpp
[ 87%] Building CXX object timesplitters/CMakeFiles/timesplitters.dir/D_/Programming/GitHub/Timesplitters/project/generated/setup_vars_0x20f570.cpp.obj
setup_vars_0x20f570.cpp
[ 87%] Building CXX object timesplitters/CMakeFiles/timesplitters.dir/D_/Programming/GitHub/Timesplitters/project/generated/setupcontrols_pageGfx_0x20eef0.cpp.obj
setupcontrols_pageGfx_0x20eef0.cpp
[ 87%] Building CXX object timesplitters/CMakeFiles/timesplitters.dir/D_/Programming/GitHub/Timesplitters/project/generated/setupcontrols_pageTick_0x20f270.cpp.obj
setupcontrols_pageTick_0x20f270.cpp
[ 87%] Building CXX object timesplitters/CMakeFiles/timesplitters.dir/D_/Programming/GitHub/Timesplitters/project/generated/signal_0x2ed3d0.cpp.obj
signal_0x2ed3d0.cpp
[ 87%] Building CXX object timesplitters/CMakeFiles/timesplitters.dir/D_/Programming/GitHub/Timesplitters/project/generated/signonAddFile_0x2204f8.cpp.obj
signonAddFile_0x2204f8.cpp
[ 88%] Building CXX object timesplitters/CMakeFiles/timesplitters.dir/D_/Programming/GitHub/Timesplitters/project/generated/signonCheckSlot_0x220448.cpp.obj
signonCheckSlot_0x220448.cpp
[ 88%] Building CXX object timesplitters/CMakeFiles/timesplitters.dir/D_/Programming/GitHub/Timesplitters/project/generated/signonCount_0x220890.cpp.obj
signonCount_0x220890.cpp
[ 88%] Building CXX object timesplitters/CMakeFiles/timesplitters.dir/D_/Programming/GitHub/Timesplitters/project/generated/signonDeleteStart_0x2328c0.cpp.obj
signonDeleteStart_0x2328c0.cpp
[ 88%] Building CXX object timesplitters/CMakeFiles/timesplitters.dir/D_/Programming/GitHub/Timesplitters/project/generated/signonDeleteTick_0x2328e8.cpp.obj
signonDeleteTick_0x2328e8.cpp
[ 88%] Building CXX object timesplitters/CMakeFiles/timesplitters.dir/D_/Programming/GitHub/Timesplitters/project/generated/signonDelete_0x2207b0.cpp.obj
signonDelete_0x2207b0.cpp
[ 88%] Building CXX object timesplitters/CMakeFiles/timesplitters.dir/D_/Programming/GitHub/Timesplitters/project/generated/signonFileCount_0x220708.cpp.obj
signonFileCount_0x220708.cpp
[ 88%] Building CXX object timesplitters/CMakeFiles/timesplitters.dir/D_/Programming/GitHub/Timesplitters/project/generated/signonFileDelete_0x220738.cpp.obj
signonFileDelete_0x220738.cpp
[ 88%] Building CXX object timesplitters/CMakeFiles/timesplitters.dir/D_/Programming/GitHub/Timesplitters/project/generated/signonFileGetFree_0x220210.cpp.obj
signonFileGetFree_0x220210.cpp
[ 88%] Building CXX object timesplitters/CMakeFiles/timesplitters.dir/D_/Programming/GitHub/Timesplitters/project/generated/signonFileGetName_0x220360.cpp.obj
signonFileGetName_0x220360.cpp
[ 88%] Building CXX object timesplitters/CMakeFiles/timesplitters.dir/D_/Programming/GitHub/Timesplitters/project/generated/signonFileSize_0x220790.cpp.obj
signonFileSize_0x220790.cpp
[ 88%] Building CXX object timesplitters/CMakeFiles/timesplitters.dir/D_/Programming/GitHub/Timesplitters/project/generated/signonGetFree_0x220240.cpp.obj
signonGetFree_0x220240.cpp
[ 88%] Building CXX object timesplitters/CMakeFiles/timesplitters.dir/D_/Programming/GitHub/Timesplitters/project/generated/signonGetName_0x2203c8.cpp.obj
signonGetName_0x2203c8.cpp
[ 88%] Building CXX object timesplitters/CMakeFiles/timesplitters.dir/D_/Programming/GitHub/Timesplitters/project/generated/signonGet_0x220a30.cpp.obj
signonGet_0x220a30.cpp
[ 88%] Building CXX object timesplitters/CMakeFiles/timesplitters.dir/D_/Programming/GitHub/Timesplitters/project/generated/signonLoadRetry_0x2316c8.cpp.obj
signonLoadRetry_0x2316c8.cpp
[ 88%] Building CXX object timesplitters/CMakeFiles/timesplitters.dir/D_/Programming/GitHub/Timesplitters/project/generated/signonLoadStart_0x2317b0.cpp.obj
signonLoadStart_0x2317b0.cpp
[ 88%] Building CXX object timesplitters/CMakeFiles/timesplitters.dir/D_/Programming/GitHub/Timesplitters/project/generated/signonLoadTick_0x2318a0.cpp.obj
signonLoadTick_0x2318a0.cpp
[ 88%] Building CXX object timesplitters/CMakeFiles/timesplitters.dir/D_/Programming/GitHub/Timesplitters/project/generated/signonMakeFileId_0x220270.cpp.obj
signonMakeFileId_0x220270.cpp
[ 88%] Building CXX object timesplitters/CMakeFiles/timesplitters.dir/D_/Programming/GitHub/Timesplitters/project/generated/signonMake_0x220948.cpp.obj
signonMake_0x220948.cpp
[ 88%] Building CXX object timesplitters/CMakeFiles/timesplitters.dir/D_/Programming/GitHub/Timesplitters/project/generated/signonMemCount_0x2208c8.cpp.obj
signonMemCount_0x2208c8.cpp
[ 88%] Building CXX object timesplitters/CMakeFiles/timesplitters.dir/D_/Programming/GitHub/Timesplitters/project/generated/signonNew_0x2202c0.cpp.obj
signonNew_0x2202c0.cpp
[ 88%] Building CXX object timesplitters/CMakeFiles/timesplitters.dir/D_/Programming/GitHub/Timesplitters/project/generated/signonSet_0x220930.cpp.obj
signonSet_0x220930.cpp
[ 88%] Building CXX object timesplitters/CMakeFiles/timesplitters.dir/D_/Programming/GitHub/Timesplitters/project/generated/signonUpdateStart_0x231d18.cpp.obj
signonUpdateStart_0x231d18.cpp
[ 88%] Building CXX object timesplitters/CMakeFiles/timesplitters.dir/D_/Programming/GitHub/Timesplitters/project/generated/signonUpdateTick_0x231d50.cpp.obj
signonUpdateTick_0x231d50.cpp
[ 88%] Building CXX object timesplitters/CMakeFiles/timesplitters.dir/D_/Programming/GitHub/Timesplitters/project/generated/signon_pageDrawAfter_0x23f380.cpp.obj
signon_pageDrawAfter_0x23f380.cpp
[ 88%] Building CXX object timesplitters/CMakeFiles/timesplitters.dir/D_/Programming/GitHub/Timesplitters/project/generated/signon_pageDrawBefore_0x23f140.cpp.obj
signon_pageDrawBefore_0x23f140.cpp
[ 88%] Building CXX object timesplitters/CMakeFiles/timesplitters.dir/D_/Programming/GitHub/Timesplitters/project/generated/signon_pageTick_0x23f438.cpp.obj
signon_pageTick_0x23f438.cpp
[ 88%] Building CXX object timesplitters/CMakeFiles/timesplitters.dir/D_/Programming/GitHub/Timesplitters/project/generated/signonplr_pageDraw_0x23e4b0.cpp.obj
signonplr_pageDraw_0x23e4b0.cpp
[ 88%] Building CXX object timesplitters/CMakeFiles/timesplitters.dir/D_/Programming/GitHub/Timesplitters/project/generated/signonplr_pageTick_0x23e9a0.cpp.obj
signonplr_pageTick_0x23e9a0.cpp
[ 88%] Building CXX object timesplitters/CMakeFiles/timesplitters.dir/D_/Programming/GitHub/Timesplitters/project/generated/sinf_0x2d7398.cpp.obj
sinf_0x2d7398.cpp
[ 89%] Building CXX object timesplitters/CMakeFiles/timesplitters.dir/D_/Programming/GitHub/Timesplitters/project/generated/sitofp_0x2e43c0.cpp.obj
sitofp_0x2e43c0.cpp
[ 89%] Building CXX object timesplitters/CMakeFiles/timesplitters.dir/D_/Programming/GitHub/Timesplitters/project/generated/sjeGsExecLoadImage_0x2b7040.cpp.obj
sjeGsExecLoadImage_0x2b7040.cpp
[ 89%] Building CXX object timesplitters/CMakeFiles/timesplitters.dir/D_/Programming/GitHub/Timesplitters/project/generated/sjeGsSetDefDBuff_0x200260.cpp.obj
sjeGsSetDefDBuff_0x200260.cpp
[ 89%] Building CXX object timesplitters/CMakeFiles/timesplitters.dir/D_/Programming/GitHub/Timesplitters/project/generated/sjeGsSetHalfOffset_0x200300.cpp.obj
sjeGsSetHalfOffset_0x200300.cpp
[ 89%] Building CXX object timesplitters/CMakeFiles/timesplitters.dir/D_/Programming/GitHub/Timesplitters/project/generated/sjeGsSwapDBuff_0x200330.cpp.obj
sjeGsSwapDBuff_0x200330.cpp
[ 89%] Building CXX object timesplitters/CMakeFiles/timesplitters.dir/D_/Programming/GitHub/Timesplitters/project/generated/sjeStoreImage_0x2a62d8.cpp.obj
sjeStoreImage_0x2a62d8.cpp
[ 89%] Building CXX object timesplitters/CMakeFiles/timesplitters.dir/D_/Programming/GitHub/Timesplitters/project/generated/soZoomGfx_0x23f288.cpp.obj
soZoomGfx_0x23f288.cpp
[ 89%] Building CXX object timesplitters/CMakeFiles/timesplitters.dir/D_/Programming/GitHub/Timesplitters/project/generated/soZoomStart_0x23f190.cpp.obj
soZoomStart_0x23f190.cpp
[ 89%] Building CXX object timesplitters/CMakeFiles/timesplitters.dir/D_/Programming/GitHub/Timesplitters/project/generated/soundAddPreLoad_0x205a08.cpp.obj
soundAddPreLoad_0x205a08.cpp
[ 89%] Building CXX object timesplitters/CMakeFiles/timesplitters.dir/D_/Programming/GitHub/Timesplitters/project/generated/soundBatchAdd_0x204908.cpp.obj
soundBatchAdd_0x204908.cpp
[ 89%] Building CXX object timesplitters/CMakeFiles/timesplitters.dir/D_/Programming/GitHub/Timesplitters/project/generated/soundBatchExec_0x204950.cpp.obj
soundBatchExec_0x204950.cpp
[ 89%] Building CXX object timesplitters/CMakeFiles/timesplitters.dir/D_/Programming/GitHub/Timesplitters/project/generated/soundBatchReset_0x2049b8.cpp.obj
soundBatchReset_0x2049b8.cpp
[ 89%] Building CXX object timesplitters/CMakeFiles/timesplitters.dir/D_/Programming/GitHub/Timesplitters/project/generated/soundCalcVol_0x2049c0.cpp.obj
soundCalcVol_0x2049c0.cpp
[ 89%] Building CXX object timesplitters/CMakeFiles/timesplitters.dir/D_/Programming/GitHub/Timesplitters/project/generated/soundCreateBuffer_0x2044a0.cpp.obj
soundCreateBuffer_0x2044a0.cpp
[ 89%] Building CXX object timesplitters/CMakeFiles/timesplitters.dir/D_/Programming/GitHub/Timesplitters/project/generated/soundDelayStartEx_0x205808.cpp.obj
soundDelayStartEx_0x205808.cpp
[ 89%] Building CXX object timesplitters/CMakeFiles/timesplitters.dir/D_/Programming/GitHub/Timesplitters/project/generated/soundDelayStop_0x2054c0.cpp.obj
soundDelayStop_0x2054c0.cpp
[ 89%] Building CXX object timesplitters/CMakeFiles/timesplitters.dir/D_/Programming/GitHub/Timesplitters/project/generated/soundEnd_0x2048b8.cpp.obj
soundEnd_0x2048b8.cpp
[ 89%] Building CXX object timesplitters/CMakeFiles/timesplitters.dir/D_/Programming/GitHub/Timesplitters/project/generated/soundLoad_0x2052b8.cpp.obj
soundLoad_0x2052b8.cpp
[ 89%] Building CXX object timesplitters/CMakeFiles/timesplitters.dir/D_/Programming/GitHub/Timesplitters/project/generated/soundMake_0x2043e8.cpp.obj
soundMake_0x2043e8.cpp
[ 89%] Building CXX object timesplitters/CMakeFiles/timesplitters.dir/D_/Programming/GitHub/Timesplitters/project/generated/soundPreload_0x2047c8.cpp.obj
soundPreload_0x2047c8.cpp
[ 89%] Building CXX object timesplitters/CMakeFiles/timesplitters.dir/D_/Programming/GitHub/Timesplitters/project/generated/soundResetAfter_0x204750.cpp.obj
soundResetAfter_0x204750.cpp
[ 89%] Building CXX object timesplitters/CMakeFiles/timesplitters.dir/D_/Programming/GitHub/Timesplitters/project/generated/soundResetBuffer_0x204478.cpp.obj
soundResetBuffer_0x204478.cpp
[ 89%] Building CXX object timesplitters/CMakeFiles/timesplitters.dir/D_/Programming/GitHub/Timesplitters/project/generated/soundReset_0x204650.cpp.obj
soundReset_0x204650.cpp
[ 89%] Building CXX object timesplitters/CMakeFiles/timesplitters.dir/D_/Programming/GitHub/Timesplitters/project/generated/soundRestartAfter_0x204748.cpp.obj
soundRestartAfter_0x204748.cpp
[ 89%] Building CXX object timesplitters/CMakeFiles/timesplitters.dir/D_/Programming/GitHub/Timesplitters/project/generated/soundRestart_0x2044c0.cpp.obj
soundRestart_0x2044c0.cpp
[ 89%] Building CXX object timesplitters/CMakeFiles/timesplitters.dir/D_/Programming/GitHub/Timesplitters/project/generated/soundSelectBuffer_0x204460.cpp.obj
soundSelectBuffer_0x204460.cpp
[ 89%] Building CXX object timesplitters/CMakeFiles/timesplitters.dir/D_/Programming/GitHub/Timesplitters/project/generated/soundSetChannel_0x2048f8.cpp.obj
soundSetChannel_0x2048f8.cpp
[ 89%] Building CXX object timesplitters/CMakeFiles/timesplitters.dir/D_/Programming/GitHub/Timesplitters/project/generated/soundSetLoopPos_0x2059d0.cpp.obj
soundSetLoopPos_0x2059d0.cpp
[ 89%] Building CXX object timesplitters/CMakeFiles/timesplitters.dir/D_/Programming/GitHub/Timesplitters/project/generated/soundStartLoopRange_0x2058f0.cpp.obj
soundStartLoopRange_0x2058f0.cpp
[ 89%] Building CXX object timesplitters/CMakeFiles/timesplitters.dir/D_/Programming/GitHub/Timesplitters/project/generated/soundStartLoop_0x2058c8.cpp.obj
soundStartLoop_0x2058c8.cpp
[ 90%] Building CXX object timesplitters/CMakeFiles/timesplitters.dir/D_/Programming/GitHub/Timesplitters/project/generated/soundStartRange_0x205598.cpp.obj
soundStartRange_0x205598.cpp
[ 90%] Building CXX object timesplitters/CMakeFiles/timesplitters.dir/D_/Programming/GitHub/Timesplitters/project/generated/soundStart_0x205518.cpp.obj
soundStart_0x205518.cpp
[ 90%] Building CXX object timesplitters/CMakeFiles/timesplitters.dir/D_/Programming/GitHub/Timesplitters/project/generated/soundStop_0x2054a0.cpp.obj
soundStop_0x2054a0.cpp
[ 90%] Building CXX object timesplitters/CMakeFiles/timesplitters.dir/D_/Programming/GitHub/Timesplitters/project/generated/soundTick_0x204ec0.cpp.obj
soundTick_0x204ec0.cpp
[ 90%] Building CXX object timesplitters/CMakeFiles/timesplitters.dir/D_/Programming/GitHub/Timesplitters/project/generated/sounddataSave_0x206028.cpp.obj
sounddataSave_0x206028.cpp
[ 90%] Building CXX object timesplitters/CMakeFiles/timesplitters.dir/D_/Programming/GitHub/Timesplitters/project/generated/soundselect_pageDraw_0x2067d0.cpp.obj
soundselect_pageDraw_0x2067d0.cpp
[ 90%] Building CXX object timesplitters/CMakeFiles/timesplitters.dir/D_/Programming/GitHub/Timesplitters/project/generated/soundselect_pageTick_0x206808.cpp.obj
soundselect_pageTick_0x206808.cpp
[ 90%] Building CXX object timesplitters/CMakeFiles/timesplitters.dir/D_/Programming/GitHub/Timesplitters/project/generated/soundtoolStart_0x207790.cpp.obj
soundtoolStart_0x207790.cpp
[ 90%] Building CXX object timesplitters/CMakeFiles/timesplitters.dir/D_/Programming/GitHub/Timesplitters/project/generated/spaceship1PropTick_0x27ab20.cpp.obj
spaceship1PropTick_0x27ab20.cpp
[ 90%] Building CXX object timesplitters/CMakeFiles/timesplitters.dir/D_/Programming/GitHub/Timesplitters/project/generated/spaceship2PropTick_0x27add8.cpp.obj
spaceship2PropTick_0x27add8.cpp
[ 90%] Building CXX object timesplitters/CMakeFiles/timesplitters.dir/D_/Programming/GitHub/Timesplitters/project/generated/spaceship3PropTick_0x27aeb0.cpp.obj
spaceship3PropTick_0x27aeb0.cpp
[ 90%] Building CXX object timesplitters/CMakeFiles/timesplitters.dir/D_/Programming/GitHub/Timesplitters/project/generated/spawn_0x2c4288.cpp.obj
spawn_0x2c4288.cpp
[ 90%] Building CXX object timesplitters/CMakeFiles/timesplitters.dir/D_/Programming/GitHub/Timesplitters/project/generated/spawnfxTick_0x2abea0.cpp.obj
spawnfxTick_0x2abea0.cpp
[ 90%] Building CXX object timesplitters/CMakeFiles/timesplitters.dir/D_/Programming/GitHub/Timesplitters/project/generated/specialEnd_0x277be0.cpp.obj
specialEnd_0x277be0.cpp
[ 90%] Building CXX object timesplitters/CMakeFiles/timesplitters.dir/D_/Programming/GitHub/Timesplitters/project/generated/specialParticlesGfx_0x2a8b48.cpp.obj
specialParticlesGfx_0x2a8b48.cpp
[ 90%] Building CXX object timesplitters/CMakeFiles/timesplitters.dir/D_/Programming/GitHub/Timesplitters/project/generated/specialPreload_0x277b00.cpp.obj
specialPreload_0x277b00.cpp
[ 90%] Building CXX object timesplitters/CMakeFiles/timesplitters.dir/D_/Programming/GitHub/Timesplitters/project/generated/specialPropDelete_0x2783c0.cpp.obj
specialPropDelete_0x2783c0.cpp
[ 90%] Building CXX object timesplitters/CMakeFiles/timesplitters.dir/D_/Programming/GitHub/Timesplitters/project/generated/specialPropNew_0x277bf8.cpp.obj
specialPropNew_0x277bf8.cpp
[ 90%] Building CXX object timesplitters/CMakeFiles/timesplitters.dir/D_/Programming/GitHub/Timesplitters/project/generated/specialPropTick_0x27bfc8.cpp.obj
specialPropTick_0x27bfc8.cpp
[ 90%] Building CXX object timesplitters/CMakeFiles/timesplitters.dir/D_/Programming/GitHub/Timesplitters/project/generated/specialReset_0x277ba8.cpp.obj
specialReset_0x277ba8.cpp
[ 90%] Building CXX object timesplitters/CMakeFiles/timesplitters.dir/D_/Programming/GitHub/Timesplitters/project/generated/specialRestart_0x277b70.cpp.obj
specialRestart_0x277b70.cpp
[ 90%] Building CXX object timesplitters/CMakeFiles/timesplitters.dir/D_/Programming/GitHub/Timesplitters/project/generated/specialfxBlastRadius_0x2abd08.cpp.obj
specialfxBlastRadius_0x2abd08.cpp
[ 90%] Building CXX object timesplitters/CMakeFiles/timesplitters.dir/D_/Programming/GitHub/Timesplitters/project/generated/specialfxBlastShardTick_0x2ac370.cpp.obj
specialfxBlastShardTick_0x2ac370.cpp
[ 90%] Building CXX object timesplitters/CMakeFiles/timesplitters.dir/D_/Programming/GitHub/Timesplitters/project/generated/specialfxBlastSpawnTick_0x2accd8.cpp.obj
specialfxBlastSpawnTick_0x2accd8.cpp
[ 90%] Building CXX object timesplitters/CMakeFiles/timesplitters.dir/D_/Programming/GitHub/Timesplitters/project/generated/specialfxCalcDistSqFromWall_0x2ae240.cpp.obj
specialfxCalcDistSqFromWall_0x2ae240.cpp
[ 90%] Building CXX object timesplitters/CMakeFiles/timesplitters.dir/D_/Programming/GitHub/Timesplitters/project/generated/specialfxCreate_0x2a9888.cpp.obj
specialfxCreate_0x2a9888.cpp
[ 90%] Building CXX object timesplitters/CMakeFiles/timesplitters.dir/D_/Programming/GitHub/Timesplitters/project/generated/specialfxEnd_0x2a9850.cpp.obj
specialfxEnd_0x2a9850.cpp
[ 90%] Building CXX object timesplitters/CMakeFiles/timesplitters.dir/D_/Programming/GitHub/Timesplitters/project/generated/specialfxFreePtr_0x2aae88.cpp.obj
specialfxFreePtr_0x2aae88.cpp
[ 90%] Building CXX object timesplitters/CMakeFiles/timesplitters.dir/D_/Programming/GitHub/Timesplitters/project/generated/specialfxFreeSpawn_0x2ae1c0.cpp.obj
specialfxFreeSpawn_0x2ae1c0.cpp
[ 91%] Building CXX object timesplitters/CMakeFiles/timesplitters.dir/D_/Programming/GitHub/Timesplitters/project/generated/specialfxFree_0x2aaed8.cpp.obj
specialfxFree_0x2aaed8.cpp
[ 91%] Building CXX object timesplitters/CMakeFiles/timesplitters.dir/D_/Programming/GitHub/Timesplitters/project/generated/specialfxGetBestSpawnType_0x2ae400.cpp.obj
specialfxGetBestSpawnType_0x2ae400.cpp
[ 91%] Building CXX object timesplitters/CMakeFiles/timesplitters.dir/D_/Programming/GitHub/Timesplitters/project/generated/specialfxGfx_0x2abdf8.cpp.obj
specialfxGfx_0x2abdf8.cpp
[ 91%] Building CXX object timesplitters/CMakeFiles/timesplitters.dir/D_/Programming/GitHub/Timesplitters/project/generated/specialfxGroupsTick_0x2ad9f0.cpp.obj
specialfxGroupsTick_0x2ad9f0.cpp
[ 91%] Building CXX object timesplitters/CMakeFiles/timesplitters.dir/D_/Programming/GitHub/Timesplitters/project/generated/specialfxIsOutdoors_0x2ae1d8.cpp.obj
specialfxIsOutdoors_0x2ae1d8.cpp
[ 91%] Building CXX object timesplitters/CMakeFiles/timesplitters.dir/D_/Programming/GitHub/Timesplitters/project/generated/specialfxIsSpace_0x2ae2e8.cpp.obj
specialfxIsSpace_0x2ae2e8.cpp
[ 91%] Building CXX object timesplitters/CMakeFiles/timesplitters.dir/D_/Programming/GitHub/Timesplitters/project/generated/specialfxNewSpawn_0x2adb70.cpp.obj
specialfxNewSpawn_0x2adb70.cpp
[ 91%] Building CXX object timesplitters/CMakeFiles/timesplitters.dir/D_/Programming/GitHub/Timesplitters/project/generated/specialfxNew_0x2aad90.cpp.obj
specialfxNew_0x2aad90.cpp
[ 91%] Building CXX object timesplitters/CMakeFiles/timesplitters.dir/D_/Programming/GitHub/Timesplitters/project/generated/specialfxOccasionalRocketSmokeTick_0x2ac510.cpp.obj
specialfxOccasionalRocketSmokeTick_0x2ac510.cpp
[ 91%] Building CXX object timesplitters/CMakeFiles/timesplitters.dir/D_/Programming/GitHub/Timesplitters/project/generated/specialfxPickupSpawnTick_0x2ad400.cpp.obj
specialfxPickupSpawnTick_0x2ad400.cpp
[ 91%] Building CXX object timesplitters/CMakeFiles/timesplitters.dir/D_/Programming/GitHub/Timesplitters/project/generated/specialfxPlanetSpawnGlowTick_0x2acac0.cpp.obj
specialfxPlanetSpawnGlowTick_0x2acac0.cpp
[ 91%] Building CXX object timesplitters/CMakeFiles/timesplitters.dir/D_/Programming/GitHub/Timesplitters/project/generated/specialfxPlanetSpawnTick_0x2ac7b0.cpp.obj
specialfxPlanetSpawnTick_0x2ac7b0.cpp
[ 91%] Building CXX object timesplitters/CMakeFiles/timesplitters.dir/D_/Programming/GitHub/Timesplitters/project/generated/specialfxPreload_0x2a96e0.cpp.obj
specialfxPreload_0x2a96e0.cpp
[ 91%] Building CXX object timesplitters/CMakeFiles/timesplitters.dir/D_/Programming/GitHub/Timesplitters/project/generated/specialfxReset_0x2a9848.cpp.obj
specialfxReset_0x2a9848.cpp
[ 91%] Building CXX object timesplitters/CMakeFiles/timesplitters.dir/D_/Programming/GitHub/Timesplitters/project/generated/specialfxRestart_0x2a9780.cpp.obj
specialfxRestart_0x2a9780.cpp
[ 91%] Building CXX object timesplitters/CMakeFiles/timesplitters.dir/D_/Programming/GitHub/Timesplitters/project/generated/specialfxRingSpawnTick_0x2acef0.cpp.obj
specialfxRingSpawnTick_0x2acef0.cpp
[ 91%] Building CXX object timesplitters/CMakeFiles/timesplitters.dir/D_/Programming/GitHub/Timesplitters/project/generated/specialfxRotateSpawnTick_0x2acb78.cpp.obj
specialfxRotateSpawnTick_0x2acb78.cpp
[ 91%] Building CXX object timesplitters/CMakeFiles/timesplitters.dir/D_/Programming/GitHub/Timesplitters/project/generated/specialfxSphereSpawnTick_0x2ad170.cpp.obj
specialfxSphereSpawnTick_0x2ad170.cpp
[ 91%] Building CXX object timesplitters/CMakeFiles/timesplitters.dir/D_/Programming/GitHub/Timesplitters/project/generated/specialfxTick_0x2adb50.cpp.obj
specialfxTick_0x2adb50.cpp
[ 91%] Building CXX object timesplitters/CMakeFiles/timesplitters.dir/D_/Programming/GitHub/Timesplitters/project/generated/specialfxTimeSplitterHandsGfx_0x2ab870.cpp.obj
specialfxTimeSplitterHandsGfx_0x2ab870.cpp
[ 91%] Building CXX object timesplitters/CMakeFiles/timesplitters.dir/D_/Programming/GitHub/Timesplitters/project/generated/specialfxTimeSplitterRadiusGfx_0x2ab340.cpp.obj
specialfxTimeSplitterRadiusGfx_0x2ab340.cpp
[ 91%] Building CXX object timesplitters/CMakeFiles/timesplitters.dir/D_/Programming/GitHub/Timesplitters/project/generated/specialfxTimesplitterHandsTick_0x2ad788.cpp.obj
specialfxTimesplitterHandsTick_0x2ad788.cpp
[ 91%] Building CXX object timesplitters/CMakeFiles/timesplitters.dir/D_/Programming/GitHub/Timesplitters/project/generated/specialfxTimesplitterRadiusTick_0x2ad520.cpp.obj
specialfxTimesplitterRadiusTick_0x2ad520.cpp
[ 91%] Building CXX object timesplitters/CMakeFiles/timesplitters.dir/D_/Programming/GitHub/Timesplitters/project/generated/specialfxUpdatePos_0x2ae570.cpp.obj
specialfxUpdatePos_0x2ae570.cpp
[ 91%] Building CXX object timesplitters/CMakeFiles/timesplitters.dir/D_/Programming/GitHub/Timesplitters/project/generated/splitMessageClear_0x230ae0.cpp.obj
splitMessageClear_0x230ae0.cpp
[ 91%] Building CXX object timesplitters/CMakeFiles/timesplitters.dir/D_/Programming/GitHub/Timesplitters/project/generated/splitMessageDraw_0x230b00.cpp.obj
splitMessageDraw_0x230b00.cpp
[ 91%] Building CXX object timesplitters/CMakeFiles/timesplitters.dir/D_/Programming/GitHub/Timesplitters/project/generated/splitMessageStart_0x230a88.cpp.obj
splitMessageStart_0x230a88.cpp
[ 91%] Building CXX object timesplitters/CMakeFiles/timesplitters.dir/D_/Programming/GitHub/Timesplitters/project/generated/splitMessageTick_0x230bb0.cpp.obj
splitMessageTick_0x230bb0.cpp
[ 91%] Building CXX object timesplitters/CMakeFiles/timesplitters.dir/D_/Programming/GitHub/Timesplitters/project/generated/splitpageDraw_0x231028.cpp.obj
splitpageDraw_0x231028.cpp
[ 91%] Building CXX object timesplitters/CMakeFiles/timesplitters.dir/D_/Programming/GitHub/Timesplitters/project/generated/splitpageInit_0x2311a8.cpp.obj
splitpageInit_0x2311a8.cpp
[ 92%] Building CXX object timesplitters/CMakeFiles/timesplitters.dir/D_/Programming/GitHub/Timesplitters/project/generated/splitpageTick_0x2310d0.cpp.obj
splitpageTick_0x2310d0.cpp
[ 92%] Building CXX object timesplitters/CMakeFiles/timesplitters.dir/D_/Programming/GitHub/Timesplitters/project/generated/splitterdomePropTick_0x27be08.cpp.obj
splitterdomePropTick_0x27be08.cpp
[ 92%] Building CXX object timesplitters/CMakeFiles/timesplitters.dir/D_/Programming/GitHub/Timesplitters/project/generated/sprintf_0x2e5838.cpp.obj
sprintf_0x2e5838.cpp
[ 92%] Building CXX object timesplitters/CMakeFiles/timesplitters.dir/D_/Programming/GitHub/Timesplitters/project/generated/sqrt_0x2d7a58.cpp.obj
sqrt_0x2d7a58.cpp
[ 92%] Building CXX object timesplitters/CMakeFiles/timesplitters.dir/D_/Programming/GitHub/Timesplitters/project/generated/sqrtf_0x2d8398.cpp.obj
sqrtf_0x2d8398.cpp
[ 92%] Building CXX object timesplitters/CMakeFiles/timesplitters.dir/D_/Programming/GitHub/Timesplitters/project/generated/sscanf_0x2e58b0.cpp.obj
sscanf_0x2e58b0.cpp
[ 92%] Building CXX object timesplitters/CMakeFiles/timesplitters.dir/D_/Programming/GitHub/Timesplitters/project/generated/starfieldGfx_0x2a9068.cpp.obj
starfieldGfx_0x2a9068.cpp
[ 92%] Building CXX object timesplitters/CMakeFiles/timesplitters.dir/D_/Programming/GitHub/Timesplitters/project/generated/starfieldPreload_0x2a8628.cpp.obj
starfieldPreload_0x2a8628.cpp
[ 92%] Building CXX object timesplitters/CMakeFiles/timesplitters.dir/D_/Programming/GitHub/Timesplitters/project/generated/starfieldReset_0x2a8b38.cpp.obj
starfieldReset_0x2a8b38.cpp
[ 92%] Building CXX object timesplitters/CMakeFiles/timesplitters.dir/D_/Programming/GitHub/Timesplitters/project/generated/starfieldRestart_0x2a8778.cpp.obj
starfieldRestart_0x2a8778.cpp
[ 92%] Building CXX object timesplitters/CMakeFiles/timesplitters.dir/D_/Programming/GitHub/Timesplitters/project/generated/starfieldTick_0x2a8b40.cpp.obj
starfieldTick_0x2a8b40.cpp
[ 92%] Building CXX object timesplitters/CMakeFiles/timesplitters.dir/D_/Programming/GitHub/Timesplitters/project/generated/startMessage_0x206be8.cpp.obj
startMessage_0x206be8.cpp
[ 92%] Building CXX object timesplitters/CMakeFiles/timesplitters.dir/D_/Programming/GitHub/Timesplitters/project/generated/startgameview_0x20d560.cpp.obj
startgameview_0x20d560.cpp
[ 92%] Building CXX object timesplitters/CMakeFiles/timesplitters.dir/D_/Programming/GitHub/Timesplitters/project/generated/startmoveview_0x20d528.cpp.obj
startmoveview_0x20d528.cpp
[ 92%] Building CXX object timesplitters/CMakeFiles/timesplitters.dir/D_/Programming/GitHub/Timesplitters/project/generated/startthirdpersonview_0x20d590.cpp.obj
startthirdpersonview_0x20d590.cpp
[ 92%] Building CXX object timesplitters/CMakeFiles/timesplitters.dir/D_/Programming/GitHub/Timesplitters/project/generated/stat_0x2d0850.cpp.obj
stat_0x2d0850.cpp
[ 92%] Building CXX object timesplitters/CMakeFiles/timesplitters.dir/D_/Programming/GitHub/Timesplitters/project/generated/statistics_pageDrawInfo_0x23cc38.cpp.obj
statistics_pageDrawInfo_0x23cc38.cpp
[ 92%] Building CXX object timesplitters/CMakeFiles/timesplitters.dir/D_/Programming/GitHub/Timesplitters/project/generated/statistics_pageDraw_0x23c9c8.cpp.obj
statistics_pageDraw_0x23c9c8.cpp
[ 92%] Building CXX object timesplitters/CMakeFiles/timesplitters.dir/D_/Programming/GitHub/Timesplitters/project/generated/statistics_pageTick_0x23db20.cpp.obj
statistics_pageTick_0x23db20.cpp
[ 92%] Building CXX object timesplitters/CMakeFiles/timesplitters.dir/D_/Programming/GitHub/Timesplitters/project/generated/statsCombine_0x21fc88.cpp.obj
statsCombine_0x21fc88.cpp
[ 92%] Building CXX object timesplitters/CMakeFiles/timesplitters.dir/D_/Programming/GitHub/Timesplitters/project/generated/statsDebug_0x220010.cpp.obj
statsDebug_0x220010.cpp
[ 92%] Building CXX object timesplitters/CMakeFiles/timesplitters.dir/D_/Programming/GitHub/Timesplitters/project/generated/statsGetPlayer_0x21ffb8.cpp.obj
statsGetPlayer_0x21ffb8.cpp
[ 92%] Building CXX object timesplitters/CMakeFiles/timesplitters.dir/D_/Programming/GitHub/Timesplitters/project/generated/statsGet_0x21ffb0.cpp.obj
statsGet_0x21ffb0.cpp
[ 92%] Building CXX object timesplitters/CMakeFiles/timesplitters.dir/D_/Programming/GitHub/Timesplitters/project/generated/statsNew_0x220080.cpp.obj
statsNew_0x220080.cpp
[ 92%] Building CXX object timesplitters/CMakeFiles/timesplitters.dir/D_/Programming/GitHub/Timesplitters/project/generated/statsupdate_pageDraw_0x2400b8.cpp.obj
statsupdate_pageDraw_0x2400b8.cpp
[ 92%] Building CXX object timesplitters/CMakeFiles/timesplitters.dir/D_/Programming/GitHub/Timesplitters/project/generated/statsupdate_pageTick_0x240100.cpp.obj
statsupdate_pageTick_0x240100.cpp
[ 92%] Building CXX object timesplitters/CMakeFiles/timesplitters.dir/D_/Programming/GitHub/Timesplitters/project/generated/std_0x2e4728.cpp.obj
std_0x2e4728.cpp
[ 92%] Building CXX object timesplitters/CMakeFiles/timesplitters.dir/D_/Programming/GitHub/Timesplitters/project/generated/std_drawmenuitemtext_0x22cf70.cpp.obj
std_drawmenuitemtext_0x22cf70.cpp
[ 92%] Building CXX object timesplitters/CMakeFiles/timesplitters.dir/D_/Programming/GitHub/Timesplitters/project/generated/std_menugetmargins_0x22d698.cpp.obj
std_menugetmargins_0x22d698.cpp
[ 93%] Building CXX object timesplitters/CMakeFiles/timesplitters.dir/D_/Programming/GitHub/Timesplitters/project/generated/std_menuitemmake_0x22d7c0.cpp.obj
std_menuitemmake_0x22d7c0.cpp
[ 93%] Building CXX object timesplitters/CMakeFiles/timesplitters.dir/D_/Programming/GitHub/Timesplitters/project/generated/std_menulistmake_0x22d988.cpp.obj
std_menulistmake_0x22d988.cpp
[ 93%] Building CXX object timesplitters/CMakeFiles/timesplitters.dir/D_/Programming/GitHub/Timesplitters/project/generated/std_menumake_0x22daf8.cpp.obj
std_menumake_0x22daf8.cpp
[ 93%] Building CXX object timesplitters/CMakeFiles/timesplitters.dir/D_/Programming/GitHub/Timesplitters/project/generated/std_menutick_0x22df40.cpp.obj
std_menutick_0x22df40.cpp
[ 93%] Building CXX object timesplitters/CMakeFiles/timesplitters.dir/D_/Programming/GitHub/Timesplitters/project/generated/storeGameModeOptions_0x238fe8.cpp.obj
storeGameModeOptions_0x238fe8.cpp
[ 93%] Building CXX object timesplitters/CMakeFiles/timesplitters.dir/D_/Programming/GitHub/Timesplitters/project/generated/storyDifficultyAvail_0x23be08.cpp.obj
storyDifficultyAvail_0x23be08.cpp
[ 93%] Building CXX object timesplitters/CMakeFiles/timesplitters.dir/D_/Programming/GitHub/Timesplitters/project/generated/story_pageDraw_0x23bb90.cpp.obj
story_pageDraw_0x23bb90.cpp
[ 93%] Building CXX object timesplitters/CMakeFiles/timesplitters.dir/D_/Programming/GitHub/Timesplitters/project/generated/story_pageGfx_0x211990.cpp.obj
story_pageGfx_0x211990.cpp
[ 93%] Building CXX object timesplitters/CMakeFiles/timesplitters.dir/D_/Programming/GitHub/Timesplitters/project/generated/story_pageTick_0x2119c8.cpp.obj
story_pageTick_0x2119c8.cpp
[ 93%] Building CXX object timesplitters/CMakeFiles/timesplitters.dir/D_/Programming/GitHub/Timesplitters/project/generated/story_pageTick_0x23bee8.cpp.obj
story_pageTick_0x23bee8.cpp
[ 93%] Building CXX object timesplitters/CMakeFiles/timesplitters.dir/D_/Programming/GitHub/Timesplitters/project/generated/storychr_pageDraw_0x23ba08.cpp.obj
storychr_pageDraw_0x23ba08.cpp
[ 93%] Building CXX object timesplitters/CMakeFiles/timesplitters.dir/D_/Programming/GitHub/Timesplitters/project/generated/storychr_pageTick_0x23ba38.cpp.obj
storychr_pageTick_0x23ba38.cpp
[ 93%] Building CXX object timesplitters/CMakeFiles/timesplitters.dir/D_/Programming/GitHub/Timesplitters/project/generated/storychrsel_pageDraw_0x23b550.cpp.obj
storychrsel_pageDraw_0x23b550.cpp
[ 93%] Building CXX object timesplitters/CMakeFiles/timesplitters.dir/D_/Programming/GitHub/Timesplitters/project/generated/storychrsel_pageTick_0x23b630.cpp.obj
storychrsel_pageTick_0x23b630.cpp
[ 93%] Building CXX object timesplitters/CMakeFiles/timesplitters.dir/D_/Programming/GitHub/Timesplitters/project/generated/strcasecmp_0x2e5aa8.cpp.obj
strcasecmp_0x2e5aa8.cpp
[ 93%] Building CXX object timesplitters/CMakeFiles/timesplitters.dir/D_/Programming/GitHub/Timesplitters/project/generated/strcat_0x2e5b5c.cpp.obj
strcat_0x2e5b5c.cpp
[ 93%] Building CXX object timesplitters/CMakeFiles/timesplitters.dir/D_/Programming/GitHub/Timesplitters/project/generated/strchr_0x2e5c88.cpp.obj
strchr_0x2e5c88.cpp
[ 93%] Building CXX object timesplitters/CMakeFiles/timesplitters.dir/D_/Programming/GitHub/Timesplitters/project/generated/strcmp_0x2e5e18.cpp.obj
strcmp_0x2e5e18.cpp
[ 93%] Building CXX object timesplitters/CMakeFiles/timesplitters.dir/D_/Programming/GitHub/Timesplitters/project/generated/strcpy_0x2e5f5c.cpp.obj
strcpy_0x2e5f5c.cpp
[ 93%] Building CXX object timesplitters/CMakeFiles/timesplitters.dir/D_/Programming/GitHub/Timesplitters/project/generated/stream_RPC_0x205de8.cpp.obj
stream_RPC_0x205de8.cpp
[ 93%] Building CXX object timesplitters/CMakeFiles/timesplitters.dir/D_/Programming/GitHub/Timesplitters/project/generated/stream_RPCinit_0x205d88.cpp.obj
stream_RPCinit_0x205d88.cpp
[ 93%] Building CXX object timesplitters/CMakeFiles/timesplitters.dir/D_/Programming/GitHub/Timesplitters/project/generated/streamersPropTick_0x278d48.cpp.obj
streamersPropTick_0x278d48.cpp
[ 93%] Building CXX object timesplitters/CMakeFiles/timesplitters.dir/D_/Programming/GitHub/Timesplitters/project/generated/stringeditDraw_0x22f0f0.cpp.obj
stringeditDraw_0x22f0f0.cpp
[ 93%] Building CXX object timesplitters/CMakeFiles/timesplitters.dir/D_/Programming/GitHub/Timesplitters/project/generated/stringeditSet_0x22fed8.cpp.obj
stringeditSet_0x22fed8.cpp
[ 93%] Building CXX object timesplitters/CMakeFiles/timesplitters.dir/D_/Programming/GitHub/Timesplitters/project/generated/stringeditStart_0x22fd98.cpp.obj
stringeditStart_0x22fd98.cpp
[ 93%] Building CXX object timesplitters/CMakeFiles/timesplitters.dir/D_/Programming/GitHub/Timesplitters/project/generated/stringeditTick_0x22f820.cpp.obj
stringeditTick_0x22f820.cpp
[ 93%] Building CXX object timesplitters/CMakeFiles/timesplitters.dir/D_/Programming/GitHub/Timesplitters/project/generated/strlen_0x2e6070.cpp.obj
strlen_0x2e6070.cpp
[ 93%] Building CXX object timesplitters/CMakeFiles/timesplitters.dir/D_/Programming/GitHub/Timesplitters/project/generated/strncmp_0x2e61a8.cpp.obj
strncmp_0x2e61a8.cpp
[ 93%] Building CXX object timesplitters/CMakeFiles/timesplitters.dir/D_/Programming/GitHub/Timesplitters/project/generated/strncpy_0x2e6360.cpp.obj
strncpy_0x2e6360.cpp
[ 93%] Building CXX object timesplitters/CMakeFiles/timesplitters.dir/D_/Programming/GitHub/Timesplitters/project/generated/strtod_0x2ee3d0.cpp.obj
strtod_0x2ee3d0.cpp
[ 94%] Building CXX object timesplitters/CMakeFiles/timesplitters.dir/D_/Programming/GitHub/Timesplitters/project/generated/strtodf_0x2ee400.cpp.obj
strtodf_0x2ee400.cpp
[ 94%] Building CXX object timesplitters/CMakeFiles/timesplitters.dir/D_/Programming/GitHub/Timesplitters/project/generated/strtol_0x2e6758.cpp.obj
strtol_0x2e6758.cpp
[ 94%] Building CXX object timesplitters/CMakeFiles/timesplitters.dir/D_/Programming/GitHub/Timesplitters/project/generated/strtoul_0x2ee648.cpp.obj
strtoul_0x2ee648.cpp
[ 94%] Building CXX object timesplitters/CMakeFiles/timesplitters.dir/D_/Programming/GitHub/Timesplitters/project/generated/sub_00280014_0x280014.cpp.obj
sub_00280014_0x280014.cpp
[ 94%] Building CXX object timesplitters/CMakeFiles/timesplitters.dir/D_/Programming/GitHub/Timesplitters/project/generated/subdate_0x2e0ef8.cpp.obj
subdate_0x2e0ef8.cpp
[ 94%] Building CXX object timesplitters/CMakeFiles/timesplitters.dir/D_/Programming/GitHub/Timesplitters/project/generated/subhour_0x2e1040.cpp.obj
subhour_0x2e1040.cpp
[ 94%] Building CXX object timesplitters/CMakeFiles/timesplitters.dir/D_/Programming/GitHub/Timesplitters/project/generated/suggestTarget_0x2c5e68.cpp.obj
suggestTarget_0x2c5e68.cpp
[ 94%] Building CXX object timesplitters/CMakeFiles/timesplitters.dir/D_/Programming/GitHub/Timesplitters/project/generated/swingProp_0x27a228.cpp.obj
swingProp_0x27a228.cpp
[ 94%] Building CXX object timesplitters/CMakeFiles/timesplitters.dir/D_/Programming/GitHub/Timesplitters/project/generated/tanf_0x2d7488.cpp.obj
tanf_0x2d7488.cpp
[ 94%] Building CXX object timesplitters/CMakeFiles/timesplitters.dir/D_/Programming/GitHub/Timesplitters/project/generated/taxiDamage_0x2775c0.cpp.obj
taxiDamage_0x2775c0.cpp
[ 94%] Building CXX object timesplitters/CMakeFiles/timesplitters.dir/D_/Programming/GitHub/Timesplitters/project/generated/teamGetScore_0x289078.cpp.obj
teamGetScore_0x289078.cpp
[ 94%] Building CXX object timesplitters/CMakeFiles/timesplitters.dir/D_/Programming/GitHub/Timesplitters/project/generated/testanims_0x283e90.cpp.obj
testanims_0x283e90.cpp
[ 94%] Building CXX object timesplitters/CMakeFiles/timesplitters.dir/D_/Programming/GitHub/Timesplitters/project/generated/testmap_pageDraw_0x24cea0.cpp.obj
testmap_pageDraw_0x24cea0.cpp
[ 94%] Building CXX object timesplitters/CMakeFiles/timesplitters.dir/D_/Programming/GitHub/Timesplitters/project/generated/testmap_pageTick_0x24cfd8.cpp.obj
testmap_pageTick_0x24cfd8.cpp
[ 94%] Building CXX object timesplitters/CMakeFiles/timesplitters.dir/D_/Programming/GitHub/Timesplitters/project/generated/testspecialfillets_0x264020.cpp.obj
testspecialfillets_0x264020.cpp
[ 94%] Building CXX object timesplitters/CMakeFiles/timesplitters.dir/D_/Programming/GitHub/Timesplitters/project/generated/texinfoRelocate_0x25eb30.cpp.obj
texinfoRelocate_0x25eb30.cpp
[ 94%] Building CXX object timesplitters/CMakeFiles/timesplitters.dir/D_/Programming/GitHub/Timesplitters/project/generated/textEnd_0x202268.cpp.obj
textEnd_0x202268.cpp
[ 94%] Building CXX object timesplitters/CMakeFiles/timesplitters.dir/D_/Programming/GitHub/Timesplitters/project/generated/textHeight_0x202a60.cpp.obj
textHeight_0x202a60.cpp
[ 94%] Building CXX object timesplitters/CMakeFiles/timesplitters.dir/D_/Programming/GitHub/Timesplitters/project/generated/textOutline_0x2023b0.cpp.obj
textOutline_0x2023b0.cpp
[ 94%] Building CXX object timesplitters/CMakeFiles/timesplitters.dir/D_/Programming/GitHub/Timesplitters/project/generated/textPreload_0x201fa8.cpp.obj
textPreload_0x201fa8.cpp
[ 94%] Building CXX object timesplitters/CMakeFiles/timesplitters.dir/D_/Programming/GitHub/Timesplitters/project/generated/textPrint_0x2024f0.cpp.obj
textPrint_0x2024f0.cpp
[ 94%] Building CXX object timesplitters/CMakeFiles/timesplitters.dir/D_/Programming/GitHub/Timesplitters/project/generated/textReset_0x2020b0.cpp.obj
textReset_0x2020b0.cpp
[ 94%] Building CXX object timesplitters/CMakeFiles/timesplitters.dir/D_/Programming/GitHub/Timesplitters/project/generated/textRestart_0x202010.cpp.obj
textRestart_0x202010.cpp
[ 94%] Building CXX object timesplitters/CMakeFiles/timesplitters.dir/D_/Programming/GitHub/Timesplitters/project/generated/textSelect_0x202270.cpp.obj
textSelect_0x202270.cpp
[ 94%] Building CXX object timesplitters/CMakeFiles/timesplitters.dir/D_/Programming/GitHub/Timesplitters/project/generated/textSize_0x202a88.cpp.obj
textSize_0x202a88.cpp
[ 94%] Building CXX object timesplitters/CMakeFiles/timesplitters.dir/D_/Programming/GitHub/Timesplitters/project/generated/textWidth_0x202a38.cpp.obj
textWidth_0x202a38.cpp
[ 94%] Building CXX object timesplitters/CMakeFiles/timesplitters.dir/D_/Programming/GitHub/Timesplitters/project/generated/text_data_split_0x2cde08.cpp.obj
text_data_split_0x2cde08.cpp
[ 94%] Building CXX object timesplitters/CMakeFiles/timesplitters.dir/D_/Programming/GitHub/Timesplitters/project/generated/tickRetryQuit_0x2108b8.cpp.obj
tickRetryQuit_0x2108b8.cpp
[ 94%] Building CXX object timesplitters/CMakeFiles/timesplitters.dir/D_/Programming/GitHub/Timesplitters/project/generated/tileset_onchange_0x23ab28.cpp.obj
tileset_onchange_0x23ab28.cpp
[ 95%] Building CXX object timesplitters/CMakeFiles/timesplitters.dir/D_/Programming/GitHub/Timesplitters/project/generated/timeGetPause_0x2b6850.cpp.obj
timeGetPause_0x2b6850.cpp
[ 95%] Building CXX object timesplitters/CMakeFiles/timesplitters.dir/D_/Programming/GitHub/Timesplitters/project/generated/timeGet_0x2b6688.cpp.obj
timeGet_0x2b6688.cpp
[ 95%] Building CXX object timesplitters/CMakeFiles/timesplitters.dir/D_/Programming/GitHub/Timesplitters/project/generated/timeMake_0x2b6630.cpp.obj
timeMake_0x2b6630.cpp
[ 95%] Building CXX object timesplitters/CMakeFiles/timesplitters.dir/D_/Programming/GitHub/Timesplitters/project/generated/timePause_0x2b6818.cpp.obj
timePause_0x2b6818.cpp
[ 95%] Building CXX object timesplitters/CMakeFiles/timesplitters.dir/D_/Programming/GitHub/Timesplitters/project/generated/timeTickEnd_0x2b6860.cpp.obj
timeTickEnd_0x2b6860.cpp
[ 95%] Building CXX object timesplitters/CMakeFiles/timesplitters.dir/D_/Programming/GitHub/Timesplitters/project/generated/timeTickRetrace_0x2b6650.cpp.obj
timeTickRetrace_0x2b6650.cpp
[ 95%] Building CXX object timesplitters/CMakeFiles/timesplitters.dir/D_/Programming/GitHub/Timesplitters/project/generated/timeTickStart_0x2b66e8.cpp.obj
timeTickStart_0x2b66e8.cpp
[ 95%] Building CXX object timesplitters/CMakeFiles/timesplitters.dir/D_/Programming/GitHub/Timesplitters/project/generated/timerEnd_0x2cdd50.cpp.obj
timerEnd_0x2cdd50.cpp
[ 95%] Building CXX object timesplitters/CMakeFiles/timesplitters.dir/D_/Programming/GitHub/Timesplitters/project/generated/timerNew_0x2cdb08.cpp.obj
timerNew_0x2cdb08.cpp
[ 95%] Building CXX object timesplitters/CMakeFiles/timesplitters.dir/D_/Programming/GitHub/Timesplitters/project/generated/timerRelease_0x2cdd58.cpp.obj
timerRelease_0x2cdd58.cpp
[ 95%] Building CXX object timesplitters/CMakeFiles/timesplitters.dir/D_/Programming/GitHub/Timesplitters/project/generated/timerReset_0x2cdb00.cpp.obj
timerReset_0x2cdb00.cpp
[ 95%] Building CXX object timesplitters/CMakeFiles/timesplitters.dir/D_/Programming/GitHub/Timesplitters/project/generated/timerRestart_0x2cdaf8.cpp.obj
timerRestart_0x2cdaf8.cpp
[ 95%] Building CXX object timesplitters/CMakeFiles/timesplitters.dir/D_/Programming/GitHub/Timesplitters/project/generated/timerTick_0x2cdbc0.cpp.obj
timerTick_0x2cdbc0.cpp
[ 95%] Building CXX object timesplitters/CMakeFiles/timesplitters.dir/D_/Programming/GitHub/Timesplitters/project/generated/tlhAdjustChrPosition_0x2365b8.cpp.obj
tlhAdjustChrPosition_0x2365b8.cpp
[ 95%] Building CXX object timesplitters/CMakeFiles/timesplitters.dir/D_/Programming/GitHub/Timesplitters/project/generated/tobcd_0x2e0c40.cpp.obj
tobcd_0x2e0c40.cpp
[ 95%] Building CXX object timesplitters/CMakeFiles/timesplitters.dir/D_/Programming/GitHub/Timesplitters/project/generated/togglecollisions_0x20d7d0.cpp.obj
togglecollisions_0x20d7d0.cpp
[ 95%] Building CXX object timesplitters/CMakeFiles/timesplitters.dir/D_/Programming/GitHub/Timesplitters/project/generated/toggledebug_0x20c940.cpp.obj
toggledebug_0x20c940.cpp
[ 95%] Building CXX object timesplitters/CMakeFiles/timesplitters.dir/D_/Programming/GitHub/Timesplitters/project/generated/toggledisplayperfstats_0x20d828.cpp.obj
toggledisplayperfstats_0x20d828.cpp
[ 95%] Building CXX object timesplitters/CMakeFiles/timesplitters.dir/D_/Programming/GitHub/Timesplitters/project/generated/toggledisplaypos_0x20d6e0.cpp.obj
toggledisplaypos_0x20d6e0.cpp
[ 95%] Building CXX object timesplitters/CMakeFiles/timesplitters.dir/D_/Programming/GitHub/Timesplitters/project/generated/toggledisplayrooms_0x20d840.cpp.obj
toggledisplayrooms_0x20d840.cpp
[ 95%] Building CXX object timesplitters/CMakeFiles/timesplitters.dir/D_/Programming/GitHub/Timesplitters/project/generated/toggledisplayspeed_0x20d810.cpp.obj
toggledisplayspeed_0x20d810.cpp
[ 95%] Building CXX object timesplitters/CMakeFiles/timesplitters.dir/D_/Programming/GitHub/Timesplitters/project/generated/toggleinvincible_0x20d750.cpp.obj
toggleinvincible_0x20d750.cpp
[ 95%] Building CXX object timesplitters/CMakeFiles/timesplitters.dir/D_/Programming/GitHub/Timesplitters/project/generated/toggleinvisible_0x20d798.cpp.obj
toggleinvisible_0x20d798.cpp
[ 95%] Building CXX object timesplitters/CMakeFiles/timesplitters.dir/D_/Programming/GitHub/Timesplitters/project/generated/togglepadlinkedit_0x20da40.cpp.obj
togglepadlinkedit_0x20da40.cpp
[ 95%] Building CXX object timesplitters/CMakeFiles/timesplitters.dir/D_/Programming/GitHub/Timesplitters/project/generated/togglepropedit_0x20da78.cpp.obj
togglepropedit_0x20da78.cpp
[ 95%] Building CXX object timesplitters/CMakeFiles/timesplitters.dir/D_/Programming/GitHub/Timesplitters/project/generated/toggleturtlecpu_0x20daf0.cpp.obj
toggleturtlecpu_0x20daf0.cpp
[ 95%] Building CXX object timesplitters/CMakeFiles/timesplitters.dir/D_/Programming/GitHub/Timesplitters/project/generated/toggleturtlegs_0x20db08.cpp.obj
toggleturtlegs_0x20db08.cpp
[ 95%] Building CXX object timesplitters/CMakeFiles/timesplitters.dir/D_/Programming/GitHub/Timesplitters/project/generated/toggleviewbg_0x20da08.cpp.obj
toggleviewbg_0x20da08.cpp
[ 95%] Building CXX object timesplitters/CMakeFiles/timesplitters.dir/D_/Programming/GitHub/Timesplitters/project/generated/toggleviewfloors_0x20d928.cpp.obj
toggleviewfloors_0x20d928.cpp
[ 95%] Building CXX object timesplitters/CMakeFiles/timesplitters.dir/D_/Programming/GitHub/Timesplitters/project/generated/toggleviewguns_0x20d9d0.cpp.obj
toggleviewguns_0x20d9d0.cpp
[ 96%] Building CXX object timesplitters/CMakeFiles/timesplitters.dir/D_/Programming/GitHub/Timesplitters/project/generated/toggleviewportalrects_0x20d8f0.cpp.obj
toggleviewportalrects_0x20d8f0.cpp
[ 96%] Building CXX object timesplitters/CMakeFiles/timesplitters.dir/D_/Programming/GitHub/Timesplitters/project/generated/toggleviewportals_0x20d8b8.cpp.obj
toggleviewportals_0x20d8b8.cpp
[ 96%] Building CXX object timesplitters/CMakeFiles/timesplitters.dir/D_/Programming/GitHub/Timesplitters/project/generated/toggleviewvolumes_0x20d998.cpp.obj
toggleviewvolumes_0x20d998.cpp
[ 96%] Building CXX object timesplitters/CMakeFiles/timesplitters.dir/D_/Programming/GitHub/Timesplitters/project/generated/toggleviewwalls_0x20d960.cpp.obj
toggleviewwalls_0x20d960.cpp
[ 96%] Building CXX object timesplitters/CMakeFiles/timesplitters.dir/D_/Programming/GitHub/Timesplitters/project/generated/tombtorchPropTick_0x27beb0.cpp.obj
tombtorchPropTick_0x27beb0.cpp
[ 96%] Building CXX object timesplitters/CMakeFiles/timesplitters.dir/D_/Programming/GitHub/Timesplitters/project/generated/topmenuGfx_0x20dd58.cpp.obj
topmenuGfx_0x20dd58.cpp
[ 96%] Building CXX object timesplitters/CMakeFiles/timesplitters.dir/D_/Programming/GitHub/Timesplitters/project/generated/topmenuTick_0x20dc48.cpp.obj
topmenuTick_0x20dc48.cpp
[ 96%] Building CXX object timesplitters/CMakeFiles/timesplitters.dir/D_/Programming/GitHub/Timesplitters/project/generated/torchGfx_0x2a6b70.cpp.obj
torchGfx_0x2a6b70.cpp
[ 96%] Building CXX object timesplitters/CMakeFiles/timesplitters.dir/D_/Programming/GitHub/Timesplitters/project/generated/trackTarget_0x2c0510.cpp.obj
trackTarget_0x2c0510.cpp
[ 96%] Building CXX object timesplitters/CMakeFiles/timesplitters.dir/D_/Programming/GitHub/Timesplitters/project/generated/transformHead_0x2634c8.cpp.obj
transformHead_0x2634c8.cpp
[ 96%] Building CXX object timesplitters/CMakeFiles/timesplitters.dir/D_/Programming/GitHub/Timesplitters/project/generated/transformPart_0x263110.cpp.obj
transformPart_0x263110.cpp
[ 96%] Building CXX object timesplitters/CMakeFiles/timesplitters.dir/D_/Programming/GitHub/Timesplitters/project/generated/trigMake_0x2b6930.cpp.obj
trigMake_0x2b6930.cpp
[ 96%] Building CXX object timesplitters/CMakeFiles/timesplitters.dir/D_/Programming/GitHub/Timesplitters/project/generated/u322clock_0x2b3a88.cpp.obj
u322clock_0x2b3a88.cpp
[ 96%] Building CXX object timesplitters/CMakeFiles/timesplitters.dir/D_/Programming/GitHub/Timesplitters/project/generated/ungetc_0x2ee770.cpp.obj
ungetc_0x2ee770.cpp
[ 96%] Building CXX object timesplitters/CMakeFiles/timesplitters.dir/D_/Programming/GitHub/Timesplitters/project/generated/unlink_0x2d0878.cpp.obj
unlink_0x2d0878.cpp
[ 96%] Building CXX object timesplitters/CMakeFiles/timesplitters.dir/D_/Programming/GitHub/Timesplitters/project/generated/unlockedEx_0x2251a8.cpp.obj
unlockedEx_0x2251a8.cpp
[ 96%] Building CXX object timesplitters/CMakeFiles/timesplitters.dir/D_/Programming/GitHub/Timesplitters/project/generated/unlockedset_0x225138.cpp.obj
unlockedset_0x225138.cpp
[ 96%] Building CXX object timesplitters/CMakeFiles/timesplitters.dir/D_/Programming/GitHub/Timesplitters/project/generated/updateData_0x276270.cpp.obj
updateData_0x276270.cpp
[ 96%] Building CXX object timesplitters/CMakeFiles/timesplitters.dir/D_/Programming/GitHub/Timesplitters/project/generated/updateDir_0x24d2d8.cpp.obj
updateDir_0x24d2d8.cpp
[ 96%] Building CXX object timesplitters/CMakeFiles/timesplitters.dir/D_/Programming/GitHub/Timesplitters/project/generated/updateFuse_0x292118.cpp.obj
updateFuse_0x292118.cpp
[ 96%] Building CXX object timesplitters/CMakeFiles/timesplitters.dir/D_/Programming/GitHub/Timesplitters/project/generated/updateNPCPadPos_0x2bfc28.cpp.obj
updateNPCPadPos_0x2bfc28.cpp
[ 96%] Building CXX object timesplitters/CMakeFiles/timesplitters.dir/D_/Programming/GitHub/Timesplitters/project/generated/updatePlayerPadPos_0x2bf830.cpp.obj
updatePlayerPadPos_0x2bf830.cpp
[ 96%] Building CXX object timesplitters/CMakeFiles/timesplitters.dir/D_/Programming/GitHub/Timesplitters/project/generated/updatePos_0x2bbcf8.cpp.obj
updatePos_0x2bbcf8.cpp
[ 96%] Building CXX object timesplitters/CMakeFiles/timesplitters.dir/D_/Programming/GitHub/Timesplitters/project/generated/updateProximityProps_0x289638.cpp.obj
updateProximityProps_0x289638.cpp
[ 96%] Building CXX object timesplitters/CMakeFiles/timesplitters.dir/D_/Programming/GitHub/Timesplitters/project/generated/updateShotgunReload_0x291d38.cpp.obj
updateShotgunReload_0x291d38.cpp
[ 96%] Building CXX object timesplitters/CMakeFiles/timesplitters.dir/D_/Programming/GitHub/Timesplitters/project/generated/updateTeamFlags_0x288e40.cpp.obj
updateTeamFlags_0x288e40.cpp
[ 96%] Building CXX object timesplitters/CMakeFiles/timesplitters.dir/D_/Programming/GitHub/Timesplitters/project/generated/v3NormalizeFaster_0x25a668.cpp.obj
v3NormalizeFaster_0x25a668.cpp
[ 96%] Building CXX object timesplitters/CMakeFiles/timesplitters.dir/D_/Programming/GitHub/Timesplitters/project/generated/v3Normalize_0x25a5b8.cpp.obj
v3Normalize_0x25a5b8.cpp
[ 96%] Building CXX object timesplitters/CMakeFiles/timesplitters.dir/D_/Programming/GitHub/Timesplitters/project/generated/vafmt_0x2b4868.cpp.obj
vafmt_0x2b4868.cpp
[ 97%] Building CXX object timesplitters/CMakeFiles/timesplitters.dir/D_/Programming/GitHub/Timesplitters/project/generated/vblIntHandler_0x201198.cpp.obj
vblIntHandler_0x201198.cpp
[ 97%] Building CXX object timesplitters/CMakeFiles/timesplitters.dir/D_/Programming/GitHub/Timesplitters/project/generated/vfiprintf_0x2e6890.cpp.obj
vfiprintf_0x2e6890.cpp
[ 97%] Building CXX object timesplitters/CMakeFiles/timesplitters.dir/D_/Programming/GitHub/Timesplitters/project/generated/vfprintf_0x2e75d8.cpp.obj
vfprintf_0x2e75d8.cpp
[ 97%] Building CXX object timesplitters/CMakeFiles/timesplitters.dir/D_/Programming/GitHub/Timesplitters/project/generated/vibmode_onchange_0x20f870.cpp.obj
vibmode_onchange_0x20f870.cpp
[ 97%] Building CXX object timesplitters/CMakeFiles/timesplitters.dir/D_/Programming/GitHub/Timesplitters/project/generated/vibration_onchange_0x20f838.cpp.obj
vibration_onchange_0x20f838.cpp
[ 97%] Building CXX object timesplitters/CMakeFiles/timesplitters.dir/D_/Programming/GitHub/Timesplitters/project/generated/viewTick_0x20c100.cpp.obj
viewTick_0x20c100.cpp
[ 97%] Building CXX object timesplitters/CMakeFiles/timesplitters.dir/D_/Programming/GitHub/Timesplitters/project/generated/vsprintf_0x2e9a08.cpp.obj
vsprintf_0x2e9a08.cpp
[ 97%] Building CXX object timesplitters/CMakeFiles/timesplitters.dir/D_/Programming/GitHub/Timesplitters/project/generated/vtxlistWaterst_0x278998.cpp.obj
vtxlistWaterst_0x278998.cpp
[ 97%] Building CXX object timesplitters/CMakeFiles/timesplitters.dir/D_/Programming/GitHub/Timesplitters/project/generated/vtxlistWaterxyzPre_0x278400.cpp.obj
vtxlistWaterxyzPre_0x278400.cpp
[ 97%] Building CXX object timesplitters/CMakeFiles/timesplitters.dir/D_/Programming/GitHub/Timesplitters/project/generated/vtxlistWaterxyz_0x278888.cpp.obj
vtxlistWaterxyz_0x278888.cpp
[ 97%] Building CXX object timesplitters/CMakeFiles/timesplitters.dir/D_/Programming/GitHub/Timesplitters/project/generated/vtxlistcolour_0x2a7a50.cpp.obj
vtxlistcolour_0x2a7a50.cpp
[ 97%] Building CXX object timesplitters/CMakeFiles/timesplitters.dir/D_/Programming/GitHub/Timesplitters/project/generated/waterPropNew_0x278aa0.cpp.obj
waterPropNew_0x278aa0.cpp
[ 97%] Building CXX object timesplitters/CMakeFiles/timesplitters.dir/D_/Programming/GitHub/Timesplitters/project/generated/waterPropTick_0x278bb0.cpp.obj
waterPropTick_0x278bb0.cpp
[ 97%] Building CXX object timesplitters/CMakeFiles/timesplitters.dir/D_/Programming/GitHub/Timesplitters/project/generated/waterfallPropTick_0x27b0d0.cpp.obj
waterfallPropTick_0x27b0d0.cpp
[ 97%] Building CXX object timesplitters/CMakeFiles/timesplitters.dir/D_/Programming/GitHub/Timesplitters/project/generated/weaponSetDec_0x232df0.cpp.obj
weaponSetDec_0x232df0.cpp
[ 97%] Building CXX object timesplitters/CMakeFiles/timesplitters.dir/D_/Programming/GitHub/Timesplitters/project/generated/weaponSetInc_0x232e68.cpp.obj
weaponSetInc_0x232e68.cpp
[ 97%] Building CXX object timesplitters/CMakeFiles/timesplitters.dir/D_/Programming/GitHub/Timesplitters/project/generated/weapons_pageDraw_0x232ed8.cpp.obj
weapons_pageDraw_0x232ed8.cpp
[ 97%] Building CXX object timesplitters/CMakeFiles/timesplitters.dir/D_/Programming/GitHub/Timesplitters/project/generated/weapons_pageTick_0x2333f0.cpp.obj
weapons_pageTick_0x2333f0.cpp
[ 97%] Building CXX object timesplitters/CMakeFiles/timesplitters.dir/D_/Programming/GitHub/Timesplitters/project/generated/weaponsetAvail_0x232d90.cpp.obj
weaponsetAvail_0x232d90.cpp
[ 97%] Building CXX object timesplitters/CMakeFiles/timesplitters.dir/D_/Programming/GitHub/Timesplitters/project/generated/weatherCalcPositionalTime_0x2a8078.cpp.obj
weatherCalcPositionalTime_0x2a8078.cpp
[ 97%] Building CXX object timesplitters/CMakeFiles/timesplitters.dir/D_/Programming/GitHub/Timesplitters/project/generated/weatherCalcWindAtTime_0x2a80c8.cpp.obj
weatherCalcWindAtTime_0x2a80c8.cpp
[ 97%] Building CXX object timesplitters/CMakeFiles/timesplitters.dir/D_/Programming/GitHub/Timesplitters/project/generated/weatherCalcWindStrengthInDir_0x2a8488.cpp.obj
weatherCalcWindStrengthInDir_0x2a8488.cpp
[ 97%] Building CXX object timesplitters/CMakeFiles/timesplitters.dir/D_/Programming/GitHub/Timesplitters/project/generated/weatherGetWindAtPosition_0x2a8450.cpp.obj
weatherGetWindAtPosition_0x2a8450.cpp
[ 97%] Building CXX object timesplitters/CMakeFiles/timesplitters.dir/D_/Programming/GitHub/Timesplitters/project/generated/weatherGfx_0x2a8620.cpp.obj
weatherGfx_0x2a8620.cpp
[ 97%] Building CXX object timesplitters/CMakeFiles/timesplitters.dir/D_/Programming/GitHub/Timesplitters/project/generated/weatherPreload_0x2a8010.cpp.obj
weatherPreload_0x2a8010.cpp
[ 97%] Building CXX object timesplitters/CMakeFiles/timesplitters.dir/D_/Programming/GitHub/Timesplitters/project/generated/weatherReset_0x2a8030.cpp.obj
weatherReset_0x2a8030.cpp
[ 97%] Building CXX object timesplitters/CMakeFiles/timesplitters.dir/D_/Programming/GitHub/Timesplitters/project/generated/weatherRestart_0x2a8018.cpp.obj
weatherRestart_0x2a8018.cpp
[ 97%] Building CXX object timesplitters/CMakeFiles/timesplitters.dir/D_/Programming/GitHub/Timesplitters/project/generated/weatherSet_0x2a8038.cpp.obj
weatherSet_0x2a8038.cpp
[ 97%] Building CXX object timesplitters/CMakeFiles/timesplitters.dir/D_/Programming/GitHub/Timesplitters/project/generated/weatherTick_0x2a84f0.cpp.obj
weatherTick_0x2a84f0.cpp
[ 97%] Building CXX object timesplitters/CMakeFiles/timesplitters.dir/D_/Programming/GitHub/Timesplitters/project/generated/windowEnd_0x20c418.cpp.obj
windowEnd_0x20c418.cpp
[ 98%] Building CXX object timesplitters/CMakeFiles/timesplitters.dir/D_/Programming/GitHub/Timesplitters/project/generated/windowGfx_0x20c7e8.cpp.obj
windowGfx_0x20c7e8.cpp
[ 98%] Building CXX object timesplitters/CMakeFiles/timesplitters.dir/D_/Programming/GitHub/Timesplitters/project/generated/windowMake_0x20c328.cpp.obj
windowMake_0x20c328.cpp
[ 98%] Building CXX object timesplitters/CMakeFiles/timesplitters.dir/D_/Programming/GitHub/Timesplitters/project/generated/windowReset_0x20c410.cpp.obj
windowReset_0x20c410.cpp
[ 98%] Building CXX object timesplitters/CMakeFiles/timesplitters.dir/D_/Programming/GitHub/Timesplitters/project/generated/windowRestart_0x20c378.cpp.obj
windowRestart_0x20c378.cpp
[ 98%] Building CXX object timesplitters/CMakeFiles/timesplitters.dir/D_/Programming/GitHub/Timesplitters/project/generated/windowSave_0x20c518.cpp.obj
windowSave_0x20c518.cpp
[ 98%] Building CXX object timesplitters/CMakeFiles/timesplitters.dir/D_/Programming/GitHub/Timesplitters/project/generated/windowSet_0x20c420.cpp.obj
windowSet_0x20c420.cpp
[ 98%] Building CXX object timesplitters/CMakeFiles/timesplitters.dir/D_/Programming/GitHub/Timesplitters/project/generated/windowSwitch_0x20c5d0.cpp.obj
windowSwitch_0x20c5d0.cpp
[ 98%] Building CXX object timesplitters/CMakeFiles/timesplitters.dir/D_/Programming/GitHub/Timesplitters/project/generated/windowTick_0x20c7e0.cpp.obj
windowTick_0x20c7e0.cpp
[ 98%] Building CXX object timesplitters/CMakeFiles/timesplitters.dir/D_/Programming/GitHub/Timesplitters/project/generated/wpchange_onchange_0x20f820.cpp.obj
wpchange_onchange_0x20f820.cpp
[ 98%] Building CXX object timesplitters/CMakeFiles/timesplitters.dir/D_/Programming/GitHub/Timesplitters/project/generated/write_0x2d0620.cpp.obj
write_0x2d0620.cpp
[ 98%] Building CXX object timesplitters/CMakeFiles/timesplitters.dir/D_/Programming/GitHub/Timesplitters/project/generated/zbDump_0x2b6928.cpp.obj
zbDump_0x2b6928.cpp
[ 98%] Building CXX object timesplitters/CMakeFiles/timesplitters.dir/D_/Programming/GitHub/Timesplitters/project/generated/zbtestAddPoint_0x2a6e60.cpp.obj
zbtestAddPoint_0x2a6e60.cpp
[ 98%] Building CXX object timesplitters/CMakeFiles/timesplitters.dir/D_/Programming/GitHub/Timesplitters/project/generated/zbtestAdvanceAddPtr_0x2a7008.cpp.obj
zbtestAdvanceAddPtr_0x2a7008.cpp
[ 98%] Building CXX object timesplitters/CMakeFiles/timesplitters.dir/D_/Programming/GitHub/Timesplitters/project/generated/zbtestAdvanceDrawPtr_0x2a7058.cpp.obj
zbtestAdvanceDrawPtr_0x2a7058.cpp
[ 98%] Building CXX object timesplitters/CMakeFiles/timesplitters.dir/D_/Programming/GitHub/Timesplitters/project/generated/zbtestAdvanceTestPtr_0x2a7030.cpp.obj
zbtestAdvanceTestPtr_0x2a7030.cpp
[ 98%] Building CXX object timesplitters/CMakeFiles/timesplitters.dir/D_/Programming/GitHub/Timesplitters/project/generated/zbtestCopyZB_0x2a70a0.cpp.obj
zbtestCopyZB_0x2a70a0.cpp
[ 98%] Building CXX object timesplitters/CMakeFiles/timesplitters.dir/D_/Programming/GitHub/Timesplitters/project/generated/zbtestDoTest_0x2a7108.cpp.obj
zbtestDoTest_0x2a7108.cpp
[ 98%] Building CXX object timesplitters/CMakeFiles/timesplitters.dir/D_/Programming/GitHub/Timesplitters/project/generated/zbtestDrawFlareFx_0x2a6f50.cpp.obj
zbtestDrawFlareFx_0x2a6f50.cpp
[ 98%] Building CXX object timesplitters/CMakeFiles/timesplitters.dir/D_/Programming/GitHub/Timesplitters/project/generated/zbtestDrawGlow_0x2a6ef8.cpp.obj
zbtestDrawGlow_0x2a6ef8.cpp
[ 98%] Building CXX object timesplitters/CMakeFiles/timesplitters.dir/D_/Programming/GitHub/Timesplitters/project/generated/zbtestDrawTorch_0x2a6fa8.cpp.obj
zbtestDrawTorch_0x2a6fa8.cpp
[ 98%] Building CXX object timesplitters/CMakeFiles/timesplitters.dir/D_/Programming/GitHub/Timesplitters/project/generated/zbtestEndAddGlow_0x2a6e28.cpp.obj
zbtestEndAddGlow_0x2a6e28.cpp
[ 98%] Building CXX object timesplitters/CMakeFiles/timesplitters.dir/D_/Programming/GitHub/Timesplitters/project/generated/zbtestEnd_0x2a6790.cpp.obj
zbtestEnd_0x2a6790.cpp
[ 98%] Building CXX object timesplitters/CMakeFiles/timesplitters.dir/D_/Programming/GitHub/Timesplitters/project/generated/zbtestGetVisibleBias_0x2a7188.cpp.obj
zbtestGetVisibleBias_0x2a7188.cpp
[ 98%] Building CXX object timesplitters/CMakeFiles/timesplitters.dir/D_/Programming/GitHub/Timesplitters/project/generated/zbtestGfx_0x2a6b78.cpp.obj
zbtestGfx_0x2a6b78.cpp
[ 98%] Building CXX object timesplitters/CMakeFiles/timesplitters.dir/D_/Programming/GitHub/Timesplitters/project/generated/zbtestPreload_0x2a65b8.cpp.obj
zbtestPreload_0x2a65b8.cpp
[ 98%] Building CXX object timesplitters/CMakeFiles/timesplitters.dir/D_/Programming/GitHub/Timesplitters/project/generated/zbtestResetAfter_0x2a6730.cpp.obj
zbtestResetAfter_0x2a6730.cpp
[ 98%] Building CXX object timesplitters/CMakeFiles/timesplitters.dir/D_/Programming/GitHub/Timesplitters/project/generated/zbtestReset_0x2a6640.cpp.obj
zbtestReset_0x2a6640.cpp
[ 98%] Building CXX object timesplitters/CMakeFiles/timesplitters.dir/D_/Programming/GitHub/Timesplitters/project/generated/zbtestRestartAfter_0x2a6728.cpp.obj
zbtestRestartAfter_0x2a6728.cpp
[ 98%] Building CXX object timesplitters/CMakeFiles/timesplitters.dir/D_/Programming/GitHub/Timesplitters/project/generated/zbtestRestart_0x2a6608.cpp.obj
zbtestRestart_0x2a6608.cpp
[100%] Building CXX object timesplitters/CMakeFiles/timesplitters.dir/D_/Programming/GitHub/Timesplitters/project/generated/zbtestStartAddGlow_0x2a6db0.cpp.obj
zbtestStartAddGlow_0x2a6db0.cpp
[100%] Building CXX object timesplitters/CMakeFiles/timesplitters.dir/D_/Programming/GitHub/Timesplitters/project/generated/zoomboxDraw_0x22ed18.cpp.obj
zoomboxDraw_0x22ed18.cpp
[100%] Building CXX object timesplitters/CMakeFiles/timesplitters.dir/D_/Programming/GitHub/Timesplitters/project/generated/zoomboxGfx_0x22f0a0.cpp.obj
zoomboxGfx_0x22f0a0.cpp
[100%] Building CXX object timesplitters/CMakeFiles/timesplitters.dir/D_/Programming/GitHub/Timesplitters/project/generated/zoomboxInit_0x22ef10.cpp.obj
zoomboxInit_0x22ef10.cpp
[100%] Building CXX object timesplitters/CMakeFiles/timesplitters.dir/D_/Programming/GitHub/Timesplitters/project/generated/zoomboxPreload_0x22ece0.cpp.obj
zoomboxPreload_0x22ece0.cpp
[100%] Building CXX object timesplitters/CMakeFiles/timesplitters.dir/D_/Programming/GitHub/Timesplitters/project/generated/zoomboxReset_0x22ecf0.cpp.obj
zoomboxReset_0x22ecf0.cpp
[100%] Building CXX object timesplitters/CMakeFiles/timesplitters.dir/D_/Programming/GitHub/Timesplitters/project/generated/zoomboxSet_0x22ef58.cpp.obj
zoomboxSet_0x22ef58.cpp
[100%] Building CXX object timesplitters/CMakeFiles/timesplitters.dir/D_/Programming/GitHub/Timesplitters/project/generated/zoomboxTick_0x22efd0.cpp.obj
zoomboxTick_0x22efd0.cpp
[100%] Building CXX object timesplitters/CMakeFiles/timesplitters.dir/D_/Programming/GitHub/Timesplitters/project/generated/zoomtileGfx_0x250d88.cpp.obj
zoomtileGfx_0x250d88.cpp
[100%] Building CXX object timesplitters/CMakeFiles/timesplitters.dir/D_/Programming/GitHub/Timesplitters/project/generated/zoomtilePreload_0x2500c8.cpp.obj
zoomtilePreload_0x2500c8.cpp
[100%] Building CXX object timesplitters/CMakeFiles/timesplitters.dir/D_/Programming/GitHub/Timesplitters/project/generated/zoomtileReset_0x2501c8.cpp.obj
zoomtileReset_0x2501c8.cpp
[100%] Building CXX object timesplitters/CMakeFiles/timesplitters.dir/D_/Programming/GitHub/Timesplitters/project/generated/zoomtileSizeToDist_0x250600.cpp.obj
zoomtileSizeToDist_0x250600.cpp
[100%] Building CXX object timesplitters/CMakeFiles/timesplitters.dir/D_/Programming/GitHub/Timesplitters/project/generated/zoomtileTick_0x2506c0.cpp.obj
zoomtileTick_0x2506c0.cpp
[100%] Building CXX object timesplitters/CMakeFiles/timesplitters.dir/D_/Programming/GitHub/Timesplitters/project/generated/zoomtileWindowDest_0x250538.cpp.obj
zoomtileWindowDest_0x250538.cpp
[100%] Building CXX object timesplitters/CMakeFiles/timesplitters.dir/D_/Programming/GitHub/Timesplitters/project/generated/zoomtileWindowTick_0x250558.cpp.obj
zoomtileWindowTick_0x250558.cpp
[100%] Building CXX object timesplitters/CMakeFiles/timesplitters.dir/D_/Programming/GitHub/Timesplitters/project/generated/zoomtileWindow_0x250500.cpp.obj
zoomtileWindow_0x250500.cpp
[100%] Building CXX object timesplitters/CMakeFiles/timesplitters.dir/D_/Programming/GitHub/Timesplitters/project/generated/zoomtileZoomed_0x2505f0.cpp.obj
zoomtileZoomed_0x2505f0.cpp
[100%] Building CXX object timesplitters/CMakeFiles/timesplitters.dir/D_/Programming/GitHub/Timesplitters/project/generated/zoomtile_pageDraw_0x253018.cpp.obj
zoomtile_pageDraw_0x253018.cpp
[100%] Building CXX object timesplitters/CMakeFiles/timesplitters.dir/D_/Programming/GitHub/Timesplitters/project/generated/zoomtile_pageTick_0x253220.cpp.obj
zoomtile_pageTick_0x253220.cpp
[100%] Building CXX object timesplitters/CMakeFiles/timesplitters.dir/main.cpp.obj
main.cpp
[100%] Linking CXX executable timesplitters.exe
[100%] Built target timesplitters
